index,op,latency_us,ok,error
13,get,2736,true,
6,get,3822,true,
5,get,3950,true,
2,get,4239,true,
1,get,4506,true,
3,get,4428,true,
4,get,4515,true,
10,get,4218,true,
0,get,5936,true,
8,get,5538,true,
16,get,18413,true,
107,get,14685,true,
110,get,14561,true,
20,get,18502,true,
70,get,16567,true,
69,get,16681,true,
55,get,16944,true,
103,get,16016,true,
114,get,2033,true,
115,get,1799,true,
76,get,18202,true,
75,get,18292,true,
62,get,18677,true,
125,get,2341,true,
50,get,18997,true,
52,get,19575,true,
134,get,1885,true,
133,get,2205,true,
132,get,2331,true,
135,get,1765,true,
42,get,19949,true,
51,get,19816,true,
38,get,20166,true,
92,get,18978,true,
19,get,21671,true,
99,get,18757,true,
28,get,21283,true,
139,get,1258,true,
29,get,21318,true,
113,get,17404,true,
71,get,19921,true,
77,get,19804,true,
57,get,20276,true,
64,get,20231,true,
68,get,20134,true,
27,get,21659,true,
44,get,20583,true,
81,get,19819,true,
73,get,20086,true,
109,get,18810,true,
63,get,20436,true,
59,get,20479,true,
58,get,20493,true,
80,get,19982,true,
22,get,22116,true,
86,get,19869,true,
89,get,19766,true,
112,get,18559,true,
34,get,21121,true,
11,get,23958,true,
53,get,20704,true,
9,get,24373,true,
15,get,23905,true,
91,get,19887,true,
45,get,20983,true,
65,get,20713,true,
79,get,20267,true,
111,get,19038,true,
40,get,21133,true,
23,get,22452,true,
120,get,4708,true,
35,get,21314,true,
66,get,20808,true,
60,get,20911,true,
12,get,24227,true,
98,get,19854,true,
90,get,20120,true,
94,get,20075,true,
88,get,20209,true,
100,get,19867,true,
43,get,21313,true,
37,get,21414,true,
102,get,19839,true,
54,get,21151,true,
74,get,20810,true,
93,get,20262,true,
18,get,24249,true,
105,get,19876,true,
41,get,21509,true,
46,get,21440,true,
95,get,20363,true,
96,get,20298,true,
7,get,25150,true,
26,get,22695,true,
25,get,22809,true,
32,get,22567,true,
17,get,24492,true,
97,get,20371,true,
87,get,20715,true,
82,get,20929,true,
48,get,21735,true,
24,get,23126,true,
49,get,21864,true,
78,get,21314,true,
104,get,20521,true,
39,get,22219,true,
36,get,22417,true,
83,get,21547,true,
72,get,21976,true,
67,get,22333,true,
108,get,21143,true,
85,get,22562,true,
56,get,23705,true,
47,get,24140,true,
14,get,27426,true,
106,get,22924,true,
30,get,25825,true,
84,get,24110,true,
31,get,26112,true,
21,get,26730,true,
122,get,9091,true,
131,get,8410,true,
118,get,9594,true,
117,get,9801,true,
130,get,9118,true,
175,get,8706,true,
249,get,6742,true,
217,get,8278,true,
242,get,7726,true,
227,get,8640,true,
176,get,9474,true,
236,get,8489,true,
248,get,7721,true,
219,get,8806,true,
247,get,8105,true,
229,get,8897,true,
225,get,9027,true,
101,get,29191,true,
178,get,9818,true,
233,get,9059,true,
218,get,9312,true,
222,get,9311,true,
245,get,8687,true,
33,get,31137,true,
224,get,9351,true,
179,get,10095,true,
121,get,14543,true,
243,get,10010,true,
119,get,15973,true,
61,get,32210,true,
123,get,15994,true,
228,get,11560,true,
116,get,17131,true,
230,get,11925,true,
240,get,14984,true,
171,get,16155,true,
207,get,15607,true,
156,get,16538,true,
235,get,15127,true,
203,get,15723,true,
143,get,17103,true,
212,get,15610,true,
226,get,15369,true,
250,get,14041,true,
213,get,15627,true,
201,get,15802,true,
154,get,16731,true,
141,get,17215,true,
159,get,16531,true,
137,get,18103,true,
246,get,14697,true,
195,get,15935,true,
155,get,16732,true,
251,get,13557,true,
208,get,15766,true,
173,get,16309,true,
254,get,13349,true,
244,get,14962,true,
196,get,15938,true,
232,get,15406,true,
220,get,15594,true,
163,get,16532,true,
200,get,15939,true,
214,get,15735,true,
252,get,13830,true,
136,get,20583,true,
263,get,17041,true,
211,get,21389,true,
138,get,23757,true,
190,get,21755,true,
215,get,21349,true,
260,get,17840,true,
191,get,21797,true,
144,get,22944,true,
264,get,17078,true,
142,get,23095,true,
164,get,22408,true,
172,get,22318,true,
189,get,22047,true,
129,get,25913,true,
185,get,22195,true,
300,get,10080,true,
288,get,12362,true,
202,get,22074,true,
302,get,9851,true,
259,get,18498,true,
256,get,19131,true,
147,get,23416,true,
253,get,19741,true,
169,get,22711,true,
158,get,22969,true,
294,get,11313,true,
261,get,18276,true,
149,get,23343,true,
152,get,23315,true,
257,get,18989,true,
127,get,26410,true,
186,get,22587,true,
238,get,21692,true,
184,get,22631,true,
266,get,17360,true,
161,get,22988,true,
255,get,19624,true,
188,get,22547,true,
194,get,22498,true,
187,get,22685,true,
299,get,11091,true,
124,get,27088,true,
206,get,22492,true,
271,get,14207,true,
180,get,22928,true,
267,get,17462,true,
223,get,22234,true,
151,get,23742,true,
162,get,23339,true,
126,get,26832,true,
170,get,23231,true,
199,get,22784,true,
183,get,23058,true,
160,get,23456,true,
128,get,26835,true,
237,get,22166,true,
265,get,18017,true,
301,get,10660,true,
167,get,23389,true,
262,get,18675,true,
291,get,13073,true,
286,get,13221,true,
205,get,22796,true,
258,get,19411,true,
234,get,22301,true,
290,get,13146,true,
192,get,23056,true,
197,get,22961,true,
268,get,16622,true,
181,get,23280,true,
153,get,23912,true,
145,get,24240,true,
177,get,23407,true,
241,get,22210,true,
231,get,22559,true,
157,get,23827,true,
146,get,24284,true,
295,get,11869,true,
275,get,13987,true,
292,get,12870,true,
148,get,24245,true,
303,get,10687,true,
165,get,23670,true,
276,get,14007,true,
198,get,23130,true,
168,get,23630,true,
298,get,11801,true,
193,get,23254,true,
166,get,23701,true,
239,get,22482,true,
204,get,23120,true,
221,get,22879,true,
210,get,23082,true,
270,get,15183,true,
317,get,7750,true,
297,get,12434,true,
312,get,7977,true,
150,get,24858,true,
328,get,7927,true,
310,get,8067,true,
319,get,8139,true,
325,get,10415,true,
332,get,10368,true,
308,get,10575,true,
318,get,10500,true,
287,get,16648,true,
322,get,10482,true,
330,get,10452,true,
182,get,26666,true,
311,get,10597,true,
323,get,10517,true,
316,get,10576,true,
333,get,10476,true,
329,get,10509,true,
174,get,27018,true,
309,get,10848,true,
344,get,5036,true,
314,get,10916,true,
216,get,26473,true,
320,get,10979,true,
331,get,11487,true,
327,get,11604,true,
338,get,6385,true,
416,get,5097,true,
434,get,4400,true,
419,get,5176,true,
398,get,5436,true,
346,get,6586,true,
415,get,5403,true,
435,get,4659,true,
417,get,5464,true,
406,get,5554,true,
422,get,5452,true,
399,get,5729,true,
396,get,5743,true,
421,get,5592,true,
393,get,5879,true,
401,get,5910,true,
420,get,5754,true,
372,get,8799,true,
454,get,4526,true,
361,get,9081,true,
364,get,9044,true,
436,get,7345,true,
354,get,9188,true,
321,get,15478,true,
452,get,4622,true,
455,get,4511,true,
431,get,7627,true,
367,get,9046,true,
359,get,9577,true,
470,get,4203,true,
445,get,6476,true,
467,get,4323,true,
379,get,10486,true,
376,get,10644,true,
343,get,11468,true,
381,get,10516,true,
392,get,10346,true,
411,get,10138,true,
313,get,17421,true,
459,get,5049,true,
326,get,17377,true,
405,get,10279,true,
386,get,10537,true,
453,get,6578,true,
378,get,10767,true,
403,get,10471,true,
444,get,7075,true,
366,get,11141,true,
382,get,10851,true,
465,get,4993,true,
414,get,10490,true,
389,get,10757,true,
442,get,7256,true,
209,get,33522,true,
443,get,7303,true,
375,get,11260,true,
407,get,10697,true,
387,get,10959,true,
449,get,7363,true,
466,get,5257,true,
397,get,10958,true,
448,get,7449,true,
383,get,11203,true,
451,get,7341,true,
460,get,5778,true,
377,get,11540,true,
461,get,5745,true,
474,get,5178,true,
471,get,5351,true,
283,get,24594,true,
447,get,7705,true,
440,get,7801,true,
469,get,5540,true,
277,get,25081,true,
473,get,6251,true,
446,get,8725,true,
463,get,6730,true,
482,get,6529,true,
529,get,3743,true,
385,get,15154,true,
450,get,11301,true,
485,get,6529,true,
531,get,3738,true,
400,get,15032,true,
483,get,6578,true,
527,get,3849,true,
437,get,11635,true,
479,get,6605,true,
525,get,3915,true,
522,get,3945,true,
477,get,6636,true,
509,get,4410,true,
487,get,5150,true,
490,get,4890,true,
481,get,6633,true,
410,get,14937,true,
517,get,4180,true,
530,get,3840,true,
502,get,4639,true,
424,get,14867,true,
478,get,6680,true,
362,get,15754,true,
500,get,4721,true,
494,get,4842,true,
521,get,4073,true,
532,get,2953,true,
484,get,6673,true,
486,get,6253,true,
472,get,9317,true,
475,get,6852,true,
524,get,4029,true,
272,get,29502,true,
523,get,4047,true,
480,get,6721,true,
493,get,4918,true,
534,get,2926,true,
336,get,16608,true,
489,get,5197,true,
526,get,4020,true,
496,get,4876,true,
508,get,4536,true,
498,get,4836,true,
423,get,14970,true,
462,get,9783,true,
501,get,4796,true,
499,get,4851,true,
476,get,6844,true,
506,get,4622,true,
390,get,15311,true,
507,get,4626,true,
409,get,15094,true,
520,get,4238,true,
503,get,4735,true,
457,get,10643,true,
492,get,5008,true,
358,get,15952,true,
504,get,4695,true,
491,get,5066,true,
284,get,28566,true,
280,get,28788,true,
360,get,15937,true,
307,get,22449,true,
371,get,15814,true,
269,get,29882,true,
468,get,9606,true,
335,get,19905,true,
495,get,5004,true,
456,get,10788,true,
497,get,4981,true,
394,get,15366,true,
402,get,15293,true,
304,get,22528,true,
464,get,9757,true,
293,get,27811,true,
296,get,27108,true,
528,get,4456,true,
567,get,3548,true,
587,get,3466,true,
571,get,3534,true,
570,get,3543,true,
586,get,3486,true,
590,get,3480,true,
564,get,3580,true,
519,get,7764,true,
546,get,3676,true,
589,get,3494,true,
566,get,3584,true,
588,get,3495,true,
556,get,3644,true,
549,get,3670,true,
604,get,3455,true,
583,get,3536,true,
544,get,3716,true,
536,get,3767,true,
602,get,3467,true,
538,get,3762,true,
516,get,7870,true,
510,get,8056,true,
585,get,3544,true,
598,get,3495,true,
600,get,3490,true,
543,get,3735,true,
441,get,15331,true,
608,get,3458,true,
575,get,3597,true,
584,get,3564,true,
488,get,8822,true,
580,get,3581,true,
603,get,3499,true,
569,get,3629,true,
356,get,19509,true,
594,get,3538,true,
514,get,7988,true,
533,get,6576,true,
578,get,3605,true,
610,get,3472,true,
511,get,8067,true,
592,get,3556,true,
576,get,3628,true,
553,get,3732,true,
611,get,3403,true,
505,get,8256,true,
593,get,3567,true,
577,get,3631,true,
591,get,3578,true,
579,get,3627,true,
542,get,3802,true,
513,get,8042,true,
539,get,3826,true,
541,get,3808,true,
599,get,3567,true,
305,get,26025,true,
574,get,3679,true,
535,get,3874,true,
512,get,8080,true,
518,get,7917,true,
391,get,18935,true,
370,get,19394,true,
555,get,3770,true,
581,get,3666,true,
458,get,13820,true,
560,get,3755,true,
606,get,3564,true,
550,get,3796,true,
605,get,3576,true,
438,get,15476,true,
573,get,3711,true,
537,get,3896,true,
597,get,3624,true,
601,get,3604,true,
552,get,3811,true,
607,get,3578,true,
439,get,15488,true,
609,get,3572,true,
613,get,3286,true,
563,get,3833,true,
547,get,3932,true,
562,get,3901,true,
612,get,3606,true,
545,get,3992,true,
540,get,4036,true,
595,get,3796,true,
557,get,3951,true,
551,get,4080,true,
548,get,4119,true,
515,get,8360,true,
596,get,3938,true,
565,get,4061,true,
554,get,4166,true,
558,get,4436,true,
561,get,4477,true,
559,get,4488,true,
568,get,4514,true,
273,get,34212,true,
572,get,4740,true,
694,get,1094,true,
652,get,1301,true,
697,get,1086,true,
630,get,1642,true,
705,get,1218,true,
324,get,27456,true,
306,get,27631,true,
281,get,33931,true,
675,get,1629,true,
709,get,925,true,
708,get,948,true,
616,get,1857,true,
274,get,34394,true,
698,get,1538,true,
693,get,1631,true,
696,get,1586,true,
357,get,21345,true,
428,get,20352,true,
279,get,34246,true,
339,get,21972,true,
667,get,1850,true,
355,get,21450,true,
689,get,1821,true,
632,get,1968,true,
670,get,1893,true,
626,get,2007,true,
684,get,1878,true,
692,get,1821,true,
432,get,20167,true,
627,get,2285,true,
704,get,1837,true,
345,get,22849,true,
351,get,22496,true,
653,get,2897,true,
340,get,23015,true,
315,get,28821,true,
430,get,21074,true,
353,get,23443,true,
429,get,22053,true,
348,get,23664,true,
745,get,978,true,
712,get,2768,true,
427,get,22386,true,
690,get,3798,true,
425,get,22455,true,
350,get,23663,true,
721,get,2219,true,
282,get,36145,true,
342,get,23963,true,
337,get,24072,true,
352,get,23538,true,
724,get,2178,true,
749,get,1036,true,
728,get,2413,true,
748,get,1293,true,
723,get,2496,true,
747,get,1318,true,
668,get,4206,true,
651,get,4351,true,
687,get,4294,true,
741,get,2151,true,
374,get,24198,true,
426,get,23432,true,
746,get,2100,true,
384,get,23980,true,
388,get,23926,true,
582,get,8627,true,
433,get,22936,true,
672,get,5102,true,
347,get,25034,true,
726,get,3445,true,
732,get,3376,true,
766,get,1057,true,
753,get,1469,true,
642,get,5366,true,
645,get,5446,true,
722,get,3736,true,
707,get,4729,true,
654,get,5483,true,
691,get,5401,true,
768,get,1285,true,
140,get,49260,true,
773,get,1166,true,
285,get,37658,true,
711,get,4994,true,
625,get,6146,true,
720,get,4420,true,
695,get,5874,true,
669,get,6085,true,
790,get,657,true,
784,get,891,true,
794,get,640,true,
785,get,891,true,
776,get,1184,true,
780,get,1162,true,
800,get,1184,true,
752,get,3432,true,
764,get,3359,true,
789,get,1833,true,
755,get,3406,true,
363,get,26725,true,
758,get,3397,true,
756,get,3422,true,
797,get,1239,true,
757,get,3421,true,
761,get,3401,true,
341,get,27373,true,
740,get,5349,true,
760,get,3381,true,
688,get,7244,true,
804,get,1159,true,
734,get,5431,true,
380,get,26429,true,
628,get,7393,true,
798,get,1263,true,
795,get,1795,true,
765,get,3354,true,
807,get,1146,true,
781,get,2195,true,
629,get,7400,true,
731,get,5481,true,
803,get,1211,true,
408,get,26027,true,
762,get,3433,true,
806,get,1176,true,
763,get,3436,true,
334,get,32864,true,
729,get,5527,true,
674,get,7316,true,
673,get,7318,true,
792,get,1874,true,
788,get,1943,true,
289,get,39318,true,
775,get,2475,true,
778,get,2376,true,
774,get,2483,true,
805,get,1199,true,
787,get,2039,true,
791,get,1895,true,
349,get,27183,true,
786,get,2058,true,
783,get,2157,true,
796,get,1835,true,
779,get,2360,true,
799,get,1302,true,
777,get,2392,true,
633,get,7443,true,
782,get,2178,true,
649,get,7412,true,
802,get,1271,true,
619,get,7492,true,
700,get,7152,true,
801,get,1300,true,
404,get,26306,true,
759,get,3724,true,
754,get,3783,true,
413,get,26313,true,
751,get,3822,true,
710,get,6837,true,
368,get,27135,true,
706,get,7722,true,
743,get,5972,true,
412,get,26855,true,
699,get,7957,true,
624,get,8284,true,
793,get,2698,true,
418,get,26958,true,
395,get,27436,true,
858,get,1213,true,
860,get,1215,true,
855,get,1242,true,
365,get,28055,true,
861,get,1279,true,
859,get,1299,true,
851,get,1322,true,
369,get,28466,true,
862,get,1744,true,
868,get,1855,true,
744,get,6659,true,
750,get,5670,true,
864,get,2112,true,
867,get,1891,true,
373,get,28833,true,
852,get,2618,true,
857,get,2632,true,
869,get,3039,true,
871,get,3013,true,
825,get,3382,true,
840,get,3354,true,
856,get,3330,true,
847,get,3355,true,
823,get,3430,true,
832,get,3896,true,
656,get,11410,true,
278,get,44090,true,
865,get,4814,true,
819,get,4923,true,
834,get,4894,true,
893,get,2744,true,
634,get,12309,true,
846,get,4890,true,
812,get,4975,true,
897,get,2252,true,
661,get,12264,true,
818,get,4961,true,
863,get,4877,true,
635,get,12327,true,
822,get,4958,true,
844,get,4921,true,
872,get,4506,true,
850,get,4910,true,
842,get,4931,true,
811,get,5009,true,
870,get,4622,true,
891,get,2791,true,
820,get,4984,true,
638,get,12345,true,
771,get,7966,true,
614,get,12420,true,
772,get,7937,true,
676,get,12255,true,
816,get,5002,true,
615,get,12432,true,
899,get,1611,true,
640,get,12358,true,
849,get,5032,true,
843,get,5071,true,
639,get,12500,true,
679,get,12408,true,
637,get,12728,true,
824,get,5406,true,
895,get,3502,true,
898,get,2334,true,
655,get,13061,true,
901,get,2355,true,
938,get,1916,true,
814,get,7031,true,
716,get,12738,true,
944,get,1301,true,
905,get,3083,true,
926,get,2028,true,
923,get,2042,true,
821,get,7014,true,
808,get,7043,true,
927,get,2046,true,
845,get,6977,true,
915,get,2073,true,
827,get,7016,true,
817,get,7040,true,
932,get,2037,true,
892,get,4843,true,
717,get,12748,true,
841,get,7000,true,
910,get,2116,true,
718,get,12736,true,
939,get,1926,true,
906,get,2952,true,
937,get,2041,true,
671,get,14326,true,
848,get,6999,true,
725,get,12611,true,
947,get,1302,true,
739,get,12426,true,
719,get,12735,true,
809,get,7092,true,
644,get,14408,true,
735,get,12477,true,
921,get,2099,true,
810,get,7098,true,
727,get,12596,true,
902,get,3670,true,
890,get,4880,true,
813,get,7097,true,
903,get,3664,true,
815,get,7089,true,
917,get,2121,true,
918,get,2121,true,
737,get,12467,true,
659,get,14398,true,
896,get,4405,true,
826,get,7073,true,
714,get,13113,true,
930,get,2102,true,
631,get,14467,true,
894,get,4896,true,
836,get,7065,true,
900,get,3705,true,
736,get,12504,true,
715,get,13109,true,
738,get,12483,true,
702,get,14055,true,
733,get,12542,true,
713,get,13150,true,
829,get,7791,true,
911,get,2869,true,
943,get,2393,true,
920,get,2866,true,
907,get,3677,true,
946,get,2099,true,
904,get,4400,true,
928,get,2858,true,
933,get,2859,true,
931,get,2865,true,
1005,get,749,true,
916,get,2903,true,
936,get,2859,true,
1004,get,760,true,
935,get,2871,true,
934,get,2881,true,
914,get,2928,true,
922,get,2918,true,
1001,get,786,true,
951,get,884,true,
940,get,2755,true,
831,get,7885,true,
919,get,2949,true,
853,get,7845,true,
924,get,2936,true,
949,get,916,true,
854,get,7860,true,
945,get,2206,true,
838,get,7897,true,
909,get,3015,true,
1003,get,838,true,
948,get,939,true,
998,get,849,true,
1000,get,854,true,
908,get,3046,true,
877,get,8108,true,
646,get,16336,true,
876,get,8109,true,
666,get,16288,true,
878,get,8111,true,
873,get,8159,true,
686,get,16263,true,
835,get,8989,true,
665,get,16317,true,
999,get,1927,true,
839,get,8990,true,
913,get,4085,true,
837,get,9002,true,
874,get,8157,true,
647,get,16380,true,
996,get,1948,true,
912,get,4109,true,
742,get,14146,true,
703,get,16001,true,
929,get,4066,true,
830,get,9035,true,
650,get,16394,true,
833,get,9036,true,
925,get,4085,true,
952,get,2063,true,
866,get,8854,true,
941,get,3924,true,
942,get,3710,true,
950,get,2068,true,
664,get,16287,true,
648,get,16332,true,
683,get,16594,true,
875,get,8489,true,
997,get,2285,true,
701,get,16366,true,
981,get,2530,true,
1040,get,1633,true,
980,get,2536,true,
1002,get,2500,true,
730,get,15074,true,
1010,get,1769,true,
1029,get,1700,true,
1013,get,1778,true,
1011,get,1801,true,
1012,get,2267,true,
1036,get,2420,true,
985,get,3344,true,
957,get,3397,true,
953,get,3425,true,
623,get,17872,true,
975,get,3565,true,
1026,get,2751,true,
956,get,3654,true,
1030,get,2788,true,
984,get,3647,true,
885,get,9379,true,
618,get,18177,true,
1075,get,1383,true,
1031,get,2872,true,
662,get,18121,true,
886,get,9581,true,
970,get,4188,true,
1086,get,981,true,
1063,get,2332,true,
989,get,4316,true,
1064,get,2355,true,
1065,get,2408,true,
1085,get,1537,true,
663,get,18959,true,
636,get,19049,true,
621,get,19090,true,
767,get,14784,true,
657,get,19023,true,
641,get,19056,true,
884,get,10918,true,
1056,get,3215,true,
1091,get,1634,true,
1043,get,3262,true,
1033,get,4336,true,
954,get,5258,true,
1092,get,1624,true,
1006,get,4465,true,
1109,get,621,true,
965,get,5241,true,
1088,get,1859,true,
1089,get,1853,true,
963,get,5251,true,
974,get,5236,true,
682,get,19547,true,
889,get,10472,true,
620,get,19714,true,
1101,get,1351,true,
973,get,5252,true,
888,get,10514,true,
1054,get,3268,true,
1068,get,3233,true,
1093,get,1642,true,
828,get,12299,true,
1096,get,1581,true,
1053,get,3278,true,
617,get,19744,true,
879,get,11299,true,
1108,get,680,true,
1084,get,2685,true,
680,get,19588,true,
883,get,11027,true,
1067,get,3263,true,
1058,get,3287,true,
1071,get,3246,true,
1061,get,3285,true,
880,get,11089,true,
967,get,5307,true,
1021,get,4567,true,
1015,get,4602,true,
1018,get,4631,true,
685,get,19804,true,
1024,get,4725,true,
995,get,5610,true,
1080,get,3193,true,
887,get,11476,true,
994,get,5812,true,
961,get,5949,true,
1119,get,761,true,
1122,get,788,true,
658,get,20393,true,
1111,get,1412,true,
1062,get,4044,true,
1123,get,829,true,
1116,get,868,true,
968,get,6096,true,
1048,get,4147,true,
660,get,20529,true,
1016,get,5375,true,
1045,get,4239,true,
1120,get,987,true,
987,get,6206,true,
1118,get,1048,true,
1081,get,3726,true,
1110,get,1661,true,
1059,get,4306,true,
1032,get,5448,true,
983,get,6317,true,
1113,get,1704,true,
882,get,12132,true,
1066,get,4360,true,
992,get,6401,true,
1107,get,2017,true,
1112,get,1843,true,
1087,get,3133,true,
962,get,6531,true,
960,get,6545,true,
1034,get,5662,true,
1138,get,1310,true,
1126,get,1374,true,
678,get,20942,true,
1117,get,1449,true,
990,get,6662,true,
1025,get,5881,true,
966,get,6748,true,
993,get,6714,true,
1078,get,4210,true,
770,get,16907,true,
982,get,6771,true,
955,get,6839,true,
964,get,6832,true,
988,get,6825,true,
622,get,21317,true,
1039,get,6003,true,
769,get,17054,true,
1076,get,4373,true,
969,get,6941,true,
1020,get,6139,true,
1035,get,6089,true,
1009,get,6208,true,
977,get,7007,true,
991,get,6995,true,
1022,get,6213,true,
1083,get,4537,true,
1145,get,1850,true,
1044,get,5188,true,
1090,get,3731,true,
972,get,7155,true,
1007,get,6400,true,
881,get,12953,true,
1069,get,5181,true,
1019,get,6455,true,
1165,get,1314,true,
1008,get,6593,true,
1154,get,2261,true,
1181,get,1346,true,
978,get,7661,true,
1153,get,2296,true,
1028,get,6831,true,
1158,get,2048,true,
1014,get,6904,true,
1115,get,2504,true,
1135,get,2453,true,
1160,get,1911,true,
677,get,22036,true,
1027,get,6867,true,
1073,get,5454,true,
1098,get,4077,true,
681,get,22160,true,
1144,get,2775,true,
643,get,22482,true,
971,get,8138,true,
1100,get,4620,true,
1207,get,2429,true,
1136,get,4056,true,
1146,get,4256,true,
1139,get,4279,true,
1212,get,2589,true,
1220,get,2414,true,
1049,get,7579,true,
1057,get,7558,true,
1231,get,1939,true,
1235,get,1922,true,
1105,get,5321,true,
1051,get,7718,true,
1134,get,4449,true,
1223,get,2576,true,
1233,get,2057,true,
1070,get,7715,true,
1240,get,2031,true,
1195,get,3164,true,
1082,get,7251,true,
1229,get,2154,true,
1219,get,2715,true,
1230,get,2201,true,
1232,get,2195,true,
1243,get,2094,true,
1216,get,2990,true,
1129,get,5298,true,
1104,get,6198,true,
1017,get,9734,true,
1217,get,3506,true,
1236,get,2840,true,
1228,get,3209,true,
1218,get,3458,true,
1151,get,5274,true,
1156,get,5642,true,
1202,get,4467,true,
1052,get,9266,true,
1205,get,4439,true,
1152,get,5974,true,
1182,get,4947,true,
1242,get,3536,true,
979,get,11329,true,
1196,get,4696,true,
1077,get,8813,true,
1192,get,4818,true,
1225,get,4169,true,
1162,get,5469,true,
1215,get,4388,true,
1191,get,4881,true,
976,get,11409,true,
1095,get,7749,true,
1248,get,2128,true,
1258,get,1766,true,
1186,get,5004,true,
1183,get,5081,true,
1200,get,4695,true,
1125,get,6217,true,
1147,get,6183,true,
1137,get,6213,true,
1211,get,4545,true,
1178,get,5199,true,
1159,get,5734,true,
1189,get,4994,true,
1241,get,3717,true,
1170,get,5411,true,
1149,get,6214,true,
1133,get,6269,true,
1114,get,6873,true,
1245,get,3455,true,
1234,get,3902,true,
1221,get,4522,true,
1203,get,4909,true,
1103,get,7491,true,
1094,get,8211,true,
1227,get,4619,true,
1244,get,3968,true,
1293,get,658,true,
1157,get,6528,true,
1163,get,6211,true,
1204,get,5433,true,
1303,get,1362,true,
1325,get,625,true,
1309,get,1325,true,
1308,get,1338,true,
1292,get,1447,true,
1169,get,6749,true,
1316,get,1221,true,
1275,get,2279,true,
1304,get,1362,true,
1287,get,1491,true,
1283,get,1592,true,
1326,get,601,true,
1150,get,7548,true,
1251,get,3296,true,
1284,get,1582,true,
1296,get,1428,true,
1280,get,2275,true,
1255,get,3291,true,
1290,get,1488,true,
1185,get,6470,true,
1250,get,3313,true,
1289,get,1502,true,
1319,get,1072,true,
1307,get,1379,true,
1298,get,1438,true,
1312,get,1358,true,
1317,get,1188,true,
1106,get,8496,true,
1301,get,1426,true,
1291,get,1502,true,
1288,get,1526,true,
1306,get,1388,true,
1297,get,1455,true,
1253,get,3321,true,
1295,get,1466,true,
1305,get,1401,true,
1300,get,1439,true,
1171,get,6763,true,
1294,get,1477,true,
1167,get,6829,true,
1274,get,2340,true,
1237,get,5174,true,
1252,get,3335,true,
1313,get,1361,true,
1281,get,1736,true,
1302,get,1443,true,
1310,get,1399,true,
1318,get,1198,true,
1166,get,6851,true,
1286,get,1615,true,
1323,get,838,true,
1320,get,1039,true,
1315,get,1361,true,
1285,get,1630,true,
1321,get,942,true,
1311,get,1406,true,
1282,get,1665,true,
1299,get,1473,true,
1314,get,1381,true,
1213,get,5937,true,
1041,get,10974,true,
1102,get,8761,true,
1324,get,864,true,
1322,get,948,true,
1143,get,7740,true,
1168,get,6960,true,
1330,get,1513,true,
1348,get,1477,true,
1179,get,8041,true,
1358,get,1477,true,
1391,get,1344,true,
1353,get,1498,true,
1047,get,12402,true,
1371,get,1484,true,
1360,get,1500,true,
1344,get,1534,true,
1379,get,1481,true,
1365,get,1510,true,
1329,get,1573,true,
1381,get,1488,true,
1352,get,1545,true,
1333,get,1582,true,
1335,get,1585,true,
1368,get,1536,true,
1370,get,1539,true,
1226,get,7159,true,
1340,get,1587,true,
1327,get,1625,true,
1127,get,9203,true,
1375,get,1545,true,
1175,get,8239,true,
1363,get,1573,true,
1336,get,1624,true,
1328,get,1649,true,
1359,get,1596,true,
1377,get,1569,true,
1132,get,9216,true,
1172,get,8310,true,
1354,get,1614,true,
1099,get,10737,true,
1337,get,1648,true,
1382,get,1582,true,
1350,get,1627,true,
1224,get,7310,true,
1366,get,1615,true,
1332,get,1675,true,
1331,get,1677,true,
1369,get,1618,true,
1038,get,13615,true,
1130,get,9266,true,
1373,get,1620,true,
1374,get,1623,true,
1384,get,1611,true,
1142,get,9247,true,
1334,get,1699,true,
1385,get,1620,true,
1380,get,1628,true,
1345,get,1681,true,
986,get,14511,true,
1372,get,1645,true,
1060,get,12539,true,
1386,get,1630,true,
1357,get,1675,true,
1378,get,1649,true,
1140,get,9286,true,
1338,get,1714,true,
1361,get,1677,true,
1388,get,1609,true,
1390,get,1593,true,
1148,get,9278,true,
1238,get,6847,true,
1362,get,1688,true,
1347,get,1715,true,
1155,get,9131,true,
1367,get,1691,true,
1349,get,1718,true,
1389,get,1622,true,
1376,get,1683,true,
1346,get,1734,true,
1339,get,1745,true,
1356,get,1719,true,
1355,get,1726,true,
1351,get,1734,true,
958,get,14621,true,
1023,get,13766,true,
1343,get,1754,true,
1392,get,1585,true,
1364,get,1725,true,
1342,get,1763,true,
1387,get,1692,true,
1190,get,8231,true,
1188,get,8292,true,
1206,get,7963,true,
1161,get,9009,true,
1403,get,490,true,
1383,get,2043,true,
1164,get,9063,true,
1341,get,2465,true,
1421,get,918,true,
1426,get,905,true,
1396,get,1041,true,
1193,get,8813,true,
1397,get,1028,true,
1415,get,951,true,
1259,get,5699,true,
1055,get,13407,true,
1410,get,983,true,
1184,get,9038,true,
959,get,15429,true,
1128,get,10169,true,
1402,get,1031,true,
1187,get,8970,true,
1131,get,10169,true,
1400,get,1059,true,
1399,get,1545,true,
1398,get,1586,true,
1265,get,6172,true,
1394,get,1648,true,
1412,get,1571,true,
1405,get,1893,true,
1442,get,1781,true,
1431,get,1830,true,
1434,get,1843,true,
1419,get,1906,true,
1420,get,1931,true,
1414,get,1963,true,
1411,get,1979,true,
1037,get,15808,true,
1418,get,2316,true,
1458,get,2241,true,
1444,get,2309,true,
1393,get,2608,true,
1479,get,2483,true,
1422,get,2836,true,
1436,get,2806,true,
1429,get,2839,true,
1222,get,10178,true,
1199,get,10637,true,
1441,get,2997,true,
1246,get,9401,true,
1176,get,11313,true,
1194,get,10948,true,
1449,get,3018,true,
1427,get,3081,true,
1201,get,10896,true,
1214,get,10689,true,
1141,get,12465,true,
1174,get,11604,true,
1072,get,15595,true,
1097,get,14207,true,
1121,get,12751,true,
1525,get,857,true,
1413,get,3952,true,
1531,get,723,true,
1272,get,8364,true,
1437,get,3883,true,
1404,get,4006,true,
1198,get,11684,true,
1432,get,3910,true,
1529,get,846,true,
1208,get,11504,true,
1477,get,3673,true,
1443,get,3890,true,
1489,get,3036,true,
1438,get,3913,true,
1499,get,3013,true,
1456,get,3870,true,
1046,get,16475,true,
1408,get,4036,true,
1478,get,3669,true,
1455,get,3881,true,
1526,get,925,true,
1446,get,3930,true,
1448,get,3927,true,
1463,get,3892,true,
1481,get,3600,true,
1407,get,4069,true,
1428,get,3988,true,
1440,get,3963,true,
1417,get,4042,true,
1249,get,10299,true,
1543,get,1220,true,
1564,get,1146,true,
1555,get,1181,true,
1561,get,1155,true,
1563,get,1158,true,
1268,get,9793,true,
1550,get,1215,true,
1560,get,1174,true,
1557,get,1201,true,
1562,get,1175,true,
1534,get,1851,true,
1553,get,1215,true,
1542,get,1253,true,
1541,get,1271,true,
1520,get,2351,true,
1264,get,9902,true,
1551,get,1231,true,
1554,get,1224,true,
1416,get,5221,true,
1263,get,9915,true,
1254,get,10115,true,
1549,get,1248,true,
1266,get,9863,true,
1536,get,1758,true,
1523,get,2338,true,
1180,get,13368,true,
1538,get,1295,true,
1256,get,10069,true,
1457,get,5120,true,
1486,get,4297,true,
1124,get,14454,true,
1262,get,9938,true,
1074,get,17360,true,
1522,get,2359,true,
1565,get,1206,true,
1521,get,2379,true,
1519,get,2395,true,
1533,get,1959,true,
1511,get,3301,true,
1469,get,5102,true,
1497,get,4286,true,
1545,get,1290,true,
1518,get,2761,true,
1535,get,1819,true,
1267,get,9885,true,
1530,get,2141,true,
1209,get,12792,true,
1524,get,2334,true,
1528,get,2151,true,
1558,get,1251,true,
1566,get,1230,true,
1527,get,2171,true,
1472,get,5118,true,
1257,get,10093,true,
1042,get,17776,true,
1483,get,4645,true,
1506,get,3436,true,
1552,get,1294,true,
1546,get,1317,true,
1514,get,3025,true,
1548,get,1309,true,
1547,get,1320,true,
1173,get,13551,true,
1539,get,1352,true,
1050,get,17762,true,
1532,get,2062,true,
1556,get,1294,true,
1464,get,5157,true,
1544,get,1334,true,
1459,get,5173,true,
1451,get,5190,true,
1540,get,1362,true,
1177,get,13490,true,
1500,get,4316,true,
1433,get,5251,true,
1435,get,5243,true,
1490,get,4360,true,
1537,get,1780,true,
1454,get,5202,true,
1460,get,5185,true,
1079,get,17210,true,
1271,get,9839,true,
1559,get,1349,true,
1270,get,10001,true,
1269,get,10047,true,
1239,get,12230,true,
1261,get,10288,true,
1279,get,9601,true,
1260,get,10483,true,
1276,get,9639,true,
1247,get,11933,true,
1197,get,13786,true,
1450,get,5952,true,
1395,get,6186,true,
1609,get,1352,true,
1606,get,1356,true,
1650,get,1241,true,
1586,get,1395,true,
1577,get,1412,true,
1452,get,6514,true,
1571,get,1441,true,
1273,get,10530,true,
1572,get,1437,true,
1453,get,6522,true,
1648,get,1318,true,
1401,get,6710,true,
1644,get,1331,true,
1409,get,6669,true,
1568,get,1467,true,
1210,get,14170,true,
1439,get,6570,true,
1649,get,1305,true,
1574,get,1449,true,
1652,get,1183,true,
1277,get,10564,true,
1406,get,6773,true,
1423,get,6708,true,
1507,get,4914,true,
1425,get,6788,true,
1508,get,5163,true,
1583,get,2120,true,
1447,get,7268,true,
1570,get,2202,true,
1480,get,7158,true,
1492,get,6646,true,
1278,get,11480,true,
1509,get,5708,true,
1657,get,1871,true,
1462,get,7485,true,
1645,get,2307,true,
1656,get,1879,true,
1495,get,6660,true,
1513,get,5668,true,
1461,get,7502,true,
1430,get,7592,true,
1496,get,6679,true,
1424,get,7611,true,
1482,get,7140,true,
1598,get,2637,true,
1498,get,6954,true,
1589,get,2738,true,
1590,get,3437,true,
1707,get,740,true,
1703,get,1022,true,
1575,get,3472,true,
1595,get,3437,true,
1594,get,3435,true,
1588,get,3455,true,
1639,get,3384,true,
1638,get,3543,true,
1585,get,3622,true,
1637,get,3544,true,
1654,get,4333,true,
1579,get,4709,true,
1635,get,4621,true,
1625,get,4638,true,
1485,get,8979,true,
1697,get,2302,true,
1714,get,1253,true,
1705,get,2287,true,
1604,get,4687,true,
1661,get,3864,true,
1658,get,4073,true,
1701,get,2312,true,
1614,get,4682,true,
1710,get,1281,true,
1584,get,4735,true,
1630,get,4670,true,
1567,get,4789,true,
1505,get,8405,true,
1493,get,9004,true,
1621,get,4691,true,
1653,get,4460,true,
1516,get,7608,true,
1569,get,4797,true,
1494,get,9015,true,
1636,get,4686,true,
1628,get,4700,true,
1643,get,4677,true,
1603,get,4735,true,
1600,get,4752,true,
1602,get,4750,true,
1593,get,4767,true,
1671,get,3372,true,
1669,get,3374,true,
1610,get,4745,true,
1632,get,4722,true,
1619,get,4746,true,
1715,get,1339,true,
1611,get,4761,true,
1647,get,4713,true,
1512,get,8072,true,
1655,get,4312,true,
1599,get,4796,true,
1627,get,4759,true,
1629,get,4757,true,
1612,get,4782,true,
1596,get,4815,true,
1620,get,4782,true,
1578,get,4851,true,
1615,get,4792,true,
1601,get,4817,true,
1605,get,4815,true,
1445,get,9978,true,
1475,get,9912,true,
1476,get,9910,true,
1706,get,2198,true,
1484,get,9215,true,
1631,get,4791,true,
1712,get,2141,true,
1640,get,5517,true,
1642,get,5515,true,
1718,get,1985,true,
1694,get,3217,true,
1717,get,1994,true,
1716,get,2153,true,
1691,get,3267,true,
1713,get,2169,true,
1641,get,5542,true,
1580,get,5640,true,
1517,get,8454,true,
1587,get,5634,true,
1633,get,5562,true,
1651,get,5419,true,
1693,get,3261,true,
1618,get,5590,true,
1719,get,2023,true,
1711,get,2196,true,
1709,get,2203,true,
1581,get,5671,true,
1510,get,9203,true,
1692,get,3552,true,
1756,get,1311,true,
1739,get,1369,true,
1751,get,1384,true,
1735,get,1436,true,
1623,get,6470,true,
1732,get,2021,true,
1487,get,11061,true,
1774,get,1997,true,
1676,get,5568,true,
1803,get,887,true,
1488,get,12442,true,
1721,get,3471,true,
1690,get,6005,true,
1626,get,8106,true,
1785,get,2544,true,
1667,get,6773,true,
1613,get,8135,true,
1659,get,7364,true,
1731,get,3453,true,
1804,get,1661,true,
1793,get,2547,true,
1470,get,13259,true,
1704,get,5768,true,
1763,get,3379,true,
1665,get,6808,true,
1723,get,3503,true,
1783,get,2586,true,
1622,get,8152,true,
1687,get,6379,true,
1782,get,2592,true,
1779,get,2614,true,
1675,get,6795,true,
1767,get,3380,true,
1646,get,8128,true,
1726,get,3511,true,
1773,get,3373,true,
1762,get,3407,true,
1743,get,3474,true,
1686,get,6630,true,
1798,get,2330,true,
1503,get,11934,true,
1797,get,2577,true,
1724,get,3539,true,
1738,get,3498,true,
1592,get,8235,true,
1708,get,5501,true,
1765,get,3413,true,
1662,get,6864,true,
1722,get,3556,true,
1775,get,3395,true,
1607,get,8223,true,
1677,get,6835,true,
1753,get,3478,true,
1769,get,3424,true,
1764,get,3440,true,
1471,get,13333,true,
1696,get,5870,true,
1787,get,2645,true,
1515,get,11174,true,
1702,get,5857,true,
1799,get,2347,true,
1685,get,6718,true,
1772,get,3425,true,
1617,get,8233,true,
1582,get,8292,true,
1504,get,11970,true,
1800,get,2177,true,
1734,get,3556,true,
1788,get,2659,true,
1689,get,6152,true,
1720,get,3602,true,
1771,get,3451,true,
1740,get,3552,true,
1750,get,3524,true,
1754,get,3508,true,
1766,get,3470,true,
1770,get,3466,true,
1467,get,13392,true,
1806,get,1529,true,
1780,get,2710,true,
1748,get,3543,true,
1741,get,3572,true,
1744,get,3561,true,
1778,get,2724,true,
1663,get,6938,true,
1747,get,3562,true,
1733,get,3603,true,
1801,get,2220,true,
1591,get,8329,true,
1673,get,6920,true,
1674,get,6920,true,
1688,get,6229,true,
1466,get,13426,true,
1745,get,3584,true,
1681,get,6912,true,
1679,get,6925,true,
1664,get,6959,true,
1597,get,8338,true,
1576,get,8380,true,
1737,get,3621,true,
1791,get,2724,true,
1790,get,2734,true,
1809,get,1309,true,
1624,get,8890,true,
1491,get,13337,true,
1890,get,1402,true,
1805,get,2994,true,
1810,get,1589,true,
1757,get,4957,true,
1812,get,1593,true,
1796,get,4123,true,
1795,get,4128,true,
1808,get,2819,true,
1813,get,1652,true,
1874,get,1518,true,
1802,get,3654,true,
1742,get,5069,true,
1814,get,1662,true,
1875,get,1527,true,
1807,get,2979,true,
1699,get,7432,true,
1474,get,14896,true,
1857,get,1742,true,
1870,get,2292,true,
1899,get,2227,true,
1824,get,2387,true,
1873,get,2305,true,
1816,get,2429,true,
1863,get,2326,true,
1468,get,15692,true,
1660,get,9782,true,
1668,get,9214,true,
1817,get,2451,true,
1862,get,2349,true,
1846,get,2380,true,
1825,get,2436,true,
1900,get,2278,true,
1830,get,2424,true,
1864,get,2367,true,
1865,get,2366,true,
1821,get,2768,true,
1777,get,5381,true,
1892,get,2642,true,
1815,get,4022,true,
1893,get,3848,true,
1749,get,7423,true,
1915,get,2376,true,
1826,get,4000,true,
1828,get,4010,true,
1903,get,3269,true,
1789,get,6584,true,
1755,get,7421,true,
1916,get,2399,true,
1760,get,7419,true,
1680,get,10807,true,
1904,get,3165,true,
1922,get,2220,true,
1931,get,1619,true,
1761,get,7425,true,
1941,get,1268,true,
1918,get,2413,true,
1939,get,1594,true,
1938,get,1600,true,
1729,get,7531,true,
1672,get,10843,true,
1907,get,2505,true,
1573,get,12293,true,
1725,get,7565,true,
1776,get,7408,true,
1910,get,2498,true,
1608,get,12239,true,
1919,get,2440,true,
1822,get,4083,true,
1940,get,1317,true,
1670,get,10873,true,
1912,get,2472,true,
1666,get,10887,true,
1684,get,10777,true,
1920,get,2457,true,
1913,get,2472,true,
1502,get,16012,true,
1678,get,10871,true,
1911,get,2518,true,
1792,get,6663,true,
1465,get,17384,true,
1682,get,10857,true,
1914,get,2486,true,
1891,get,3964,true,
1823,get,4113,true,
1700,get,9908,true,
1921,get,2481,true,
1727,get,8478,true,
1932,get,2561,true,
1935,get,2550,true,
1985,get,883,true,
1933,get,2572,true,
1925,get,2620,true,
1880,get,4894,true,
1937,get,2571,true,
1888,get,4873,true,
1886,get,4884,true,
1909,get,3464,true,
1736,get,8489,true,
1752,get,8445,true,
1501,get,16986,true,
1936,get,2596,true,
1781,get,7631,true,
1695,get,10848,true,
1908,get,3486,true,
1634,get,13176,true,
1942,get,2261,true,
1786,get,7629,true,
1930,get,2639,true,
1768,get,8423,true,
1906,get,3516,true,
1728,get,8546,true,
1858,get,4913,true,
1827,get,5083,true,
1929,get,2572,true,
1784,get,7701,true,
1820,get,5133,true,
1819,get,5135,true,
1818,get,5148,true,
1473,get,18406,true,
1794,get,7732,true,
1759,get,8584,true,
1730,get,8681,true,
1616,get,13379,true,
1993,get,1801,true,
1889,get,6656,true,
1992,get,1802,true,
1954,get,2764,true,
1947,get,2803,true,
2012,get,1755,true,
2018,get,1700,true,
2020,get,1691,true,
1974,get,2742,true,
2011,get,1769,true,
2021,get,1700,true,
1955,get,2790,true,
1994,get,1829,true,
1978,get,2743,true,
1943,get,2837,true,
1836,get,6812,true,
1963,get,2788,true,
1995,get,1839,true,
1746,get,10281,true,
1971,get,2772,true,
2015,get,1783,true,
1946,get,2852,true,
1683,get,13553,true,
2010,get,1802,true,
1927,get,4451,true,
1928,get,4451,true,
1957,get,2823,true,
2025,get,1668,true,
2014,get,1802,true,
1973,get,2794,true,
1965,get,2809,true,
2000,get,1853,true,
1997,get,1861,true,
1905,get,5330,true,
2008,get,1830,true,
2003,get,1855,true,
2017,get,1793,true,
1991,get,1893,true,
2005,get,1847,true,
1758,get,10280,true,
2007,get,1845,true,
1972,get,2815,true,
1998,get,1882,true,
1944,get,2896,true,
1996,get,1884,true,
1917,get,5265,true,
2023,get,1756,true,
1987,get,2792,true,
2026,get,1700,true,
1945,get,2907,true,
1956,get,2871,true,
1989,get,2791,true,
1986,get,2801,true,
2016,get,1842,true,
2024,get,1738,true,
1999,get,1900,true,
2009,get,1868,true,
1980,get,2825,true,
1949,get,2901,true,
1951,get,2903,true,
1977,get,2836,true,
2001,get,1901,true,
1952,get,2902,true,
2002,get,1901,true,
2006,get,1890,true,
1934,get,4501,true,
2004,get,1897,true,
2013,get,1879,true,
1861,get,6861,true,
1811,get,7075,true,
1698,get,12967,true,
1841,get,7167,true,
1843,get,7308,true,
1869,get,7306,true,
1842,get,7437,true,
2022,get,2556,true,
2047,get,1456,true,
1988,get,4188,true,
1959,get,4258,true,
2040,get,1478,true,
2093,get,1375,true,
2036,get,1499,true,
1848,get,8269,true,
2037,get,1506,true,
1948,get,4313,true,
1837,get,8302,true,
1968,get,4266,true,
2087,get,1412,true,
2082,get,1422,true,
2039,get,1520,true,
1975,get,4264,true,
2081,get,1439,true,
1976,get,4269,true,
2080,get,1449,true,
2028,get,1563,true,
2019,get,3241,true,
1983,get,4272,true,
2095,get,1435,true,
2034,get,1572,true,
1881,get,8303,true,
2090,get,1509,true,
2051,get,1586,true,
2052,get,1591,true,
2056,get,1589,true,
2066,get,1595,true,
1982,get,4396,true,
2063,get,1620,true,
2083,get,1617,true,
2033,get,1732,true,
2032,get,1772,true,
2030,get,1801,true,
2050,get,1771,true,
1962,get,4587,true,
2053,get,1796,true,
2079,get,1787,true,
2031,get,1909,true,
2089,get,1835,true,
2029,get,2016,true,
2097,get,1775,true,
2092,get,2335,true,
2064,get,2401,true,
2096,get,2356,true,
2077,get,2448,true,
2060,get,2507,true,
2126,get,1013,true,
2120,get,1115,true,
2114,get,1146,true,
2065,get,2639,true,
2103,get,1844,true,
2125,get,1166,true,
2116,get,1207,true,
2135,get,1019,true,
2156,get,739,true,
1866,get,10181,true,
2158,get,722,true,
2127,get,1844,true,
2122,get,1913,true,
2137,get,1690,true,
2157,get,731,true,
2117,get,1928,true,
2044,get,3444,true,
2110,get,1968,true,
2153,get,820,true,
2147,get,1025,true,
2088,get,3366,true,
2108,get,1985,true,
2141,get,1638,true,
2123,get,1938,true,
2129,get,1861,true,
2075,get,3403,true,
2140,get,1665,true,
2139,get,1676,true,
2119,get,1954,true,
2133,get,1814,true,
2130,get,1864,true,
2109,get,1992,true,
2132,get,1835,true,
2149,get,1019,true,
2104,get,2012,true,
2106,get,2011,true,
2118,get,1971,true,
2143,get,1615,true,
2124,get,1951,true,
2142,get,1629,true,
2115,get,1990,true,
2148,get,1040,true,
2113,get,1994,true,
2105,get,2033,true,
2107,get,2030,true,
2131,get,1883,true,
2144,get,1575,true,
2112,get,2007,true,
2128,get,1903,true,
1838,get,10309,true,
2086,get,3429,true,
2111,get,2018,true,
2138,get,1752,true,
2136,get,1804,true,
2145,get,1538,true,
2152,get,950,true,
2121,get,2008,true,
2155,get,843,true,
2146,get,2153,true,
2134,get,2471,true,
2151,get,1619,true,
1847,get,10948,true,
2154,get,1523,true,
2150,get,1663,true,
1856,get,10989,true,
1834,get,11036,true,
1883,get,11020,true,
2073,get,3440,true,
1835,get,11601,true,
2206,get,1279,true,
1832,get,11613,true,
2049,get,4779,true,
1845,get,11587,true,
2167,get,1373,true,
2161,get,1517,true,
2208,get,1510,true,
2164,get,1620,true,
2218,get,1811,true,
1923,get,10571,true,
2045,get,6117,true,
2048,get,6116,true,
1850,get,12913,true,
1896,get,12819,true,
2101,get,5578,true,
1844,get,12938,true,
2076,get,6080,true,
2042,get,6150,true,
2074,get,6088,true,
1898,get,12831,true,
2159,get,3442,true,
1885,get,12872,true,
2160,get,2735,true,
1894,get,12857,true,
2215,get,1988,true,
1831,get,12992,true,
1950,get,8998,true,
2059,get,6145,true,
2204,get,2671,true,
1829,get,13017,true,
1960,get,8978,true,
1967,get,8960,true,
1878,get,12916,true,
1926,get,10624,true,
1990,get,8922,true,
2099,get,5835,true,
2098,get,5874,true,
2207,get,2691,true,
2209,get,2675,true,
2205,get,2694,true,
1868,get,12962,true,
2078,get,6146,true,
1882,get,12933,true,
2038,get,6236,true,
1953,get,9031,true,
2046,get,6511,true,
2199,get,3064,true,
2200,get,3139,true,
2220,get,1862,true,
2202,get,3163,true,
2181,get,3217,true,
2212,get,2524,true,
2211,get,2563,true,
2196,get,3202,true,
2221,get,1918,true,
2188,get,3235,true,
2183,get,3245,true,
2216,get,2520,true,
2228,get,2107,true,
2219,get,2387,true,
2169,get,3728,true,
2171,get,3735,true,
2195,get,3694,true,
2163,get,3761,true,
2176,get,3732,true,
2035,get,7222,true,
2168,get,3748,true,
1958,get,9997,true,
2189,get,3717,true,
2190,get,3714,true,
2085,get,7130,true,
1979,get,9956,true,
1984,get,9948,true,
2186,get,3736,true,
2210,get,3082,true,
2094,get,7123,true,
2224,get,2426,true,
2187,get,3742,true,
2178,get,3758,true,
1969,get,9991,true,
2174,get,3770,true,
1839,get,14031,true,
2203,get,3716,true,
2165,get,3793,true,
2191,get,3744,true,
2179,get,3767,true,
1854,get,14009,true,
2180,get,3767,true,
1867,get,13985,true,
2225,get,2427,true,
1872,get,13982,true,
2172,get,3790,true,
2222,get,2450,true,
2213,get,3082,true,
2182,get,3771,true,
1855,get,14020,true,
2197,get,3747,true,
1895,get,13938,true,
2184,get,3773,true,
2201,get,3748,true,
2170,get,3800,true,
2192,get,3768,true,
2223,get,2464,true,
1851,get,15861,true,
2293,get,1867,true,
2316,get,1842,true,
2301,get,1870,true,
2300,get,1879,true,
1964,get,11863,true,
1877,get,15841,true,
2288,get,1915,true,
2296,get,1902,true,
2299,get,1903,true,
2306,get,1895,true,
2281,get,1951,true,
2084,get,9055,true,
2242,get,2978,true,
2245,get,2972,true,
1853,get,15919,true,
2278,get,2407,true,
2307,get,1912,true,
1871,get,15888,true,
1852,get,15927,true,
2291,get,1942,true,
1884,get,15866,true,
2198,get,5656,true,
1849,get,15944,true,
2027,get,10774,true,
2304,get,1934,true,
1970,get,11928,true,
2252,get,2975,true,
2227,get,4128,true,
2303,get,1940,true,
2175,get,5704,true,
2305,get,1941,true,
2297,get,1952,true,
2263,get,2955,true,
1876,get,15902,true,
1860,get,15940,true,
2091,get,9089,true,
1902,get,15849,true,
2246,get,3009,true,
2282,get,1995,true,
2271,get,2498,true,
2102,get,8547,true,
2247,get,3011,true,
1966,get,11966,true,
2250,get,3005,true,
2264,get,2969,true,
2237,get,3043,true,
1859,get,15958,true,
1887,get,15899,true,
1897,get,15878,true,
1961,get,11990,true,
2234,get,3069,true,
2295,get,1986,true,
2166,get,5767,true,
1924,get,13655,true,
2265,get,2983,true,
2214,get,5040,true,
1840,get,16015,true,
2241,get,3053,true,
2177,get,5749,true,
2294,get,2014,true,
2226,get,4414,true,
1981,get,12135,true,
2173,get,5961,true,
2353,get,972,true,
2383,get,934,true,
2356,get,975,true,
2349,get,991,true,
2387,get,741,true,
2350,get,1002,true,
2373,get,970,true,
2336,get,1034,true,
2378,get,968,true,
2326,get,1088,true,
2385,get,816,true,
2375,get,981,true,
2346,get,1030,true,
2348,get,1028,true,
2335,get,1057,true,
1879,get,16915,true,
2379,get,994,true,
2325,get,1113,true,
2185,get,6727,true,
2342,get,1057,true,
2328,get,1102,true,
2324,get,1127,true,
2376,get,1006,true,
2217,get,5995,true,
2272,get,3529,true,
2386,get,825,true,
2382,get,1011,true,
2362,get,1044,true,
1901,get,16896,true,
2331,get,1109,true,
2351,get,1063,true,
2380,get,1194,true,
2333,get,3187,true,
2257,get,6111,true,
2283,get,5121,true,
2041,get,12329,true,
2248,get,6134,true,
1833,get,19158,true,
2327,get,3248,true,
2236,get,6203,true,
2414,get,2124,true,
2308,get,5115,true,
2277,get,5632,true,
2369,get,3166,true,
2249,get,6183,true,
2309,get,5133,true,
2284,get,5174,true,
2345,get,3215,true,
2411,get,2149,true,
2390,get,2226,true,
2363,get,3197,true,
2268,get,5745,true,
2279,get,5224,true,
2389,get,2239,true,
2240,get,6236,true,
2366,get,3203,true,
2266,get,5879,true,
2230,get,6282,true,
2334,get,3274,true,
2233,get,6275,true,
2416,get,2169,true,
2194,get,8920,true,
2341,get,3267,true,
2043,get,12417,true,
2355,get,3248,true,
2318,get,5174,true,
2344,get,3272,true,
2286,get,5232,true,
2322,get,5177,true,
2231,get,6316,true,
2354,get,3273,true,
2394,get,2263,true,
2275,get,5731,true,
2280,get,5279,true,
2061,get,12420,true,
2067,get,12408,true,
2276,get,5740,true,
2071,get,12403,true,
2100,get,11949,true,
2057,get,12433,true,
2244,get,6298,true,
2361,get,3293,true,
2391,get,2322,true,
2408,get,2263,true,
2311,get,5235,true,
2261,get,6265,true,
2260,get,6283,true,
2415,get,2263,true,
2251,get,6304,true,
2256,get,6292,true,
2359,get,3316,true,
2290,get,5307,true,
2055,get,12486,true,
2270,get,5860,true,
2393,get,2359,true,
2269,get,5948,true,
2395,get,2500,true,
2403,get,2622,true,
2448,get,530,true,
2352,get,3784,true,
2451,get,630,true,
2452,get,638,true,
2058,get,13605,true,
2365,get,4451,true,
2273,get,6943,true,
2310,get,6404,true,
2364,get,4472,true,
2468,get,1189,true,
2485,get,830,true,
2482,get,1124,true,
2262,get,7454,true,
2484,get,986,true,
2070,get,13614,true,
2232,get,7545,true,
2372,get,4478,true,
2162,get,10247,true,
2258,get,7476,true,
2069,get,13636,true,
2337,get,4547,true,
2317,get,6461,true,
2314,get,6493,true,
2259,get,7566,true,
2467,get,1369,true,
2436,get,1543,true,
2367,get,4741,true,
2469,get,1462,true,
2488,get,897,true,
2254,get,7824,true,
2487,get,1186,true,
2433,get,1789,true,
2377,get,4966,true,
2302,get,6958,true,
2431,get,2038,true,
2420,get,2096,true,
2432,get,2077,true,
2494,get,1246,true,
2434,get,2536,true,
2402,get,4708,true,
2274,get,8213,true,
2489,get,1857,true,
2475,get,2440,true,
2480,get,2420,true,
2459,get,2490,true,
2461,get,2487,true,
2357,get,5774,true,
2239,get,8801,true,
2501,get,1281,true,
2442,get,2563,true,
2253,get,8763,true,
2454,get,2530,true,
2323,get,7728,true,
2406,get,4779,true,
2330,get,5933,true,
2425,get,2763,true,
2287,get,7905,true,
2313,get,7982,true,
2505,get,1557,true,
2388,get,5169,true,
2193,get,11868,true,
2319,get,8162,true,
2419,get,5047,true,
2229,get,9363,true,
2321,get,8270,true,
2486,get,3513,true,
2526,get,1535,true,
2404,get,6247,true,
2062,get,16413,true,
2543,get,1235,true,
2417,get,6225,true,
2473,get,3997,true,
2513,get,2544,true,
2546,get,1123,true,
2463,get,4025,true,
2368,get,7293,true,
2289,get,9289,true,
2544,get,1245,true,
2405,get,6288,true,
2381,get,7288,true,
2409,get,6284,true,
2458,get,4061,true,
2493,get,2857,true,
2347,get,7350,true,
2536,get,1555,true,
2507,get,2804,true,
2072,get,16457,true,
2338,get,7374,true,
2539,get,1528,true,
2054,get,16498,true,
2503,get,2845,true,
2470,get,4049,true,
2519,get,2347,true,
2498,get,2863,true,
2506,get,2847,true,
2504,get,2856,true,
2298,get,9315,true,
2421,get,4223,true,
2549,get,1061,true,
2515,get,2531,true,
2523,get,1642,true,
2495,get,2891,true,
2476,get,4063,true,
2400,get,6363,true,
2547,get,1143,true,
2438,get,4176,true,
2460,get,4116,true,
2550,get,1042,true,
2502,get,2892,true,
2413,get,6342,true,
2397,get,6383,true,
2514,get,2624,true,
2520,get,2176,true,
2412,get,6352,true,
2320,get,9327,true,
2496,get,2922,true,
2491,get,2941,true,
2243,get,10420,true,
2398,get,6398,true,
2518,get,2419,true,
2255,get,10390,true,
2483,get,3989,true,
2508,get,2861,true,
2490,get,2962,true,
2358,get,7427,true,
2430,get,4250,true,
2455,get,4174,true,
2435,get,4235,true,
2384,get,7383,true,
2545,get,1301,true,
2497,get,2953,true,
2396,get,6434,true,
2516,get,2483,true,
2510,get,2787,true,
2235,get,10483,true,
2548,get,1173,true,
2511,get,2712,true,
2481,get,4100,true,
2492,get,2991,true,
2499,get,2965,true,
2512,get,2707,true,
2329,get,7534,true,
2370,get,7259,true,
2521,get,2038,true,
2540,get,1687,true,
2292,get,9592,true,
2522,get,2650,true,
2622,get,515,true,
2392,get,6990,true,
2563,get,657,true,
2529,get,2221,true,
2285,get,9966,true,
2561,get,688,true,
2533,get,2224,true,
2371,get,7983,true,
2509,get,3413,true,
2541,get,2092,true,
2339,get,8053,true,
2542,get,2095,true,
2315,get,9963,true,
2538,get,2226,true,
2537,get,2268,true,
2374,get,8034,true,
2601,get,686,true,
2535,get,2338,true,
2418,get,7097,true,
2524,get,2474,true,
2631,get,581,true,
2618,get,776,true,
2238,get,11314,true,
2534,get,2528,true,
2332,get,8375,true,
2598,get,957,true,
2068,get,17528,true,
2525,get,2700,true,
2553,get,1176,true,
2566,get,1132,true,
2626,get,1035,true,
2528,get,2766,true,
2267,get,11132,true,
2399,get,7517,true,
2554,get,1297,true,
2312,get,10540,true,
2500,get,4115,true,
2447,get,5499,true,
2570,get,2600,true,
2612,get,2505,true,
2401,get,8909,true,
2410,get,8894,true,
2617,get,2520,true,
2471,get,6667,true,
2593,get,2579,true,
2449,get,6745,true,
2466,get,6695,true,
2573,get,2642,true,
2407,get,9134,true,
2443,get,8358,true,
2641,get,3568,true,
2616,get,4138,true,
2446,get,8352,true,
2569,get,4263,true,
2479,get,8323,true,
2606,get,4243,true,
2613,get,4228,true,
2580,get,4299,true,
2555,get,4377,true,
2632,get,3747,true,
2667,get,3091,true,
2629,get,4172,true,
2676,get,1703,true,
2677,get,1706,true,
2343,get,11727,true,
2427,get,8544,true,
2619,get,4272,true,
2582,get,4359,true,
2599,get,4323,true,
2478,get,8406,true,
2615,get,4290,true,
2669,get,3122,true,
2668,get,3125,true,
2477,get,8417,true,
2465,get,8452,true,
2600,get,4335,true,
2680,get,1759,true,
2678,get,1765,true,
2679,get,1764,true,
2456,get,8488,true,
2673,get,1808,true,
2564,get,4431,true,
2559,get,4447,true,
2581,get,4392,true,
2568,get,4429,true,
2649,get,3665,true,
2625,get,4296,true,
2424,get,8609,true,
2444,get,8543,true,
2579,get,4408,true,
2571,get,4429,true,
2426,get,8599,true,
2624,get,4311,true,
2621,get,4323,true,
2532,get,6000,true,
2578,get,4421,true,
2611,get,4351,true,
2608,get,4358,true,
2428,get,8608,true,
2567,get,4457,true,
2422,get,8639,true,
2610,get,4359,true,
2590,get,4407,true,
2340,get,11819,true,
2450,get,8553,true,
2627,get,4327,true,
2576,get,4445,true,
2628,get,4315,true,
2441,get,8587,true,
2445,get,8575,true,
2588,get,4425,true,
2635,get,3829,true,
2597,get,4410,true,
2681,get,1640,true,
2572,get,4472,true,
2654,get,3589,true,
2633,get,3845,true,
2672,get,1877,true,
2423,get,8667,true,
2603,get,4407,true,
2652,get,3615,true,
2462,get,8542,true,
2595,get,4431,true,
2592,get,4567,true,
2557,get,4661,true,
2670,get,3237,true,
2591,get,4593,true,
2594,get,4652,true,
2645,get,4012,true,
2609,get,4801,true,
2646,get,4484,true,
2565,get,5226,true,
2589,get,5397,true,
2648,get,4734,true,
2686,get,1247,true,
2684,get,1390,true,
2719,get,1213,true,
2682,get,1405,true,
2736,get,1249,true,
2685,get,1498,true,
2644,get,5070,true,
2758,get,1226,true,
2721,get,1430,true,
2647,get,5149,true,
2614,get,5763,true,
2754,get,1386,true,
2688,get,2315,true,
2776,get,790,true,
2718,get,2238,true,
2474,get,10692,true,
2723,get,2246,true,
2707,get,2277,true,
2778,get,815,true,
2653,get,5822,true,
2737,get,2239,true,
2464,get,10750,true,
2774,get,861,true,
2773,get,1002,true,
2701,get,2391,true,
2772,get,1163,true,
2720,get,2496,true,
2658,get,5934,true,
2556,get,7001,true,
2771,get,1301,true,
2788,get,493,true,
2790,get,449,true,
2440,get,11338,true,
2785,get,533,true,
2642,get,6541,true,
2439,get,11355,true,
2781,get,579,true,
2643,get,6553,true,
2661,get,6123,true,
2587,get,7209,true,
2725,get,2818,true,
2789,get,534,true,
2779,get,614,true,
2782,get,807,true,
2437,get,12025,true,
2801,get,665,true,
2797,get,685,true,
2795,get,940,true,
2787,get,1208,true,
2803,get,667,true,
2786,get,1215,true,
2791,get,1135,true,
2783,get,1238,true,
2799,get,708,true,
2457,get,12002,true,
2662,get,6927,true,
2809,get,1022,true,
2660,get,7179,true,
2583,get,8252,true,
2666,get,7083,true,
2793,get,1361,true,
2656,get,7314,true,
2804,get,1049,true,
2807,get,1214,true,
2805,get,1256,true,
2816,get,621,true,
2821,get,613,true,
2817,get,640,true,
2814,get,678,true,
2819,get,668,true,
2812,get,744,true,
2818,get,1136,true,
2820,get,1136,true,
2825,get,783,true,
2823,get,790,true,
2827,get,786,true,
2813,get,1177,true,
2824,get,798,true,
2826,get,800,true,
2829,get,795,true,
2815,get,1202,true,
2811,get,1239,true,
2784,get,3000,true,
2832,get,1202,true,
2833,get,1216,true,
2798,get,2559,true,
2835,get,1433,true,
2831,get,1533,true,
2792,get,3137,true,
2664,get,8862,true,
2830,get,1588,true,
2837,get,1432,true,
2800,get,2851,true,
2663,get,8924,true,
2843,get,1050,true,
2845,get,1054,true,
2840,get,1073,true,
2796,get,3150,true,
2836,get,1573,true,
2841,get,1223,true,
2604,get,10228,true,
2634,get,9670,true,
2838,get,1263,true,
2847,get,1213,true,
2844,get,1248,true,
2560,get,10363,true,
2527,get,11934,true,
2834,get,1792,true,
2848,get,1220,true,
2530,get,11939,true,
2574,get,10356,true,
2846,get,1305,true,
2630,get,10329,true,
2517,get,12910,true,
2596,get,10502,true,
2552,get,10626,true,
2531,get,12149,true,
2584,get,10542,true,
2602,get,10519,true,
2620,get,10581,true,
2863,get,1172,true,
2878,get,921,true,
2636,get,10675,true,
2872,get,995,true,
2854,get,1299,true,
2873,get,993,true,
2472,get,15374,true,
2862,get,1207,true,
2866,get,1052,true,
2865,get,1189,true,
2675,get,8724,true,
2562,get,11377,true,
2874,get,1011,true,
2605,get,11285,true,
2864,get,1210,true,
2857,get,1310,true,
2861,get,1243,true,
2859,get,1299,true,
2623,get,11253,true,
2855,get,1331,true,
2870,get,1057,true,
2429,get,15543,true,
2453,get,15472,true,
2551,get,11447,true,
2868,get,1081,true,
2871,get,1064,true,
2650,get,10612,true,
2849,get,1720,true,
2867,get,1094,true,
2360,get,18734,true,
2858,get,1334,true,
2877,get,1045,true,
2850,get,1675,true,
2558,get,11443,true,
2880,get,854,true,
2875,get,1064,true,
2852,get,1645,true,
2655,get,10469,true,
2860,get,1335,true,
2739,get,7457,true,
2738,get,7480,true,
2705,get,7553,true,
2674,get,9352,true,
2842,get,2896,true,
2575,get,11959,true,
2712,get,7563,true,
2853,get,1969,true,
2839,get,2926,true,
2607,get,11912,true,
2671,get,9397,true,
2752,get,7562,true,
2869,get,1736,true,
2876,get,1698,true,
2851,get,2311,true,
2856,get,2022,true,
2879,get,1527,true,
2577,get,12068,true,
2746,get,7937,true,
2743,get,7943,true,
2881,get,1850,true,
2760,get,7713,true,
2885,get,1835,true,
2924,get,1330,true,
2892,get,1464,true,
2909,get,1418,true,
2887,get,1492,true,
2761,get,8105,true,
2907,get,1445,true,
2886,get,2132,true,
2934,get,1134,true,
2912,get,1997,true,
2947,get,970,true,
2908,get,2010,true,
2950,get,604,true,
2920,get,1996,true,
2890,get,2431,true,
2956,get,626,true,
2944,get,1351,true,
2952,get,957,true,
2711,get,9356,true,
2951,get,965,true,
2893,get,2432,true,
2759,get,9136,true,
2747,get,9302,true,
2757,get,9152,true,
2948,get,1351,true,
2961,get,376,true,
2946,get,1372,true,
2755,get,9299,true,
2945,get,1377,true,
2953,get,981,true,
2897,get,2444,true,
2716,get,9381,true,
2895,get,2453,true,
2954,get,1016,true,
2949,get,1104,true,
2960,get,480,true,
2957,get,499,true,
2959,get,520,true,
2751,get,9452,true,
2955,get,1149,true,
2742,get,9549,true,
2965,get,270,true,
2910,get,2669,true,
2717,get,9647,true,
2735,get,9676,true,
2958,get,748,true,
2963,get,386,true,
2745,get,9707,true,
2713,get,9826,true,
2729,get,10524,true,
2970,get,1188,true,
2714,get,10554,true,
2985,get,1051,true,
2986,get,1034,true,
2982,get,1117,true,
2964,get,1223,true,
2984,get,1096,true,
2981,get,1147,true,
2980,get,1189,true,
2973,get,1206,true,
2967,get,1223,true,
2709,get,10594,true,
2966,get,1233,true,
2989,get,967,true,
2962,get,1206,true,
2706,get,10642,true,
2995,get,921,true,
2696,get,10887,true,
2732,get,10839,true,
2968,get,1535,true,
2762,get,10611,true,
3004,get,528,true,
2693,get,11234,true,
3017,get,262,true,
2977,get,2086,true,
2997,get,942,true,
2704,get,11533,true,
2988,get,1919,true,
2726,get,11521,true,
3009,get,956,true,
2724,get,11537,true,
2993,get,1868,true,
2764,get,10801,true,
2780,get,9650,true,
3021,get,732,true,
3018,get,807,true,
2975,get,2526,true,
3000,get,1351,true,
3001,get,1349,true,
2777,get,10460,true,
2657,get,15346,true,
2768,get,10696,true,
2775,get,10475,true,
2983,get,3488,true,
3028,get,1404,true,
2904,get,6000,true,
2700,get,12993,true,
2903,get,6008,true,
3030,get,1366,true,
2902,get,6029,true,
2794,get,10444,true,
2665,get,16214,true,
2922,get,5985,true,
2906,get,6033,true,
2715,get,12994,true,
2640,get,16743,true,
2637,get,16761,true,
2822,get,9373,true,
2806,get,10175,true,
2756,get,12811,true,
2828,get,9146,true,
3023,get,1522,true,
3026,get,1476,true,
2639,get,16774,true,
3025,get,1507,true,
2651,get,16615,true,
2586,get,17415,true,
3020,get,1882,true,
2767,get,11947,true,
2585,get,17419,true,
2638,get,16800,true,
2996,get,3222,true,
3024,get,1533,true,
2926,get,5811,true,
3036,get,1481,true,
3034,get,1490,true,
3037,get,1481,true,
3033,get,1500,true,
3029,get,1806,true,
3031,get,1517,true,
3035,get,1501,true,
3040,get,1488,true,
3032,get,1580,true,
3039,get,1826,true,
2802,get,10946,true,
2941,get,6116,true,
2659,get,17142,true,
2896,get,6868,true,
2808,get,10974,true,
2913,get,6852,true,
2942,get,6207,true,
2891,get,6971,true,
2925,get,6890,true,
2916,get,6930,true,
2923,get,6934,true,
2927,get,6582,true,
2918,get,7112,true,
2943,get,6454,true,
2932,get,6551,true,
2929,get,6577,true,
2919,get,7140,true,
2911,get,7161,true,
2939,get,6494,true,
2810,get,11081,true,
2940,get,6496,true,
2917,get,7168,true,
2734,get,14123,true,
3038,get,2244,true,
3019,get,3065,true,
2770,get,12948,true,
2933,get,6853,true,
2928,get,6963,true,
2931,get,6950,true,
2930,get,7029,true,
2935,get,7001,true,
2936,get,7051,true,
2937,get,7374,true,
2905,get,8095,true,
3084,get,1276,true,
2938,get,7441,true,
2921,get,8093,true,
3027,get,3558,true,
3078,get,1712,true,
3083,get,1359,true,
3072,get,1751,true,
3085,get,1362,true,
3047,get,2264,true,
3022,get,4001,true,
3069,get,2495,true,
3087,get,1721,true,
3077,get,2147,true,
3081,get,1815,true,
3079,get,2151,true,
3075,get,2166,true,
3105,get,1413,true,
3076,get,2181,true,
3086,get,1771,true,
3065,get,2553,true,
3055,get,2970,true,
3067,get,3012,true,
3128,get,513,true,
3052,get,3083,true,
3133,get,514,true,
3123,get,945,true,
3095,get,2002,true,
3068,get,3090,true,
3061,get,3134,true,
2888,get,9282,true,
3134,get,602,true,
3135,get,600,true,
3131,get,661,true,
3126,get,698,true,
3103,get,2094,true,
3132,get,690,true,
3125,get,813,true,
2889,get,9480,true,
3053,get,3388,true,
3130,get,858,true,
3129,get,872,true,
2730,get,16409,true,
2740,get,16397,true,
2914,get,9466,true,
2753,get,16387,true,
2894,get,9531,true,
2883,get,10314,true,
3106,get,2302,true,
2699,get,16503,true,
2898,get,9545,true,
2915,get,10190,true,
3127,get,1642,true,
2744,get,17178,true,
3151,get,1050,true,
3155,get,898,true,
2710,get,17330,true,
3162,get,856,true,
3161,get,870,true,
2884,get,11177,true,
2971,get,7975,true,
3145,get,1159,true,
2697,get,17389,true,
3154,get,957,true,
2695,get,17429,true,
3144,get,1194,true,
2741,get,17307,true,
2974,get,7987,true,
3164,get,887,true,
3152,get,1077,true,
3156,get,928,true,
2976,get,7987,true,
3158,get,921,true,
3142,get,1246,true,
3148,get,1145,true,
2708,get,17383,true,
3150,get,1120,true,
3140,get,1276,true,
3138,get,1309,true,
2722,get,17365,true,
2972,get,8016,true,
2731,get,17350,true,
3137,get,1330,true,
3141,get,1277,true,
2987,get,7831,true,
2749,get,17329,true,
2765,get,16365,true,
3165,get,908,true,
3146,get,1210,true,
3159,get,950,true,
3143,get,1264,true,
3139,get,1323,true,
3136,get,1432,true,
2766,get,16368,true,
3153,get,1030,true,
3160,get,962,true,
2727,get,17461,true,
3157,get,1044,true,
2978,get,8127,true,
2728,get,17516,true,
2979,get,8186,true,
3166,get,451,true,
2992,get,7924,true,
2990,get,7996,true,
3149,get,1445,true,
3167,get,494,true,
3169,get,644,true,
3193,get,585,true,
3212,get,487,true,
3191,get,602,true,
2683,get,18151,true,
2687,get,18079,true,
2692,get,18075,true,
3171,get,674,true,
3163,get,1537,true,
3147,get,1955,true,
2733,get,18132,true,
2750,get,18242,true,
3208,get,1372,true,
2703,get,18807,true,
3216,get,1172,true,
3188,get,1431,true,
3214,get,1260,true,
3170,get,1489,true,
3189,get,1443,true,
2691,get,18913,true,
2969,get,9466,true,
3190,get,1461,true,
2694,get,18914,true,
3168,get,1607,true,
2702,get,18868,true,
3219,get,1154,true,
3187,get,1495,true,
3211,get,1485,true,
2769,get,17786,true,
2991,get,9525,true,
2994,get,11426,true,
3003,get,10588,true,
3064,get,8145,true,
2998,get,10638,true,
3007,get,10616,true,
3207,get,3795,true,
3231,get,3042,true,
3213,get,3707,true,
3198,get,3838,true,
3184,get,3868,true,
3220,get,3549,true,
3096,get,7122,true,
3101,get,7107,true,
3008,get,10685,true,
3242,get,2431,true,
3205,get,3873,true,
3228,get,3281,true,
2999,get,10734,true,
3229,get,3289,true,
3048,get,8324,true,
3232,get,3008,true,
2698,get,21355,true,
3240,get,2504,true,
3246,get,2487,true,
3206,get,3939,true,
3173,get,4020,true,
3203,get,3953,true,
3093,get,7256,true,
3199,get,3980,true,
3014,get,10702,true,
3221,get,3427,true,
3225,get,3419,true,
3223,get,3432,true,
3063,get,8374,true,
3043,get,8458,true,
2899,get,14482,true,
3218,get,3792,true,
3006,get,10864,true,
3204,get,4041,true,
3012,get,10853,true,
3183,get,4097,true,
3180,get,4115,true,
3194,get,4094,true,
3234,get,2692,true,
3192,get,4114,true,
3245,get,2652,true,
3243,get,2665,true,
3201,get,4121,true,
3002,get,10955,true,
2763,get,20755,true,
3015,get,10718,true,
3179,get,4188,true,
3226,get,3563,true,
3244,get,2711,true,
3016,get,10690,true,
3247,get,2702,true,
3224,get,3597,true,
3249,get,2572,true,
3013,get,10957,true,
3196,get,4214,true,
3210,get,4179,true,
3010,get,11024,true,
3236,get,2815,true,
3230,get,3474,true,
3182,get,4276,true,
3011,get,11057,true,
3241,get,2824,true,
3227,get,3665,true,
3195,get,4287,true,
3200,get,4277,true,
3172,get,4353,true,
3248,get,2717,true,
3176,get,4352,true,
3258,get,486,true,
3222,get,3741,true,
3239,get,2899,true,
3237,get,2917,true,
3197,get,4341,true,
3175,get,4398,true,
2689,get,21831,true,
3202,get,4555,true,
3041,get,9004,true,
3255,get,788,true,
3070,get,9480,true,
3054,get,9533,true,
3051,get,9551,true,
3251,get,1394,true,
3254,get,1367,true,
3098,get,8434,true,
3233,get,3787,true,
3102,get,8420,true,
3062,get,9553,true,
2882,get,16435,true,
3111,get,8005,true,
3089,get,8717,true,
3090,get,8719,true,
3253,get,1443,true,
3099,get,8499,true,
3058,get,9619,true,
3120,get,7921,true,
3310,get,1453,true,
3044,get,10087,true,
3117,get,7978,true,
3074,get,9677,true,
3113,get,8422,true,
2900,get,16128,true,
3118,get,7988,true,
3297,get,1582,true,
3066,get,10054,true,
3094,get,8990,true,
3275,get,1757,true,
3050,get,10115,true,
3121,get,7969,true,
3080,get,9634,true,
3119,get,8009,true,
3091,get,9197,true,
3252,get,1955,true,
2901,get,16166,true,
3115,get,8063,true,
3124,get,7872,true,
3116,get,8055,true,
3238,get,4317,true,
3110,get,8608,true,
3122,get,7989,true,
3112,get,8543,true,
3057,get,10133,true,
3060,get,10130,true,
3257,get,1972,true,
3114,get,8190,true,
3046,get,10277,true,
3049,get,10265,true,
3073,get,9865,true,
3107,get,9108,true,
2690,get,23394,true,
3185,get,6020,true,
3181,get,6042,true,
3005,get,12849,true,
3104,get,9312,true,
3215,get,5914,true,
3178,get,6228,true,
2748,get,23523,true,
3186,get,6222,true,
3177,get,6518,true,
3059,get,10854,true,
3097,get,9751,true,
3109,get,9390,true,
3100,get,9760,true,
3108,get,9469,true,
3056,get,10902,true,
3082,get,10157,true,
3092,get,9991,true,
3209,get,6602,true,
3343,get,1516,true,
3320,get,2458,true,
3344,get,1553,true,
3271,get,2832,true,
3332,get,2234,true,
3235,get,5415,true,
3329,get,2492,true,
3323,get,2581,true,
3274,get,2961,true,
3312,get,2694,true,
3346,get,1695,true,
3330,get,2588,true,
3314,get,2726,true,
3342,get,1791,true,
3267,get,3102,true,
3340,get,1829,true,
3313,get,2825,true,
3071,get,11161,true,
3371,get,1364,true,
3345,get,1895,true,
3217,get,6875,true,
3347,get,1928,true,
3278,get,3198,true,
3339,get,1997,true,
3384,get,1543,true,
3368,get,1766,true,
3174,get,7552,true,
3317,get,3242,true,
3377,get,1753,true,
3294,get,3429,true,
3316,get,3269,true,
3298,get,3404,true,
3365,get,1814,true,
3281,get,3541,true,
3042,get,11975,true,
3362,get,1841,true,
3379,get,1752,true,
3337,get,2396,true,
3372,get,1833,true,
3348,get,2326,true,
3341,get,2400,true,
3383,get,1683,true,
3045,get,12018,true,
3355,get,1915,true,
3389,get,1508,true,
3088,get,11143,true,
3261,get,3793,true,
3382,get,1792,true,
3369,get,1939,true,
3381,get,1856,true,
3335,get,2598,true,
3385,get,1760,true,
3364,get,2046,true,
3293,get,3946,true,
3307,get,4372,true,
3356,get,2870,true,
3391,get,2368,true,
3438,get,1013,true,
3311,get,4367,true,
3361,get,2867,true,
3367,get,2854,true,
3354,get,2910,true,
3268,get,4694,true,
3291,get,4540,true,
3349,get,3360,true,
3395,get,2123,true,
3280,get,4615,true,
3322,get,4314,true,
3273,get,4672,true,
3331,get,4059,true,
3386,get,2610,true,
3333,get,4028,true,
3263,get,4765,true,
3279,get,4647,true,
3259,get,4814,true,
3417,get,1664,true,
3374,get,2922,true,
3352,get,3007,true,
3387,get,2634,true,
3388,get,2592,true,
3301,get,4534,true,
3363,get,2968,true,
3277,get,4716,true,
3288,get,4630,true,
3287,get,4646,true,
3305,get,4519,true,
3292,get,4615,true,
3353,get,3028,true,
3318,get,4432,true,
3370,get,2969,true,
3397,get,2194,true,
3269,get,4795,true,
3264,get,4837,true,
3400,get,2186,true,
3375,get,2967,true,
3378,get,2922,true,
3401,get,2179,true,
3357,get,3033,true,
3406,get,1968,true,
3319,get,4451,true,
3282,get,4727,true,
3326,get,4412,true,
3359,get,3032,true,
3376,get,2983,true,
3358,get,3046,true,
3373,get,3007,true,
3303,get,4588,true,
3315,get,4506,true,
3289,get,4703,true,
3334,get,3618,true,
3300,get,4621,true,
3336,get,3604,true,
3380,get,2907,true,
3350,get,3116,true,
3413,get,1843,true,
3338,get,3604,true,
3366,get,3050,true,
3265,get,4905,true,
3405,get,2027,true,
3283,get,4787,true,
3394,get,2369,true,
3328,get,6271,true,
3399,get,4118,true,
3437,get,3104,true,
3420,get,3628,true,
3423,get,3604,true,
3286,get,6725,true,
3456,get,2738,true,
3435,get,3248,true,
3450,get,3171,true,
3436,get,3326,true,
3250,get,9117,true,
3433,get,3394,true,
3309,get,6741,true,
3451,get,3277,true,
3256,get,7158,true,
3443,get,3429,true,
3488,get,2380,true,
3480,get,2461,true,
3474,get,2530,true,
3446,get,3600,true,
3467,get,2599,true,
3306,get,7055,true,
3447,get,3640,true,
3459,get,2703,true,
3403,get,4614,true,
3392,get,5146,true,
3411,get,4470,true,
3414,get,4449,true,
3521,get,2608,true,
3464,get,2809,true,
3418,get,4454,true,
3262,get,7619,true,
3495,get,2773,true,
3425,get,4317,true,
3514,get,2740,true,
3407,get,4702,true,
3462,get,2936,true,
3468,get,2916,true,
3486,get,2846,true,
3498,get,2825,true,
3520,get,2768,true,
3276,get,7601,true,
3479,get,2900,true,
3453,get,3848,true,
3440,get,4031,true,
3465,get,3009,true,
3270,get,7695,true,
3260,get,7776,true,
3535,get,738,true,
3296,get,7554,true,
3454,get,3918,true,
3324,get,7376,true,
3515,get,2964,true,
3442,get,4166,true,
3410,get,4865,true,
3489,get,3068,true,
3460,get,3247,true,
3285,get,7798,true,
3412,get,4924,true,
3428,get,4357,true,
3519,get,3096,true,
3424,get,4720,true,
3408,get,5083,true,
3404,get,5246,true,
3441,get,4438,true,
3477,get,3398,true,
3445,get,4472,true,
3461,get,3498,true,
3422,get,4986,true,
3473,get,3515,true,
3299,get,8021,true,
3402,get,5561,true,
3393,get,5738,true,
3452,get,4501,true,
3409,get,5384,true,
3449,get,4598,true,
3427,get,4789,true,
3434,get,4717,true,
3429,get,4754,true,
3455,get,4495,true,
3444,get,4695,true,
3448,get,4650,true,
3266,get,8408,true,
3431,get,4782,true,
3419,get,5248,true,
3272,get,8376,true,
3421,get,5228,true,
3432,get,4856,true,
3284,get,8368,true,
3430,get,4959,true,
3321,get,8179,true,
3325,get,8309,true,
3426,get,5455,true,
3327,get,8301,true,
3416,get,5724,true,
3469,get,4206,true,
3534,get,1921,true,
3472,get,4215,true,
3507,get,4103,true,
3398,get,6377,true,
3522,get,4184,true,
3487,get,4352,true,
3497,get,4346,true,
3542,get,1976,true,
3295,get,9042,true,
3396,get,6675,true,
3475,get,4638,true,
3302,get,9150,true,
3415,get,6356,true,
3481,get,4913,true,
3470,get,4994,true,
3304,get,9487,true,
3482,get,4976,true,
3360,get,7952,true,
3571,get,2048,true,
3502,get,4934,true,
3483,get,4994,true,
3478,get,5016,true,
3501,get,4955,true,
3548,get,2354,true,
3485,get,5009,true,
3466,get,5085,true,
3539,get,2684,true,
3484,get,5024,true,
3567,get,2118,true,
3457,get,5154,true,
3471,get,5099,true,
3439,get,6158,true,
3499,get,5006,true,
3559,get,2214,true,
3490,get,5033,true,
3575,get,2045,true,
3496,get,5024,true,
3512,get,5019,true,
3290,get,9792,true,
3533,get,2989,true,
3308,get,9711,true,
3609,get,1642,true,
3506,get,5252,true,
3624,get,1033,true,
3513,get,5289,true,
3390,get,7937,true,
3511,get,5384,true,
3351,get,8584,true,
3565,get,2993,true,
3529,get,4093,true,
3563,get,3319,true,
3588,get,2863,true,
3623,get,1997,true,
3584,get,3014,true,
3585,get,3010,true,
3590,get,2838,true,
3582,get,3067,true,
3546,get,3673,true,
3587,get,2933,true,
3560,get,3514,true,
3537,get,4083,true,
3549,get,3700,true,
3543,get,3851,true,
3517,get,6283,true,
3516,get,7086,true,
3579,get,4975,true,
3628,get,3594,true,
3612,get,4349,true,
3577,get,5002,true,
3617,get,4112,true,
3621,get,3921,true,
3599,get,4518,true,
3566,get,5202,true,
3581,get,4941,true,
3619,get,3951,true,
3606,get,4478,true,
3523,get,7923,true,
3632,get,3467,true,
3589,get,4733,true,
3630,get,3520,true,
3615,get,4168,true,
3553,get,5394,true,
3629,get,3618,true,
3667,get,2553,true,
3573,get,5142,true,
3510,get,8054,true,
3532,get,5978,true,
3597,get,4592,true,
3611,get,4442,true,
3663,get,2796,true,
3491,get,8125,true,
3458,get,8269,true,
3528,get,6099,true,
3614,get,4358,true,
3551,get,5443,true,
3618,get,4127,true,
3638,get,3176,true,
3647,get,3138,true,
3576,get,5119,true,
3562,get,5320,true,
3592,get,4749,true,
3463,get,8267,true,
3668,get,2300,true,
3658,get,3002,true,
3646,get,3166,true,
3601,get,4646,true,
3656,get,3166,true,
3657,get,3132,true,
3644,get,3219,true,
3651,get,3209,true,
3594,get,4895,true,
3524,get,6437,true,
3643,get,3375,true,
3583,get,5224,true,
3642,get,3404,true,
3476,get,8461,true,
3544,get,5882,true,
3645,get,3402,true,
3660,get,3192,true,
3531,get,6318,true,
3634,get,3510,true,
3649,get,3408,true,
3654,get,3391,true,
3652,get,3399,true,
3655,get,3389,true,
3574,get,5460,true,
3494,get,8429,true,
3635,get,3490,true,
3555,get,5666,true,
3659,get,3367,true,
3536,get,7101,true,
3681,get,2998,true,
3669,get,3188,true,
3670,get,3178,true,
3677,get,3140,true,
3650,get,4344,true,
3500,get,9341,true,
3664,get,4015,true,
3665,get,3951,true,
3540,get,6998,true,
3662,get,4085,true,
3578,get,6332,true,
3653,get,4353,true,
3626,get,5021,true,
3640,get,4417,true,
3661,get,4144,true,
3641,get,4421,true,
3545,get,6870,true,
3678,get,3183,true,
3627,get,4976,true,
3672,get,3220,true,
3648,get,4404,true,
3541,get,6985,true,
3518,get,9345,true,
3525,get,7482,true,
3604,get,5846,true,
3572,get,6469,true,
3616,get,5496,true,
3602,get,5881,true,
3697,get,1357,true,
3600,get,5894,true,
3620,get,5314,true,
3530,get,7376,true,
3547,get,6883,true,
3580,get,6339,true,
3509,get,9409,true,
3636,get,4508,true,
3558,get,6659,true,
3554,get,6695,true,
3605,get,5885,true,
3493,get,9461,true,
3631,get,4873,true,
3561,get,6648,true,
3503,get,9438,true,
3633,get,4593,true,
3526,get,7528,true,
3556,get,6697,true,
3613,get,5720,true,
3596,get,5979,true,
3550,get,6812,true,
3593,get,6054,true,
3591,get,6117,true,
3504,get,9458,true,
3666,get,4057,true,
3622,get,5353,true,
3586,get,6292,true,
3538,get,7230,true,
3569,get,6603,true,
3637,get,4548,true,
3552,get,6819,true,
3508,get,9463,true,
3492,get,9513,true,
3625,get,5172,true,
3699,get,1476,true,
3683,get,3234,true,
3674,get,3512,true,
3595,get,6612,true,
3527,get,8100,true,
3598,get,6602,true,
3701,get,2122,true,
3755,get,872,true,
3812,get,717,true,
3570,get,7330,true,
3715,get,2111,true,
3557,get,7489,true,
3747,get,1990,true,
3505,get,10395,true,
3692,get,2376,true,
3679,get,4119,true,
3708,get,2340,true,
3705,get,2369,true,
3688,get,2461,true,
3675,get,4337,true,
3723,get,2393,true,
3608,get,6964,true,
3610,get,6949,true,
3749,get,2063,true,
3694,get,2528,true,
3732,get,2255,true,
3693,get,2556,true,
3741,get,2216,true,
3740,get,2274,true,
3671,get,4532,true,
3698,get,3066,true,
3564,get,8303,true,
3639,get,6187,true,
3773,get,1750,true,
3712,get,3043,true,
3673,get,4988,true,
3716,get,3040,true,
3684,get,4025,true,
3680,get,4852,true,
3731,get,2860,true,
3607,get,7613,true,
3754,get,1850,true,
3787,get,1758,true,
3695,get,3146,true,
3603,get,7662,true,
3676,get,5015,true,
3717,get,3086,true,
3730,get,2890,true,
3746,get,2799,true,
3714,get,3106,true,
3696,get,3165,true,
3707,get,3148,true,
3568,get,8899,true,
3795,get,2313,true,
3845,get,888,true,
3748,get,3599,true,
3718,get,3896,true,
3706,get,3944,true,
3818,get,1980,true,
3702,get,4015,true,
3833,get,1560,true,
3745,get,3693,true,
3726,get,3936,true,
3700,get,4050,true,
3724,get,3984,true,
3720,get,4003,true,
3710,get,4043,true,
3729,get,3941,true,
3753,get,2830,true,
3711,get,4059,true,
3742,get,3807,true,
3739,get,3867,true,
3853,get,1081,true,
3843,get,1158,true,
3856,get,1104,true,
3842,get,1645,true,
3727,get,4148,true,
3844,get,1241,true,
3831,get,1919,true,
3744,get,4671,true,
3822,get,2856,true,
3734,get,4717,true,
3801,get,3615,true,
3728,get,4904,true,
3826,get,2684,true,
3722,get,4968,true,
3799,get,3640,true,
3840,get,2490,true,
3798,get,3647,true,
3823,get,2891,true,
3793,get,3667,true,
3780,get,3704,true,
3772,get,3732,true,
3835,get,2571,true,
3719,get,5005,true,
3841,get,2461,true,
3737,get,4763,true,
3709,get,5044,true,
3690,get,5107,true,
3829,get,2707,true,
3735,get,4781,true,
3759,get,3803,true,
3733,get,4801,true,
3794,get,3701,true,
3849,get,1997,true,
3809,get,3670,true,
3816,get,3083,true,
3836,get,2599,true,
3689,get,5141,true,
3788,get,3726,true,
3756,get,3825,true,
3828,get,2742,true,
3815,get,3482,true,
3743,get,4768,true,
3814,get,3604,true,
3685,get,5161,true,
3817,get,3085,true,
3837,get,2602,true,
3721,get,5053,true,
3824,get,2926,true,
3834,get,2639,true,
3704,get,5101,true,
3686,get,5171,true,
3827,get,2766,true,
3792,get,3739,true,
3839,get,2588,true,
3832,get,2676,true,
3825,get,2788,true,
3820,get,2988,true,
3830,get,2744,true,
3838,get,2605,true,
3821,get,2991,true,
3691,get,5164,true,
3687,get,5188,true,
3819,get,3012,true,
3703,get,5594,true,
3736,get,5329,true,
3855,get,2534,true,
3738,get,5413,true,
3771,get,4399,true,
3847,get,2695,true,
3725,get,5703,true,
3854,get,2713,true,
3760,get,4601,true,
3790,get,4514,true,
3850,get,2848,true,
3846,get,2878,true,
3682,get,7728,true,
3888,get,2610,true,
3789,get,5498,true,
3872,get,2875,true,
3768,get,5582,true,
3848,get,3829,true,
3883,get,2793,true,
3884,get,2758,true,
3866,get,3240,true,
3851,get,3851,true,
3785,get,5581,true,
3870,get,2992,true,
3868,get,3011,true,
3858,get,3836,true,
3871,get,2957,true,
3770,get,5661,true,
3874,get,3071,true,
3879,get,3104,true,
3891,get,3267,true,
3779,get,6473,true,
3899,get,2784,true,
3791,get,6445,true,
3875,get,3783,true,
3925,get,2734,true,
3876,get,3790,true,
3782,get,6489,true,
3906,get,2788,true,
3977,get,688,true,
3895,get,2890,true,
3960,get,1937,true,
3775,get,8063,true,
3953,get,3619,true,
3776,get,8060,true,
3954,get,3590,true,
3974,get,2442,true,
3881,get,5334,true,
3806,get,8005,true,
3878,get,5367,true,
3804,get,8023,true,
3961,get,2559,true,
3971,get,2484,true,
3915,get,4356,true,
3976,get,2340,true,
3763,get,8155,true,
3769,get,8139,true,
3952,get,3732,true,
3917,get,4369,true,
3950,get,3796,true,
3966,get,2534,true,
3956,get,3579,true,
3774,get,8139,true,
3807,get,8057,true,
3962,get,2598,true,
3965,get,2563,true,
3757,get,8206,true,
3955,get,3648,true,
3972,get,2523,true,
3865,get,5788,true,
3803,get,8084,true,
3751,get,8240,true,
3761,get,8201,true,
3964,get,2603,true,
3811,get,8078,true,
3951,get,3782,true,
3813,get,8030,true,
3973,get,2541,true,
3975,get,2535,true,
3810,get,8094,true,
3949,get,3884,true,
3968,get,2575,true,
3893,get,5244,true,
3948,get,4651,true,
3894,get,5256,true,
3989,get,2351,true,
3797,get,8883,true,
3800,get,8888,true,
3764,get,8993,true,
3796,get,8909,true,
3981,get,2482,true,
3777,get,8974,true,
3762,get,9022,true,
4002,get,869,true,
3957,get,4434,true,
3886,get,6103,true,
3885,get,6126,true,
3808,get,8915,true,
3985,get,2488,true,
3969,get,3392,true,
3927,get,5235,true,
3984,get,2498,true,
3978,get,2743,true,
3986,get,2497,true,
3869,get,6397,true,
3983,get,2514,true,
3758,get,9071,true,
3980,get,2534,true,
3982,get,2526,true,
3805,get,8953,true,
3970,get,3417,true,
3783,get,9009,true,
3889,get,6105,true,
3859,get,7309,true,
3946,get,5317,true,
3877,get,6813,true,
4035,get,705,true,
4049,get,654,true,
3750,get,9751,true,
4051,get,654,true,
3781,get,9653,true,
4050,get,663,true,
3924,get,5910,true,
4033,get,740,true,
3861,get,7870,true,
4037,get,713,true,
3752,get,9767,true,
3987,get,3151,true,
4060,get,649,true,
3963,get,4132,true,
3765,get,9724,true,
3997,get,1598,true,
3967,get,4093,true,
4003,get,1586,true,
3994,get,1618,true,
4043,get,712,true,
3958,get,5097,true,
3864,get,7869,true,
3887,get,6805,true,
3766,get,9737,true,
3882,get,6967,true,
4034,get,844,true,
3900,get,6101,true,
3959,get,5197,true,
3802,get,9765,true,
4032,get,900,true,
3860,get,8110,true,
4058,get,899,true,
3922,get,6238,true,
3767,get,10072,true,
3778,get,10106,true,
3988,get,3571,true,
3918,get,6415,true,
3890,get,7209,true,
3862,get,8553,true,
3863,get,8739,true,
3897,get,6926,true,
3880,get,8175,true,
3784,get,10892,true,
4027,get,2745,true,
3713,get,12231,true,
4009,get,2986,true,
4104,get,504,true,
4091,get,1305,true,
3892,get,7456,true,
4022,get,2965,true,
4103,get,576,true,
4029,get,2953,true,
4004,get,3020,true,
4006,get,3016,true,
4005,get,3023,true,
4013,get,3004,true,
4017,get,2990,true,
4026,get,2972,true,
4015,get,3007,true,
4011,get,3017,true,
4025,get,2981,true,
4099,get,1012,true,
3896,get,7471,true,
3941,get,8220,true,
4120,get,867,true,
4109,get,895,true,
4121,get,866,true,
3786,get,11985,true,
4114,get,900,true,
4112,get,905,true,
4115,get,911,true,
3914,get,8301,true,
4117,get,914,true,
3938,get,8267,true,
3939,get,8271,true,
4001,get,3956,true,
4118,get,921,true,
4119,get,922,true,
3937,get,8285,true,
4007,get,3950,true,
3944,get,8278,true,
3942,get,8287,true,
4111,get,958,true,
4012,get,3946,true,
3943,get,8292,true,
4008,get,3958,true,
4107,get,1168,true,
4126,get,932,true,
3947,get,8294,true,
4010,get,3964,true,
4108,get,1171,true,
3945,get,8306,true,
3873,get,9420,true,
4116,get,968,true,
4124,get,951,true,
3867,get,9494,true,
4122,get,962,true,
4106,get,1199,true,
3857,get,10324,true,
4110,get,1001,true,
4105,get,1206,true,
4113,get,995,true,
4123,get,973,true,
3940,get,8337,true,
3852,get,10358,true,
3932,get,8363,true,
3913,get,8456,true,
4125,get,1046,true,
3934,get,8464,true,
3908,get,8586,true,
3905,get,8651,true,
3916,get,8695,true,
3907,get,8767,true,
3935,get,8736,true,
3911,get,8786,true,
3903,get,8859,true,
3936,get,8814,true,
3904,get,8883,true,
3910,get,8903,true,
3926,get,8996,true,
3920,get,9049,true,
3902,get,9132,true,
4127,get,886,true,
3931,get,9198,true,
4134,get,956,true,
3923,get,9269,true,
4129,get,1017,true,
4128,get,1019,true,
4131,get,1047,true,
4167,get,1638,true,
4059,get,4739,true,
4031,get,4854,true,
4062,get,4656,true,
4045,get,4778,true,
4030,get,4864,true,
4133,get,2299,true,
4185,get,1494,true,
4175,get,1902,true,
4036,get,5396,true,
4171,get,2150,true,
4169,get,2221,true,
4145,get,2285,true,
4042,get,5390,true,
4151,get,2284,true,
4161,get,2270,true,
4047,get,5395,true,
4158,get,2292,true,
4157,get,2304,true,
4148,get,2332,true,
4164,get,2297,true,
4173,get,2122,true,
4048,get,5433,true,
3921,get,10685,true,
4061,get,5346,true,
4132,get,2429,true,
4143,get,2393,true,
4156,get,2379,true,
4181,get,2096,true,
3933,get,11056,true,
4197,get,1076,true,
4199,get,540,true,
4195,get,1112,true,
4200,get,576,true,
4055,get,5913,true,
3898,get,11283,true,
4198,get,1210,true,
4194,get,1228,true,
4190,get,1980,true,
4187,get,2073,true,
4084,get,5408,true,
3912,get,11547,true,
4166,get,3166,true,
4230,get,510,true,
4146,get,3482,true,
4170,get,3393,true,
4038,get,6628,true,
4189,get,2569,true,
4223,get,758,true,
4052,get,6606,true,
4204,get,1564,true,
4159,get,3834,true,
4141,get,3922,true,
4180,get,3400,true,
4188,get,3000,true,
4054,get,6994,true,
4140,get,3957,true,
4202,get,1681,true,
4152,get,3943,true,
3928,get,12283,true,
4205,get,2066,true,
4135,get,4382,true,
4150,get,4343,true,
4137,get,4393,true,
4081,get,6749,true,
3901,get,12745,true,
4177,get,3941,true,
4201,get,2111,true,
4147,get,4379,true,
4149,get,4381,true,
4178,get,3946,true,
4046,get,7478,true,
4090,get,6678,true,
4208,get,2092,true,
4057,get,7460,true,
4168,get,4356,true,
4075,get,6807,true,
4088,get,6771,true,
4076,get,6841,true,
4067,get,6956,true,
4144,get,4618,true,
4183,get,3956,true,
4186,get,3868,true,
4063,get,7248,true,
4066,get,7131,true,
4082,get,7112,true,
4174,get,4450,true,
4083,get,7133,true,
4039,get,7868,true,
4068,get,7187,true,
4069,get,7204,true,
4094,get,6967,true,
4041,get,7917,true,
4095,get,6995,true,
4153,get,4848,true,
4073,get,7299,true,
4163,get,5075,true,
4093,get,7484,true,
4172,get,5081,true,
4071,get,7655,true,
4074,get,7656,true,
4064,get,7687,true,
4179,get,4774,true,
4077,get,7669,true,
4222,get,2523,true,
4191,get,4325,true,
4196,get,3670,true,
4130,get,5457,true,
4155,get,5421,true,
4221,get,2872,true,
4044,get,8669,true,
4080,get,8020,true,
4165,get,5599,true,
4210,get,3385,true,
4089,get,8015,true,
4229,get,2817,true,
4249,get,1791,true,
4209,get,3459,true,
3979,get,11382,true,
4142,get,5806,true,
4192,get,4857,true,
4203,get,3623,true,
4087,get,8292,true,
4056,get,8993,true,
4070,get,8363,true,
4072,get,8374,true,
4136,get,6021,true,
4220,get,3707,true,
4138,get,6134,true,
4176,get,5710,true,
4160,get,6121,true,
3930,get,14522,true,
4184,get,5610,true,
4251,get,2396,true,
4096,get,8447,true,
3909,get,14771,true,
3919,get,14757,true,
4232,get,3534,true,
4193,get,4872,true,
4319,get,825,true,
4024,get,10750,true,
4316,get,1756,true,
4313,get,1860,true,
4294,get,2447,true,
4323,get,1568,true,
4322,get,1603,true,
4314,get,1837,true,
4101,get,9675,true,
4212,get,5532,true,
4216,get,5519,true,
4253,get,3534,true,
4240,get,4367,true,
3990,get,11919,true,
4227,get,5047,true,
4078,get,10302,true,
4307,get,2190,true,
3929,get,16224,true,
4311,get,2129,true,
4162,get,7886,true,
4330,get,1421,true,
4258,get,3556,true,
4224,get,5141,true,
4235,get,4722,true,
4040,get,11041,true,
4206,get,5643,true,
4310,get,2173,true,
4248,get,4018,true,
4333,get,1115,true,
4213,get,5613,true,
4305,get,2313,true,
4252,get,3985,true,
4257,get,3594,true,
4320,get,1857,true,
4250,get,4019,true,
4256,get,3605,true,
4226,get,5137,true,
3998,get,11968,true,
4244,get,4119,true,
4245,get,4074,true,
4234,get,4787,true,
4247,get,4068,true,
4092,get,10242,true,
4324,get,1772,true,
4219,get,5618,true,
4098,get,9972,true,
4085,get,10387,true,
4297,get,2730,true,
4217,get,5640,true,
4154,get,7994,true,
4332,get,1198,true,
4214,get,5672,true,
3999,get,12012,true,
4100,get,9940,true,
4296,get,2751,true,
4309,get,2307,true,
4272,get,3505,true,
4053,get,11113,true,
4268,get,3638,true,
4308,get,2319,true,
4329,get,1624,true,
4000,get,12039,true,
4231,get,5129,true,
4097,get,10098,true,
4274,get,3429,true,
4312,get,2275,true,
4238,get,4559,true,
4264,get,3682,true,
4290,get,2841,true,
4321,get,1969,true,
4139,get,8103,true,
4273,get,3474,true,
4317,get,2138,true,
4304,get,2462,true,
4246,get,4179,true,
4271,get,3649,true,
4255,get,3751,true,
4331,get,1546,true,
4182,get,7550,true,
4237,get,4631,true,
4086,get,10495,true,
4266,get,3718,true,
4016,get,12050,true,
3992,get,12146,true,
4243,get,4283,true,
4079,get,10523,true,
4270,get,3718,true,
3996,get,12138,true,
4298,get,2861,true,
3991,get,12167,true,
4318,get,2179,true,
3995,get,12151,true,
4295,get,2883,true,
4102,get,9875,true,
4326,get,1807,true,
4215,get,5808,true,
4065,get,10587,true,
4306,get,2463,true,
4014,get,12112,true,
4020,get,12099,true,
4019,get,12105,true,
4021,get,12104,true,
4023,get,12099,true,
4293,get,2928,true,
4241,get,4662,true,
3993,get,12210,true,
4267,get,3790,true,
4018,get,12128,true,
4289,get,3083,true,
4315,get,2289,true,
4028,get,12111,true,
4239,get,4693,true,
4269,get,3839,true,
4265,get,4343,true,
4254,get,4397,true,
4327,get,2391,true,
4242,get,6140,true,
4328,get,3279,true,
4261,get,5332,true,
4325,get,3386,true,
4364,get,1780,true,
4262,get,5367,true,
4283,get,5077,true,
4280,get,5471,true,
4278,get,5579,true,
4275,get,5647,true,
4263,get,5974,true,
4372,get,2399,true,
4362,get,2686,true,
4337,get,2942,true,
4338,get,2950,true,
4334,get,3003,true,
4404,get,2612,true,
4368,get,2734,true,
4282,get,5938,true,
4276,get,6023,true,
4284,get,5920,true,
4363,get,2958,true,
4340,get,3347,true,
4367,get,3185,true,
4413,get,3084,true,
4350,get,3296,true,
4357,get,3298,true,
4428,get,3073,true,
4388,get,3206,true,
4379,get,3243,true,
4285,get,6436,true,
4399,get,3179,true,
4286,get,6421,true,
4441,get,3061,true,
4386,get,3303,true,
4431,get,3164,true,
4439,get,3143,true,
4349,get,3466,true,
4352,get,3461,true,
4277,get,6681,true,
4423,get,3245,true,
4387,get,3371,true,
4279,get,6682,true,
4395,get,3393,true,
4407,get,3360,true,
4383,get,3431,true,
4380,get,3503,true,
4384,get,3507,true,
4287,get,6685,true,
4288,get,6660,true,
4398,get,3488,true,
4343,get,3687,true,
4433,get,3451,true,
4438,get,3440,true,
4389,get,3594,true,
4403,get,4337,true,
4434,get,4239,true,
4437,get,4227,true,
4303,get,6853,true,
4228,get,9542,true,
4426,get,4285,true,
4451,get,2726,true,
4447,get,3698,true,
4400,get,4379,true,
4346,get,4560,true,
4392,get,4411,true,
4299,get,7108,true,
4427,get,4309,true,
4391,get,4429,true,
4342,get,4598,true,
4301,get,7046,true,
4405,get,4395,true,
4420,get,4351,true,
4355,get,4559,true,
4412,get,4390,true,
4432,get,4478,true,
4211,get,10327,true,
4396,get,4599,true,
4436,get,4478,true,
4424,get,4550,true,
4450,get,3000,true,
4419,get,4738,true,
4430,get,4712,true,
4393,get,4845,true,
4353,get,4980,true,
4354,get,4995,true,
4418,get,4846,true,
4421,get,5264,true,
4347,get,5546,true,
4335,get,5756,true,
4446,get,4723,true,
4425,get,5322,true,
4402,get,5468,true,
4445,get,4828,true,
4410,get,5496,true,
4435,get,5444,true,
4484,get,2832,true,
4465,get,3470,true,
4489,get,2768,true,
4452,get,4439,true,
4539,get,705,true,
4538,get,718,true,
4458,get,3833,true,
4486,get,2813,true,
4378,get,6191,true,
4535,get,790,true,
4409,get,6096,true,
4459,get,3816,true,
4406,get,6113,true,
4390,get,6161,true,
4408,get,6105,true,
4487,get,2820,true,
4485,get,2841,true,
4536,get,770,true,
4488,get,2836,true,
4537,get,775,true,
4473,get,3024,true,
4415,get,6116,true,
4490,get,2879,true,
4344,get,6749,true,
4467,get,4004,true,
4498,get,3165,true,
4543,get,1112,true,
4518,get,2254,true,
4468,get,4029,true,
4541,get,1183,true,
4499,get,3191,true,
4454,get,4906,true,
4461,get,4110,true,
4502,get,3147,true,
4471,get,3629,true,
4470,get,3676,true,
4513,get,2325,true,
4460,get,4155,true,
4466,get,4090,true,
4456,get,4503,true,
4497,get,3257,true,
4480,get,3551,true,
4540,get,1266,true,
4463,get,4129,true,
4495,get,3293,true,
4479,get,3615,true,
4526,get,2239,true,
4475,get,3703,true,
4562,get,731,true,
4510,get,2561,true,
4457,get,5341,true,
4472,get,4473,true,
4551,get,1498,true,
4506,get,3381,true,
4514,get,3353,true,
4553,get,1668,true,
4547,get,1813,true,
4417,get,7866,true,
4521,get,3513,true,
4580,get,1254,true,
4524,get,3394,true,
4394,get,7991,true,
4545,get,1875,true,
4542,get,2467,true,
4550,get,1878,true,
4568,get,1348,true,
4559,get,1874,true,
4373,get,9488,true,
4366,get,9510,true,
4504,get,5078,true,
4566,get,3200,true,
4585,get,2687,true,
4589,get,2644,true,
4549,get,3324,true,
4517,get,5047,true,
4582,get,2727,true,
4587,get,2714,true,
4558,get,3330,true,
4300,get,12148,true,
4218,get,15164,true,
4584,get,2739,true,
4511,get,5098,true,
4492,get,6101,true,
4556,get,3350,true,
4503,get,5138,true,
4575,get,2791,true,
4581,get,2767,true,
4233,get,14543,true,
4529,get,4699,true,
4576,get,2800,true,
4577,get,2794,true,
4225,get,14777,true,
4527,get,4881,true,
4496,get,6033,true,
4570,get,2844,true,
4519,get,5101,true,
4522,get,5087,true,
4569,get,2868,true,
4588,get,2888,true,
4259,get,13344,true,
4591,get,2788,true,
4291,get,12524,true,
4360,get,9848,true,
4594,get,2196,true,
4595,get,2210,true,
4546,get,3723,true,
4598,get,2093,true,
4602,get,1927,true,
4530,get,5070,true,
4359,get,10100,true,
4599,get,2190,true,
4385,get,10049,true,
4381,get,10137,true,
4505,get,5740,true,
4596,get,2483,true,
4590,get,3293,true,
4523,get,5580,true,
4365,get,10291,true,
4358,get,10440,true,
4374,get,10499,true,
4533,get,5581,true,
4531,get,5619,true,
4356,get,10593,true,
4348,get,10624,true,
4534,get,5559,true,
4532,get,5648,true,
4443,get,10451,true,
4336,get,11041,true,
4369,get,10792,true,
4361,get,10824,true,
4661,get,2042,true,
4612,get,2822,true,
4621,get,2786,true,
4653,get,2284,true,
4639,get,2744,true,
4629,get,2772,true,
4644,get,2618,true,
4440,get,12154,true,
4620,get,2819,true,
4345,get,12464,true,
4414,get,12258,true,
4281,get,15624,true,
4422,get,12291,true,
4648,get,2572,true,
4377,get,12478,true,
4260,get,16117,true,
4429,get,12328,true,
4453,get,10748,true,
4623,get,2965,true,
4640,get,2916,true,
4371,get,12532,true,
4444,get,12275,true,
4636,get,2945,true,
4339,get,12794,true,
4631,get,2959,true,
4375,get,12553,true,
4654,get,2489,true,
4401,get,12468,true,
4236,get,17127,true,
4382,get,12551,true,
4370,get,12588,true,
4630,get,3002,true,
4637,get,2989,true,
4302,get,15085,true,
4448,get,10900,true,
4622,get,3037,true,
4628,get,3022,true,
4376,get,12589,true,
4341,get,12723,true,
4643,get,2875,true,
4292,get,15348,true,
4659,get,2394,true,
4641,get,3003,true,
4632,get,3029,true,
4627,get,3047,true,
4449,get,10910,true,
4652,get,2659,true,
4618,get,3087,true,
4611,get,3137,true,
4658,get,2438,true,
4626,get,3069,true,
4397,get,12559,true,
4642,get,2918,true,
4351,get,12729,true,
4442,get,12527,true,
4656,get,2761,true,
4625,get,3454,true,
4657,get,3157,true,
4651,get,3456,true,
4565,get,7174,true,
4411,get,13319,true,
4645,get,3678,true,
4715,get,858,true,
4689,get,1026,true,
4563,get,7299,true,
4671,get,2854,true,
4668,get,3075,true,
4694,get,2258,true,
4646,get,5015,true,
4687,get,2401,true,
4494,get,11352,true,
4571,get,8189,true,
4728,get,2213,true,
4501,get,11348,true,
4493,get,11535,true,
4700,get,2444,true,
4724,get,2394,true,
4740,get,1525,true,
4737,get,1646,true,
4483,get,11837,true,
4688,get,2693,true,
4739,get,1573,true,
4574,get,8419,true,
4508,get,10817,true,
4733,get,1847,true,
4690,get,2797,true,
4699,get,2753,true,
4672,get,5209,true,
4478,get,12752,true,
4691,get,3511,true,
4464,get,13316,true,
4583,get,9221,true,
4711,get,3456,true,
4673,get,5286,true,
4720,get,3464,true,
4670,get,5431,true,
4701,get,3552,true,
4716,get,3514,true,
4712,get,3531,true,
4695,get,3608,true,
4615,get,6637,true,
4481,get,12885,true,
4491,get,12705,true,
4682,get,3810,true,
4744,get,1340,true,
4603,get,8179,true,
4600,get,8236,true,
4741,get,1470,true,
4606,get,8195,true,
4610,get,8168,true,
4753,get,1082,true,
4743,get,1395,true,
4696,get,3733,true,
4748,get,1275,true,
4705,get,3704,true,
4573,get,9522,true,
4727,get,3626,true,
4738,get,2744,true,
4567,get,9640,true,
4679,get,3947,true,
4601,get,8293,true,
4735,get,2846,true,
4706,get,3721,true,
4732,get,2901,true,
4677,get,3965,true,
4512,get,11842,true,
4730,get,3296,true,
4528,get,11595,true,
4544,get,10133,true,
4697,get,3782,true,
4703,get,3742,true,
4548,get,10137,true,
4554,get,10123,true,
4723,get,3707,true,
4560,get,10105,true,
4592,get,9368,true,
4663,get,5851,true,
4731,get,3022,true,
4713,get,3757,true,
4477,get,13108,true,
4736,get,2907,true,
4710,get,3789,true,
4561,get,10154,true,
4516,get,11912,true,
4692,get,3888,true,
4586,get,9585,true,
4693,get,3903,true,
4729,get,3503,true,
4734,get,2989,true,
4674,get,4122,true,
4708,get,3862,true,
4726,get,3823,true,
4597,get,8662,true,
4593,get,9465,true,
4725,get,3857,true,
4509,get,12049,true,
4552,get,10308,true,
4681,get,4158,true,
4476,get,13269,true,
4721,get,3908,true,
4722,get,3917,true,
4675,get,4233,true,
4702,get,3987,true,
4719,get,3940,true,
4704,get,3991,true,
4718,get,3961,true,
4707,get,4001,true,
4717,get,3982,true,
4698,get,4078,true,
4709,get,4039,true,
4714,get,4033,true,
4474,get,13405,true,
4578,get,9862,true,
4500,get,13020,true,
4515,get,12192,true,
4482,get,13340,true,
4469,get,13763,true,
4520,get,12197,true,
4525,get,12030,true,
4572,get,9952,true,
4507,get,12267,true,
4207,get,22425,true,
4754,get,1553,true,
4555,get,10526,true,
4557,get,10527,true,
4462,get,14068,true,
4756,get,1749,true,
4604,get,8940,true,
4749,get,2075,true,
4760,get,2043,true,
4750,get,2336,true,
4763,get,1347,true,
4746,get,2430,true,
4609,get,9346,true,
4745,get,2490,true,
4752,get,2258,true,
4770,get,1324,true,
4755,get,2251,true,
4747,get,2445,true,
4607,get,9369,true,
4751,get,2299,true,
4765,get,1412,true,
4608,get,9379,true,
4579,get,10926,true,
4757,get,2683,true,
4742,get,3607,true,
4416,get,18307,true,
4633,get,8862,true,
4767,get,2386,true,
4669,get,7904,true,
4758,get,3195,true,
4773,get,2343,true,
4850,get,1800,true,
4862,get,2668,true,
4841,get,3151,true,
4614,get,10237,true,
4820,get,3327,true,
4660,get,9505,true,
4655,get,9673,true,
4814,get,3377,true,
4838,get,3194,true,
4809,get,3408,true,
4813,get,3381,true,
4784,get,3508,true,
4617,get,10252,true,
4779,get,3543,true,
4870,get,2341,true,
4647,get,9897,true,
4868,get,2348,true,
4795,get,3482,true,
4786,get,3518,true,
4772,get,3658,true,
4761,get,3799,true,
4831,get,3268,true,
4796,get,3489,true,
4873,get,2345,true,
4664,get,9273,true,
4650,get,9872,true,
4836,get,3249,true,
4798,get,3496,true,
4855,get,3075,true,
4613,get,10293,true,
4638,get,10210,true,
4832,get,3277,true,
4616,get,10281,true,
4797,get,3507,true,
4806,get,3480,true,
4619,get,10276,true,
4790,get,3529,true,
4455,get,17584,true,
4875,get,2361,true,
4649,get,9905,true,
4787,get,3544,true,
4842,get,3206,true,
4835,get,3275,true,
4856,get,3088,true,
4867,get,2397,true,
4843,get,3201,true,
4829,get,3319,true,
4785,get,3559,true,
4866,get,2443,true,
4839,get,3253,true,
4665,get,9304,true,
4794,get,3539,true,
4854,get,3121,true,
4886,get,1351,true,
4869,get,2405,true,
4861,get,2840,true,
4667,get,9299,true,
4662,get,9447,true,
4791,get,3563,true,
4837,get,3291,true,
4666,get,9314,true,
4788,get,3566,true,
4780,get,3611,true,
4874,get,2402,true,
4857,get,3112,true,
4840,get,3166,true,
4876,get,3220,true,
4848,get,4012,true,
4879,get,2352,true,
4564,get,14559,true,
4885,get,2335,true,
4936,get,1217,true,
4947,get,1204,true,
4945,get,1208,true,
4943,get,1219,true,
4916,get,1266,true,
4877,get,3350,true,
4918,get,1267,true,
4939,get,1242,true,
4949,get,1231,true,
4951,get,1257,true,
4925,get,1710,true,
4880,get,3089,true,
4952,get,850,true,
4913,get,1730,true,
4955,get,738,true,
4950,get,1685,true,
4956,get,733,true,
4833,get,5021,true,
4926,get,1738,true,
4899,get,1796,true,
4821,get,5159,true,
4685,get,9239,true,
4906,get,1842,true,
4624,get,12077,true,
4937,get,1808,true,
4909,get,1888,true,
4860,get,4753,true,
4911,get,1912,true,
4917,get,1938,true,
4828,get,5262,true,
4910,get,1969,true,
4912,get,2002,true,
4884,get,3361,true,
4914,get,2124,true,
4954,get,1179,true,
4923,get,2309,true,
4921,get,2361,true,
4678,get,10200,true,
4812,get,6296,true,
4686,get,10239,true,
4817,get,6358,true,
4990,get,832,true,
4802,get,6447,true,
4962,get,1697,true,
4993,get,598,true,
4992,get,649,true,
4958,get,1733,true,
4961,get,1730,true,
4635,get,13213,true,
4897,get,3038,true,
4782,get,6563,true,
4676,get,10489,true,
4825,get,6369,true,
4803,get,6521,true,
4680,get,10482,true,
4684,get,10464,true,
4683,get,10481,true,
4605,get,14795,true,
4818,get,6457,true,
4774,get,6713,true,
4792,get,6585,true,
4991,get,914,true,
4808,get,6918,true,
4882,get,4872,true,
4996,get,644,true,
4822,get,6903,true,
4847,get,6673,true,
4804,get,7017,true,
4771,get,7224,true,
4762,get,7335,true,
4768,get,7270,true,
4998,get,595,true,
4824,get,6911,true,
4935,get,3524,true,
4810,get,7013,true,
4908,get,3570,true,
4883,get,4903,true,
4811,get,7021,true,
4769,get,7275,true,
4999,get,618,true,
4783,get,7123,true,
4891,get,3636,true,
4904,get,3602,true,
4994,get,852,true,
4989,get,1569,true,
4823,get,6972,true,
4819,get,6997,true,
4878,get,5455,true,
4853,get,6753,true,
4919,get,3668,true,
4997,get,728,true,
4942,get,3649,true,
4846,get,6849,true,
4776,get,7342,true,
4887,get,3762,true,
4766,get,7534,true,
4815,get,7209,true,
4830,get,7096,true,
4845,get,6965,true,
4930,get,3791,true,
4941,get,3786,true,
4940,get,3797,true,
4801,get,7344,true,
4778,get,7460,true,
4775,get,7525,true,
4894,get,3960,true,
4844,get,7109,true,
4834,get,7216,true,
4789,get,7491,true,
4764,get,7762,true,
4852,get,7093,true,
4634,get,14219,true,
4858,get,7087,true,
4807,get,7538,true,
4759,get,8580,true,
4849,get,7222,true,
4948,get,4053,true,
4800,get,7593,true,
4893,get,4175,true,
4865,get,6596,true,
4864,get,6615,true,
4799,get,7683,true,
4827,get,7502,true,
4881,get,5557,true,
4777,get,7872,true,
4927,get,4256,true,
4895,get,4423,true,
4892,get,4439,true,
4863,get,6848,true,
4859,get,7448,true,
4851,get,7507,true,
4781,get,7955,true,
4929,get,4383,true,
4872,get,6793,true,
4871,get,6849,true,
4905,get,4510,true,
4932,get,4481,true,
4995,get,1683,true,
4946,get,4538,true,
4898,get,4618,true,
4922,get,4581,true,
4907,get,4604,true,
4915,get,4619,true,
4901,get,4694,true,
4888,get,4749,true,
4924,get,4691,true,
4931,get,4709,true,
4933,get,4750,true,
4928,get,4778,true,
4889,get,4870,true,
4816,get,8237,true,
4890,get,4916,true,
4953,get,3986,true,
4966,get,3547,true,
4902,get,4903,true,
4903,get,4910,true,
4965,get,3619,true,
4896,get,4938,true,
4970,get,3214,true,
4938,get,4911,true,
4973,get,3284,true,
4934,get,5007,true,
4982,get,3158,true,
4981,get,3193,true,
4920,get,5029,true,
4977,get,3269,true,
4963,get,3776,true,
4972,get,3376,true,
4975,get,3406,true,
4968,get,3442,true,
4967,get,3453,true,
4976,get,3465,true,
4944,get,5221,true,
4983,get,3419,true,
4974,get,3684,true,
4980,get,3603,true,
4793,get,8950,true,
4969,get,3712,true,
4805,get,8919,true,
4971,get,3708,true,
4984,get,3545,true,
4986,get,3501,true,
4826,get,8781,true,
4978,get,3634,true,
4979,get,3692,true,
4985,get,3647,true,
4960,get,4346,true,
4959,get,4364,true,
4987,get,3740,true,
4988,get,3747,true,
4964,get,4516,true,
4957,get,4545,true,
4900,get,5831,true,
