index,op,latency_us,ok,error
15,get,4822,true,
0,get,9468,true,
82,get,17653,true,
89,get,17606,true,
87,get,18050,true,
47,get,19482,true,
98,get,16098,true,
12,get,25070,true,
41,get,20683,true,
25,get,21328,true,
2,get,29458,true,
71,get,20780,true,
22,get,24801,true,
6,get,29248,true,
4,get,30156,true,
95,get,19483,true,
3,get,30489,true,
80,get,20722,true,
37,get,22178,true,
102,get,2798,true,
100,get,3766,true,
103,get,3317,true,
101,get,3814,true,
33,get,24271,true,
79,get,22927,true,
84,get,22787,true,
56,get,23720,true,
63,get,23542,true,
27,get,24851,true,
48,get,24047,true,
90,get,22699,true,
50,get,24113,true,
45,get,24361,true,
73,get,23617,true,
53,get,24232,true,
9,get,31822,true,
91,get,23051,true,
55,get,24427,true,
86,get,23500,true,
23,get,27977,true,
105,get,5591,true,
104,get,5887,true,
119,get,3728,true,
120,get,3385,true,
122,get,3518,true,
69,get,26627,true,
93,get,25632,true,
67,get,26963,true,
70,get,27032,true,
44,get,27957,true,
28,get,28597,true,
14,get,32743,true,
74,get,27489,true,
20,get,32629,true,
31,get,29174,true,
24,get,32345,true,
26,get,30294,true,
140,get,4357,true,
133,get,5242,true,
36,get,30103,true,
121,get,7044,true,
13,get,34520,true,
72,get,29276,true,
174,get,6782,true,
160,get,8665,true,
149,get,9081,true,
168,get,8436,true,
32,get,35695,true,
162,get,9424,true,
189,get,5744,true,
155,get,9952,true,
176,get,7811,true,
191,get,5822,true,
175,get,8061,true,
127,get,11873,true,
169,get,9428,true,
145,get,10788,true,
64,get,35781,true,
150,get,10710,true,
126,get,12348,true,
170,get,9790,true,
142,get,11214,true,
125,get,14348,true,
141,get,13142,true,
148,get,13015,true,
81,get,37782,true,
8,get,46592,true,
35,get,39438,true,
75,get,38401,true,
29,get,40147,true,
94,get,37823,true,
43,get,40147,true,
204,get,4257,true,
181,get,10842,true,
194,get,5534,true,
185,get,10503,true,
137,get,15536,true,
182,get,10732,true,
16,get,44718,true,
161,get,14132,true,
190,get,10374,true,
166,get,13991,true,
187,get,10568,true,
186,get,10664,true,
7,get,48112,true,
113,get,18787,true,
68,get,39882,true,
19,get,44695,true,
136,get,15858,true,
17,get,44971,true,
188,get,10673,true,
34,get,40972,true,
144,get,15145,true,
107,get,20091,true,
134,get,16104,true,
143,get,15268,true,
46,get,40672,true,
180,get,12013,true,
10,get,45771,true,
52,get,40469,true,
123,get,16863,true,
157,get,14891,true,
54,get,40468,true,
97,get,37333,true,
159,get,14939,true,
154,get,15059,true,
165,get,14462,true,
163,get,14509,true,
130,get,16620,true,
40,get,41170,true,
21,get,44636,true,
117,get,19148,true,
65,get,40555,true,
61,get,40612,true,
92,get,39685,true,
77,get,40544,true,
114,get,19878,true,
173,get,14028,true,
221,get,2379,true,
59,get,41277,true,
211,get,5329,true,
202,get,5961,true,
184,get,12130,true,
183,get,12171,true,
11,get,46926,true,
222,get,2632,true,
58,get,41611,true,
147,get,16547,true,
214,get,4056,true,
207,get,5877,true,
30,get,42814,true,
88,get,41128,true,
18,get,46755,true,
216,get,4104,true,
219,get,3612,true,
85,get,41442,true,
5,get,51058,true,
115,get,21008,true,
172,get,15351,true,
220,get,3766,true,
49,get,42818,true,
167,get,16500,true,
57,get,42824,true,
62,get,42764,true,
78,get,42481,true,
39,get,43796,true,
153,get,17786,true,
96,get,41341,true,
66,get,43315,true,
288,get,1951,true,
223,get,4412,true,
268,get,3144,true,
280,get,2466,true,
51,get,43880,true,
139,get,19389,true,
227,get,4188,true,
158,get,18451,true,
171,get,17084,true,
38,get,44739,true,
156,get,18651,true,
128,get,20400,true,
76,get,43762,true,
60,get,44245,true,
124,get,20835,true,
83,get,43715,true,
1,get,54086,true,
178,get,16692,true,
129,get,20873,true,
146,get,19619,true,
138,get,20431,true,
179,get,16629,true,
164,get,18842,true,
132,get,20986,true,
42,get,45575,true,
135,get,20902,true,
151,get,19729,true,
131,get,21217,true,
213,get,8963,true,
152,get,20458,true,
177,get,18056,true,
196,get,11346,true,
193,get,11820,true,
215,get,8061,true,
218,get,7543,true,
195,get,11598,true,
201,get,10591,true,
200,get,10688,true,
99,get,42456,true,
198,get,11164,true,
205,get,10435,true,
192,get,12855,true,
231,get,6585,true,
226,get,6885,true,
197,get,12273,true,
228,get,7202,true,
311,get,4334,true,
301,get,4907,true,
243,get,7378,true,
269,get,7203,true,
116,get,26398,true,
323,get,4000,true,
240,get,7826,true,
217,get,9806,true,
291,get,6308,true,
233,get,8192,true,
329,get,3951,true,
237,get,8343,true,
302,get,6244,true,
325,get,4697,true,
300,get,6399,true,
252,get,8572,true,
199,get,13810,true,
210,get,13882,true,
290,get,8212,true,
245,get,9986,true,
272,get,9828,true,
285,get,8983,true,
382,get,972,true,
270,get,10402,true,
209,get,15021,true,
384,get,997,true,
371,get,3323,true,
297,get,9099,true,
208,get,15379,true,
322,get,7753,true,
383,get,1720,true,
385,get,1320,true,
284,get,10358,true,
281,get,10457,true,
283,get,10439,true,
386,get,1431,true,
367,get,4351,true,
109,get,30762,true,
292,get,10160,true,
247,get,11808,true,
230,get,12207,true,
112,get,30915,true,
293,get,10294,true,
296,get,10914,true,
326,get,9036,true,
306,get,10470,true,
239,get,13047,true,
370,get,5245,true,
363,get,6223,true,
108,get,33112,true,
347,get,7594,true,
319,get,9754,true,
353,get,7632,true,
238,get,13678,true,
232,get,15510,true,
298,get,13223,true,
106,get,35349,true,
350,get,9531,true,
351,get,9537,true,
295,get,13428,true,
333,get,10966,true,
234,get,15612,true,
224,get,16201,true,
368,get,7857,true,
309,get,12783,true,
378,get,6918,true,
380,get,6828,true,
263,get,15266,true,
388,get,4871,true,
332,get,11422,true,
316,get,12367,true,
373,get,7826,true,
303,get,13447,true,
327,get,11797,true,
348,get,10079,true,
279,get,14673,true,
394,get,4377,true,
338,get,11148,true,
320,get,12224,true,
339,get,11139,true,
335,get,11345,true,
278,get,14811,true,
334,get,11468,true,
375,get,8697,true,
416,get,4398,true,
399,get,5945,true,
379,get,9078,true,
229,get,18003,true,
258,get,17518,true,
118,get,36364,true,
349,get,12010,true,
414,get,4633,true,
361,get,11413,true,
413,get,4687,true,
401,get,6013,true,
317,get,14320,true,
276,get,16804,true,
260,get,17557,true,
389,get,6886,true,
356,get,11929,true,
392,get,6644,true,
408,get,4882,true,
387,get,7042,true,
400,get,6081,true,
307,get,15307,true,
246,get,17825,true,
402,get,6121,true,
341,get,13146,true,
110,get,36897,true,
354,get,12214,true,
305,get,15815,true,
425,get,2904,true,
343,get,13471,true,
352,get,12582,true,
294,get,16720,true,
344,get,13718,true,
398,get,7066,true,
397,get,7207,true,
396,get,7596,true,
328,get,15228,true,
236,get,19332,true,
286,get,17925,true,
265,get,18922,true,
235,get,19415,true,
357,get,13382,true,
390,get,8255,true,
253,get,19159,true,
261,get,19054,true,
364,get,12462,true,
407,get,7300,true,
255,get,19236,true,
427,get,4024,true,
475,get,3117,true,
485,get,2174,true,
476,get,3124,true,
489,get,2145,true,
461,get,3646,true,
493,get,2071,true,
491,get,2162,true,
486,get,2199,true,
410,get,8482,true,
494,get,2068,true,
457,get,3707,true,
474,get,3418,true,
405,get,9557,true,
492,get,2199,true,
403,get,9663,true,
406,get,9469,true,
299,get,19411,true,
462,get,3714,true,
487,get,2247,true,
458,get,3753,true,
395,get,9961,true,
242,get,21523,true,
453,get,3800,true,
426,get,6128,true,
482,get,2676,true,
241,get,21563,true,
468,get,3731,true,
423,get,6194,true,
391,get,10451,true,
449,get,3891,true,
496,get,2128,true,
451,get,3873,true,
454,get,3848,true,
472,get,3702,true,
314,get,18564,true,
450,get,3911,true,
330,get,17414,true,
271,get,21154,true,
424,get,6245,true,
366,get,14494,true,
490,get,2359,true,
430,get,6173,true,
273,get,21041,true,
467,get,3825,true,
465,get,3840,true,
264,get,21320,true,
464,get,3846,true,
469,get,3813,true,
459,get,3897,true,
111,get,40576,true,
362,get,15283,true,
431,get,6179,true,
463,get,3883,true,
470,get,3798,true,
433,get,5973,true,
466,get,3880,true,
377,get,13178,true,
460,get,3911,true,
321,get,18087,true,
420,get,6396,true,
365,get,14599,true,
411,get,8712,true,
432,get,6125,true,
456,get,3972,true,
448,get,4962,true,
212,get,25652,true,
262,get,21475,true,
409,get,8762,true,
421,get,6418,true,
277,get,20667,true,
310,get,19068,true,
282,get,20595,true,
274,get,21721,true,
488,get,3157,true,
412,get,9446,true,
495,get,3073,true,
484,get,3275,true,
567,get,952,true,
445,get,6932,true,
444,get,7207,true,
376,get,14823,true,
315,get,19931,true,
438,get,7340,true,
374,get,15196,true,
473,get,5409,true,
452,get,5645,true,
446,get,7494,true,
455,get,5668,true,
572,get,927,true,
556,get,1724,true,
404,get,11594,true,
447,get,7773,true,
483,get,4618,true,
429,get,8511,true,
477,get,5703,true,
435,get,8383,true,
434,get,8387,true,
419,get,8882,true,
480,get,5517,true,
443,get,8380,true,
422,get,9455,true,
324,get,23496,true,
355,get,21467,true,
580,get,4184,true,
557,get,5637,true,
331,get,23139,true,
244,get,27346,true,
522,get,5826,true,
588,get,3679,true,
530,get,5793,true,
540,get,5755,true,
536,get,5797,true,
304,get,24991,true,
553,get,5764,true,
203,get,32120,true,
289,get,25975,true,
428,get,12079,true,
529,get,5932,true,
275,get,26609,true,
369,get,19915,true,
346,get,22557,true,
266,get,27204,true,
436,get,11777,true,
313,get,24528,true,
542,get,5898,true,
250,get,27471,true,
471,get,9682,true,
549,get,5890,true,
543,get,5917,true,
441,get,11789,true,
442,get,11764,true,
545,get,5917,true,
478,get,9175,true,
561,get,5869,true,
259,get,27370,true,
590,get,3632,true,
437,get,11841,true,
528,get,6028,true,
582,get,4240,true,
531,get,6014,true,
479,get,9014,true,
287,get,26216,true,
546,get,5966,true,
525,get,6070,true,
257,get,27428,true,
481,get,8912,true,
566,get,5899,true,
576,get,4624,true,
336,get,23116,true,
578,get,4582,true,
440,get,11888,true,
318,get,24175,true,
573,get,5162,true,
581,get,4304,true,
544,get,6014,true,
342,get,22902,true,
574,get,4977,true,
312,get,24777,true,
584,get,4291,true,
551,get,6024,true,
359,get,21833,true,
575,get,4922,true,
585,get,4295,true,
547,get,6064,true,
251,get,27647,true,
552,get,6046,true,
248,get,27663,true,
527,get,6181,true,
526,get,6185,true,
550,get,6084,true,
337,get,23134,true,
345,get,22812,true,
583,get,4387,true,
372,get,19882,true,
541,get,6144,true,
360,get,21791,true,
589,get,3970,true,
206,get,32361,true,
548,get,6145,true,
524,get,6275,true,
381,get,18848,true,
562,get,6107,true,
225,get,28538,true,
254,get,27681,true,
358,get,22124,true,
586,get,4750,true,
506,get,9570,true,
594,get,6920,true,
666,get,3334,true,
678,get,3301,true,
533,get,9535,true,
439,get,15378,true,
564,get,9439,true,
249,get,31105,true,
417,get,17753,true,
539,get,9602,true,
523,get,9736,true,
505,get,9868,true,
509,get,9903,true,
535,get,10241,true,
508,get,10403,true,
598,get,4551,true,
648,get,4220,true,
645,get,4245,true,
664,get,4153,true,
631,get,4313,true,
636,get,4297,true,
616,get,4396,true,
604,get,4562,true,
554,get,10242,true,
668,get,4167,true,
559,get,10230,true,
596,get,7760,true,
568,get,10135,true,
612,get,4472,true,
623,get,4408,true,
571,get,9583,true,
627,get,4471,true,
514,get,10570,true,
607,get,4700,true,
256,get,32127,true,
593,get,8207,true,
642,get,5905,true,
569,get,11225,true,
654,get,5896,true,
685,get,2507,true,
676,get,5781,true,
646,get,5972,true,
653,get,5934,true,
621,get,6092,true,
534,get,12040,true,
587,get,10190,true,
691,get,2455,true,
684,get,2618,true,
680,get,5847,true,
340,get,29005,true,
555,get,12013,true,
633,get,6124,true,
635,get,6131,true,
597,get,8953,true,
601,get,6410,true,
503,get,12336,true,
563,get,12060,true,
532,get,12184,true,
629,get,6217,true,
603,get,6441,true,
643,get,6167,true,
512,get,12343,true,
613,get,6319,true,
502,get,12409,true,
695,get,2486,true,
683,get,2845,true,
538,get,12259,true,
649,get,6237,true,
591,get,9840,true,
661,get,6202,true,
632,get,6355,true,
599,get,6640,true,
667,get,6208,true,
579,get,10876,true,
511,get,12525,true,
687,get,2873,true,
615,get,6515,true,
600,get,6721,true,
518,get,12560,true,
520,get,12561,true,
662,get,6380,true,
647,get,6462,true,
614,get,6627,true,
702,get,2253,true,
415,get,21029,true,
689,get,3022,true,
609,get,6775,true,
577,get,11159,true,
537,get,12617,true,
418,get,20643,true,
595,get,10101,true,
393,get,23305,true,
714,get,2501,true,
717,get,2228,true,
640,get,6930,true,
634,get,6958,true,
696,get,2738,true,
700,get,2721,true,
513,get,13120,true,
710,get,2676,true,
519,get,13143,true,
716,get,2664,true,
694,get,3456,true,
699,get,2893,true,
712,get,2812,true,
637,get,7167,true,
706,get,2892,true,
697,get,2975,true,
692,get,3621,true,
701,get,3044,true,
501,get,13556,true,
713,get,3005,true,
639,get,7441,true,
641,get,7482,true,
628,get,7537,true,
686,get,3995,true,
638,get,7505,true,
698,get,3369,true,
515,get,13741,true,
718,get,2989,true,
715,get,3281,true,
610,get,7911,true,
592,get,11509,true,
517,get,14122,true,
308,get,33094,true,
618,get,9435,true,
521,get,15440,true,
608,get,9556,true,
693,get,5740,true,
606,get,9642,true,
617,get,9519,true,
703,get,5062,true,
644,get,9325,true,
749,get,4414,true,
743,get,4523,true,
763,get,4227,true,
565,get,16618,true,
742,get,4554,true,
651,get,10698,true,
745,get,4551,true,
558,get,16675,true,
267,get,38065,true,
619,get,10867,true,
602,get,11067,true,
690,get,7305,true,
704,get,6583,true,
611,get,11046,true,
773,get,4342,true,
652,get,10945,true,
499,get,17229,true,
709,get,6687,true,
665,get,10895,true,
688,get,7490,true,
500,get,17257,true,
744,get,4841,true,
679,get,10855,true,
560,get,16979,true,
677,get,10871,true,
769,get,4494,true,
497,get,17330,true,
705,get,6799,true,
751,get,4851,true,
507,get,17435,true,
783,get,4881,true,
786,get,4773,true,
630,get,12002,true,
758,get,5572,true,
740,get,6158,true,
755,get,6021,true,
669,get,12259,true,
806,get,4437,true,
672,get,12312,true,
778,get,5597,true,
738,get,6424,true,
779,get,5643,true,
787,get,5543,true,
708,get,8386,true,
782,get,5699,true,
772,get,6076,true,
570,get,17930,true,
625,get,12775,true,
752,get,6411,true,
675,get,12537,true,
498,get,18948,true,
748,get,6485,true,
658,get,12649,true,
774,get,5868,true,
673,get,12563,true,
741,get,6572,true,
650,get,12709,true,
674,get,12567,true,
762,get,6298,true,
761,get,6490,true,
624,get,13044,true,
729,get,6939,true,
789,get,5934,true,
736,get,7086,true,
670,get,13113,true,
780,get,6322,true,
781,get,6363,true,
771,get,6842,true,
798,get,5961,true,
626,get,13521,true,
797,get,6219,true,
768,get,7163,true,
770,get,7136,true,
799,get,6230,true,
759,get,7365,true,
764,get,7275,true,
739,get,7781,true,
796,get,6481,true,
801,get,6370,true,
734,get,7886,true,
622,get,14178,true,
777,get,7168,true,
802,get,6420,true,
735,get,8432,true,
775,get,7632,true,
767,get,8001,true,
788,get,7383,true,
804,get,6831,true,
791,get,7370,true,
776,get,7915,true,
784,get,7742,true,
785,get,7746,true,
760,get,8488,true,
766,get,8413,true,
790,get,7760,true,
765,get,8470,true,
737,get,9067,true,
793,get,7886,true,
682,get,14756,true,
510,get,21498,true,
803,get,7870,true,
655,get,15544,true,
800,get,8019,true,
663,get,15568,true,
657,get,15594,true,
516,get,21796,true,
753,get,9458,true,
757,get,9473,true,
656,get,15798,true,
671,get,15808,true,
719,get,10088,true,
756,get,9679,true,
659,get,16002,true,
747,get,9917,true,
746,get,10073,true,
711,get,12088,true,
605,get,16694,true,
620,get,16554,true,
795,get,9036,true,
707,get,12179,true,
794,get,9093,true,
754,get,10271,true,
811,get,7690,true,
504,get,23272,true,
727,get,11069,true,
808,get,7773,true,
809,get,7780,true,
812,get,7958,true,
815,get,7915,true,
726,get,11689,true,
813,get,8276,true,
814,get,8237,true,
721,get,11789,true,
722,get,11803,true,
733,get,11693,true,
681,get,17904,true,
724,get,12382,true,
810,get,9087,true,
660,get,18364,true,
732,get,12503,true,
731,get,12588,true,
750,get,12388,true,
816,get,8055,true,
730,get,12693,true,
728,get,12746,true,
821,get,8080,true,
822,get,8164,true,
823,get,8182,true,
818,get,8340,true,
820,get,8396,true,
826,get,8436,true,
849,get,7874,true,
834,get,8823,true,
851,get,7474,true,
825,get,9069,true,
831,get,8837,true,
838,get,8790,true,
807,get,11826,true,
723,get,13875,true,
852,get,7456,true,
850,get,7550,true,
847,get,7940,true,
819,get,9152,true,
720,get,13942,true,
837,get,8829,true,
830,get,8887,true,
824,get,9105,true,
846,get,7957,true,
829,get,8994,true,
854,get,7404,true,
835,get,8867,true,
833,get,8872,true,
832,get,8876,true,
842,get,8816,true,
827,get,9044,true,
805,get,11889,true,
828,get,9027,true,
841,get,8834,true,
817,get,9131,true,
792,get,12591,true,
725,get,13950,true,
844,get,10288,true,
836,get,10625,true,
869,get,10389,true,
861,get,10424,true,
843,get,12033,true,
936,get,6629,true,
941,get,6035,true,
886,get,9451,true,
974,get,3311,true,
870,get,10427,true,
947,get,5437,true,
893,get,9235,true,
943,get,5867,true,
991,get,3331,true,
906,get,8371,true,
989,get,3346,true,
891,get,9471,true,
839,get,12192,true,
873,get,10508,true,
907,get,8363,true,
949,get,5492,true,
934,get,6791,true,
902,get,8722,true,
997,get,1844,true,
866,get,10556,true,
878,get,10157,true,
887,get,9570,true,
865,get,10574,true,
904,get,8704,true,
944,get,5888,true,
939,get,6218,true,
910,get,8336,true,
995,get,3411,true,
901,get,8773,true,
872,get,10581,true,
933,get,6861,true,
871,get,10591,true,
940,get,6250,true,
923,get,7495,true,
875,get,10412,true,
945,get,5655,true,
970,get,3514,true,
976,get,3494,true,
856,get,10803,true,
867,get,10650,true,
880,get,10111,true,
920,get,7716,true,
903,get,8845,true,
863,get,10703,true,
882,get,10089,true,
888,get,9717,true,
908,get,8592,true,
998,get,1907,true,
946,get,5881,true,
942,get,6727,true,
868,get,11577,true,
925,get,8339,true,
914,get,9012,true,
879,get,11126,true,
896,get,10235,true,
948,get,6594,true,
890,get,10591,true,
905,get,10197,true,
899,get,10552,true,
955,get,6533,true,
960,get,6350,true,
889,get,11399,true,
921,get,9468,true,
860,get,12460,true,
958,get,6436,true,
935,get,8693,true,
918,get,9561,true,
957,get,6543,true,
959,get,6461,true,
883,get,11773,true,
930,get,8951,true,
885,get,11788,true,
913,get,10018,true,
937,get,8669,true,
912,get,10089,true,
922,get,9520,true,
898,get,11191,true,
862,get,12607,true,
961,get,6522,true,
915,get,10002,true,
900,get,10816,true,
840,get,14301,true,
938,get,8282,true,
952,get,6997,true,
928,get,9295,true,
848,get,13423,true,
924,get,9506,true,
857,get,12782,true,
874,get,12635,true,
853,get,12953,true,
964,get,6356,true,
876,get,12437,true,
919,get,9740,true,
929,get,9272,true,
845,get,14158,true,
931,get,9098,true,
895,get,11562,true,
965,get,6532,true,
916,get,10086,true,
864,get,13045,true,
1024,get,2498,true,
911,get,10848,true,
1032,get,2517,true,
1025,get,2637,true,
859,get,13241,true,
892,get,12011,true,
932,get,9510,true,
858,get,13261,true,
994,get,6071,true,
909,get,11064,true,
1041,get,2824,true,
1026,get,2902,true,
1047,get,2769,true,
1013,get,2978,true,
1046,get,2815,true,
1039,get,2892,true,
1044,get,3007,true,
1087,get,1038,true,
1095,get,1009,true,
1045,get,3012,true,
1094,get,1018,true,
1029,get,3551,true,
1082,get,1520,true,
1069,get,1684,true,
1105,get,963,true,
1111,get,904,true,
1018,get,3644,true,
1009,get,3696,true,
1073,get,1681,true,
1033,get,3601,true,
1002,get,3799,true,
1003,get,3791,true,
1015,get,3698,true,
1088,get,1568,true,
1000,get,3820,true,
1036,get,3614,true,
1089,get,1574,true,
1096,get,1543,true,
969,get,7129,true,
1106,get,1048,true,
1020,get,3711,true,
1071,get,1771,true,
1030,get,3679,true,
1112,get,805,true,
1109,get,1053,true,
1010,get,3790,true,
1037,get,3663,true,
1012,get,3789,true,
1048,get,3558,true,
1107,get,1151,true,
1070,get,1940,true,
1068,get,1962,true,
1028,get,3844,true,
1108,get,1203,true,
1115,get,1105,true,
1091,get,1970,true,
986,get,7537,true,
1077,get,2138,true,
1004,get,4302,true,
1086,get,2095,true,
1019,get,4209,true,
1117,get,1234,true,
1031,get,4175,true,
1116,get,1273,true,
1113,get,1318,true,
1043,get,4141,true,
1061,get,2455,true,
1097,get,2070,true,
1114,get,1421,true,
1022,get,4363,true,
978,get,7795,true,
1023,get,4401,true,
1078,get,2410,true,
1120,get,1303,true,
1122,get,1338,true,
992,get,8676,true,
1154,get,1415,true,
1129,get,1648,true,
1035,get,5237,true,
1001,get,5451,true,
1124,get,1717,true,
963,get,9665,true,
987,get,8719,true,
1152,get,1449,true,
897,get,14518,true,
1172,get,953,true,
1092,get,3212,true,
1021,get,5338,true,
1118,get,2197,true,
1126,get,1718,true,
1034,get,5287,true,
1110,get,2653,true,
999,get,5501,true,
1038,get,5274,true,
1076,get,3353,true,
1027,get,5335,true,
985,get,8762,true,
1058,get,4285,true,
1093,get,3237,true,
1128,get,1736,true,
1125,get,1762,true,
1121,get,2223,true,
1006,get,5488,true,
971,get,8811,true,
981,get,8783,true,
1144,get,1665,true,
977,get,8798,true,
1017,get,5404,true,
855,get,16137,true,
984,get,8792,true,
1072,get,3438,true,
1123,get,1808,true,
1081,get,3328,true,
1042,get,5297,true,
1151,get,1586,true,
993,get,8782,true,
996,get,8742,true,
1127,get,1780,true,
1065,get,3533,true,
973,get,8843,true,
968,get,8729,true,
990,get,8856,true,
1140,get,2680,true,
966,get,10555,true,
1156,get,2846,true,
1168,get,2818,true,
1164,get,3285,true,
1075,get,5515,true,
1014,get,7540,true,
1136,get,3840,true,
1053,get,6492,true,
1159,get,3408,true,
1145,get,3875,true,
1062,get,5774,true,
1056,get,6575,true,
1049,get,7348,true,
1131,get,4683,true,
926,get,15625,true,
980,get,11769,true,
1217,get,2960,true,
1222,get,2947,true,
1104,get,5813,true,
951,get,13394,true,
950,get,13903,true,
1080,get,6348,true,
988,get,11807,true,
1143,get,4697,true,
1074,get,6446,true,
1193,get,3078,true,
1079,get,6389,true,
1207,get,3052,true,
1173,get,4031,true,
1205,get,3072,true,
1221,get,3038,true,
1219,get,3046,true,
1098,get,6201,true,
1051,get,7894,true,
1119,get,5333,true,
1083,get,6390,true,
982,get,11890,true,
1232,get,965,true,
1153,get,4619,true,
1064,get,6632,true,
927,get,15746,true,
1171,get,4136,true,
956,get,13139,true,
1142,get,4806,true,
1210,get,3132,true,
1150,get,4737,true,
1040,get,8443,true,
975,get,11947,true,
972,get,11973,true,
917,get,16219,true,
1133,get,4881,true,
1011,get,8591,true,
1050,get,8262,true,
1137,get,4882,true,
1146,get,4839,true,
1052,get,7539,true,
881,get,18549,true,
1220,get,3170,true,
1206,get,3203,true,
1130,get,4936,true,
894,get,17885,true,
954,get,13443,true,
1161,get,4433,true,
1149,get,4935,true,
1101,get,6249,true,
1102,get,6279,true,
1169,get,4549,true,
967,get,12344,true,
1199,get,4333,true,
979,get,13110,true,
1201,get,4331,true,
1132,get,6042,true,
1195,get,4356,true,
1059,get,7965,true,
1202,get,4349,true,
1200,get,4351,true,
1160,get,5539,true,
1228,get,2215,true,
1063,get,7871,true,
1233,get,2168,true,
1084,get,7644,true,
1196,get,4377,true,
1218,get,4325,true,
877,get,20037,true,
1100,get,7347,true,
1157,get,5656,true,
1060,get,7927,true,
1216,get,4342,true,
1163,get,5539,true,
1181,get,4447,true,
1188,get,4416,true,
1175,get,5306,true,
1182,get,4435,true,
1234,get,2156,true,
1212,get,4376,true,
1165,get,5526,true,
1016,get,9801,true,
1141,get,6070,true,
1204,get,4407,true,
1066,get,7896,true,
1198,get,4422,true,
1191,get,4448,true,
1134,get,6117,true,
1192,get,4445,true,
1177,get,4503,true,
1176,get,5308,true,
1185,get,4475,true,
1135,get,6127,true,
1235,get,2188,true,
1138,get,6121,true,
1139,get,6119,true,
1229,get,2302,true,
1067,get,7910,true,
1236,get,2188,true,
1194,get,4466,true,
953,get,14663,true,
1190,get,4481,true,
1189,get,4483,true,
1237,get,2189,true,
1230,get,2316,true,
1158,get,5690,true,
1008,get,9911,true,
1180,get,4535,true,
1167,get,5586,true,
1054,get,8800,true,
983,get,13240,true,
884,get,19667,true,
1148,get,6112,true,
1183,get,4528,true,
1162,get,5654,true,
1179,get,4559,true,
1197,get,4494,true,
1174,get,5424,true,
1187,get,4525,true,
1099,get,7497,true,
1186,get,4545,true,
1231,get,2401,true,
1007,get,10042,true,
1170,get,5603,true,
1055,get,9020,true,
1208,get,4693,true,
1085,get,8034,true,
1209,get,4794,true,
1057,get,9200,true,
1166,get,6189,true,
962,get,14895,true,
1257,get,2188,true,
1290,get,1896,true,
1284,get,2102,true,
1278,get,2142,true,
1279,get,2139,true,
1265,get,2222,true,
1247,get,2334,true,
1243,get,2444,true,
1275,get,2300,true,
1215,get,5460,true,
1274,get,2334,true,
1267,get,2378,true,
1266,get,2419,true,
1248,get,2552,true,
1285,get,2434,true,
1155,get,7146,true,
1369,get,587,true,
1276,get,2519,true,
1246,get,2674,true,
1271,get,2583,true,
1178,get,5837,true,
1268,get,2633,true,
1282,get,2605,true,
1203,get,5855,true,
1283,get,2651,true,
1223,get,5767,true,
1249,get,2842,true,
1292,get,2411,true,
1226,get,4463,true,
1225,get,4869,true,
1184,get,6090,true,
1005,get,12035,true,
1211,get,6590,true,
1289,get,3413,true,
1214,get,6751,true,
1334,get,2892,true,
1291,get,3881,true,
1315,get,3055,true,
1370,get,2291,true,
1311,get,3083,true,
1371,get,2181,true,
1331,get,3051,true,
1310,get,3808,true,
1319,get,3783,true,
1314,get,3802,true,
1332,get,3763,true,
1333,get,3770,true,
1299,get,3855,true,
1300,get,3865,true,
1213,get,8189,true,
1304,get,3854,true,
1301,get,3867,true,
1324,get,3806,true,
1317,get,3840,true,
1303,get,3877,true,
1330,get,3807,true,
1323,get,3825,true,
1313,get,3862,true,
1147,get,9875,true,
1367,get,3431,true,
1322,get,3842,true,
1297,get,3913,true,
1308,get,3890,true,
1302,get,3908,true,
1312,get,3883,true,
1321,get,3857,true,
1318,get,3878,true,
1329,get,3842,true,
1306,get,3908,true,
1328,get,3848,true,
1307,get,3915,true,
1103,get,11102,true,
1090,get,11538,true,
1377,get,2907,true,
1309,get,3912,true,
1305,get,3928,true,
1320,get,3888,true,
1364,get,3597,true,
1295,get,3966,true,
1335,get,4210,true,
1359,get,4722,true,
1336,get,4794,true,
1392,get,3456,true,
1383,get,3685,true,
1350,get,4786,true,
1384,get,3669,true,
1357,get,4776,true,
1378,get,3815,true,
1252,get,6215,true,
1400,get,3278,true,
1255,get,6203,true,
1394,get,3433,true,
1353,get,4812,true,
1227,get,7551,true,
1269,get,6153,true,
1239,get,6319,true,
1242,get,6312,true,
1238,get,6346,true,
1393,get,3500,true,
1401,get,3279,true,
1281,get,6123,true,
1352,get,4871,true,
1258,get,6256,true,
1368,get,4462,true,
1337,get,4918,true,
1363,get,4771,true,
1260,get,6263,true,
1351,get,4938,true,
1256,get,6325,true,
1316,get,5042,true,
1356,get,4948,true,
1341,get,5003,true,
1340,get,5008,true,
1395,get,3596,true,
1261,get,6360,true,
1376,get,4123,true,
1402,get,2938,true,
1406,get,2171,true,
1326,get,6157,true,
1375,get,5238,true,
1381,get,5065,true,
1382,get,5055,true,
1385,get,4932,true,
1365,get,5891,true,
1354,get,6117,true,
1390,get,4859,true,
1389,get,4897,true,
1388,get,4911,true,
1293,get,6283,true,
1273,get,7448,true,
1327,get,6207,true,
1277,get,7447,true,
1396,get,5083,true,
1373,get,5638,true,
1386,get,5305,true,
1408,get,3531,true,
1374,get,5638,true,
1407,get,3611,true,
1405,get,4208,true,
1411,get,3521,true,
1241,get,7992,true,
1410,get,3541,true,
1349,get,6532,true,
1361,get,6462,true,
1296,get,6679,true,
1342,get,6561,true,
1244,get,7994,true,
1403,get,4408,true,
1404,get,4251,true,
1358,get,6536,true,
1355,get,6546,true,
1254,get,7957,true,
1339,get,6587,true,
1294,get,6707,true,
1270,get,7888,true,
1263,get,7923,true,
1372,get,5728,true,
1259,get,7943,true,
1347,get,6584,true,
1224,get,10053,true,
1399,get,5071,true,
1272,get,7904,true,
1380,get,5575,true,
1286,get,7814,true,
1253,get,8006,true,
1391,get,5324,true,
1338,get,6643,true,
1298,get,6747,true,
1345,get,6633,true,
1240,get,8109,true,
1360,get,6588,true,
1387,get,5445,true,
1343,get,6646,true,
1251,get,8052,true,
1245,get,8078,true,
1288,get,7796,true,
1325,get,6699,true,
1280,get,7920,true,
1262,get,8002,true,
1398,get,5179,true,
1362,get,6565,true,
1344,get,6672,true,
1409,get,3680,true,
1397,get,5236,true,
1379,get,5657,true,
1264,get,8014,true,
1287,get,7887,true,
1250,get,8088,true,
1348,get,6682,true,
1346,get,6693,true,
1412,get,3584,true,
1366,get,6314,true,
1470,get,2938,true,
1419,get,4051,true,
1433,get,4015,true,
1468,get,2960,true,
1421,get,4066,true,
1462,get,2995,true,
1478,get,2881,true,
1445,get,4007,true,
1499,get,1684,true,
1464,get,3002,true,
1488,get,2797,true,
1424,get,4078,true,
1471,get,2979,true,
1444,get,4027,true,
1428,get,4070,true,
1423,get,4095,true,
1413,get,4133,true,
1484,get,2857,true,
1446,get,4030,true,
1457,get,3055,true,
1438,get,4060,true,
1449,get,4034,true,
1429,get,4091,true,
1447,get,4041,true,
1498,get,1723,true,
1452,get,3106,true,
1460,get,3059,true,
1434,get,4083,true,
1437,get,4076,true,
1474,get,2990,true,
1473,get,2996,true,
1480,get,2922,true,
1422,get,4134,true,
1439,get,4080,true,
1435,get,4094,true,
1479,get,2943,true,
1448,get,4065,true,
1443,get,4079,true,
1466,get,3058,true,
1483,get,2908,true,
1465,get,3061,true,
1430,get,4122,true,
1475,get,3009,true,
1472,get,3018,true,
1426,get,4142,true,
1455,get,3118,true,
1463,get,3084,true,
1482,get,2923,true,
1414,get,4192,true,
1440,get,4114,true,
1459,get,3106,true,
1476,get,3024,true,
1454,get,3145,true,
1427,get,4149,true,
1487,get,2904,true,
1456,get,3133,true,
1441,get,4124,true,
1432,get,4151,true,
1431,get,4156,true,
1450,get,3760,true,
1453,get,3229,true,
1507,get,1737,true,
1501,get,2250,true,
1510,get,1988,true,
1494,get,2390,true,
1496,get,2398,true,
1490,get,2463,true,
1500,get,2435,true,
1497,get,2456,true,
1623,get,1221,true,
1604,get,1329,true,
1520,get,2669,true,
1605,get,1333,true,
1518,get,2698,true,
1489,get,3148,true,
1611,get,1349,true,
1442,get,5448,true,
1629,get,1344,true,
1565,get,2131,true,
1493,get,3819,true,
1573,get,2107,true,
1420,get,6202,true,
1555,get,3288,true,
1570,get,2130,true,
1553,get,3292,true,
1588,get,2093,true,
1551,get,3306,true,
1540,get,3342,true,
1538,get,3359,true,
1537,get,3364,true,
1624,get,1740,true,
1541,get,3363,true,
1599,get,2106,true,
1550,get,3342,true,
1630,get,1416,true,
1535,get,3408,true,
1526,get,3463,true,
1485,get,5041,true,
1628,get,1525,true,
1557,get,3764,true,
1583,get,2587,true,
1511,get,3938,true,
1519,get,3910,true,
1486,get,5459,true,
1539,get,3853,true,
1481,get,5517,true,
1556,get,3818,true,
1513,get,3961,true,
1544,get,3859,true,
1491,get,4410,true,
1467,get,5683,true,
1631,get,1931,true,
1567,get,2722,true,
1572,get,2708,true,
1602,get,2645,true,
1559,get,4332,true,
1527,get,4487,true,
1600,get,3198,true,
1606,get,3202,true,
1533,get,4566,true,
1571,get,3352,true,
1531,get,4632,true,
1633,get,1996,true,
1568,get,3433,true,
1532,get,4692,true,
1517,get,5575,true,
1418,get,8388,true,
1632,get,2908,true,
1508,get,5621,true,
1546,get,5490,true,
1593,get,4257,true,
1530,get,5563,true,
1512,get,5620,true,
1627,get,3632,true,
1584,get,4293,true,
1563,get,4369,true,
1525,get,5588,true,
1569,get,4342,true,
1492,get,6056,true,
1503,get,5692,true,
1509,get,5658,true,
1566,get,4372,true,
1622,get,4242,true,
1575,get,4346,true,
1477,get,7287,true,
1640,get,2272,true,
1577,get,4350,true,
1458,get,7395,true,
1543,get,5568,true,
1451,get,7438,true,
1415,get,8487,true,
1536,get,5592,true,
1625,get,3804,true,
1549,get,5562,true,
1564,get,4419,true,
1522,get,5652,true,
1542,get,5592,true,
1514,get,5685,true,
1635,get,3004,true,
1504,get,5749,true,
1626,get,3751,true,
1681,get,1739,true,
1656,get,2846,true,
1655,get,2862,true,
1680,get,1778,true,
1678,get,1856,true,
1682,get,1710,true,
1529,get,6302,true,
1634,get,3659,true,
1679,get,1824,true,
1648,get,2937,true,
1554,get,6239,true,
1552,get,6243,true,
1548,get,6261,true,
1524,get,6345,true,
1590,get,5041,true,
1436,get,9134,true,
1649,get,2974,true,
1469,get,8546,true,
1589,get,5523,true,
1616,get,5486,true,
1416,get,9681,true,
1576,get,5571,true,
1618,get,5484,true,
1608,get,5513,true,
1545,get,6780,true,
1581,get,5576,true,
1425,get,9671,true,
1515,get,6894,true,
1644,get,3488,true,
1596,get,5557,true,
1607,get,5539,true,
1580,get,5599,true,
1417,get,9716,true,
1613,get,5534,true,
1560,get,6770,true,
1579,get,5614,true,
1598,get,5582,true,
1619,get,5538,true,
1609,get,5565,true,
1591,get,5608,true,
1461,get,8671,true,
1615,get,5567,true,
1676,get,3002,true,
1586,get,5750,true,
1667,get,3170,true,
1502,get,7480,true,
1718,get,1510,true,
1558,get,7105,true,
1705,get,1627,true,
1637,get,4570,true,
1659,get,3811,true,
1647,get,3914,true,
1587,get,6021,true,
1672,get,3379,true,
1721,get,1692,true,
1601,get,6054,true,
1668,get,3493,true,
1707,get,1809,true,
1735,get,1114,true,
1643,get,4098,true,
1687,get,2764,true,
1708,get,1878,true,
1523,get,7519,true,
1603,get,6205,true,
1578,get,6271,true,
1594,get,6268,true,
1715,get,1953,true,
1521,get,7622,true,
1692,get,2065,true,
1585,get,6352,true,
1738,get,1319,true,
1686,get,2997,true,
1534,get,7659,true,
1674,get,3761,true,
1516,get,7761,true,
1727,get,1450,true,
1610,get,6430,true,
1731,get,1473,true,
1562,get,7680,true,
1730,get,1510,true,
1675,get,3885,true,
1660,get,4388,true,
1651,get,4475,true,
1597,get,6589,true,
1505,get,8003,true,
1662,get,4070,true,
1732,get,1637,true,
1703,get,2368,true,
1547,get,7922,true,
1658,get,4565,true,
1744,get,1196,true,
1690,get,2492,true,
1699,get,2470,true,
1669,get,4163,true,
1595,get,6790,true,
1652,get,4711,true,
1582,get,6841,true,
1561,get,8020,true,
1617,get,6815,true,
1693,get,2603,true,
1621,get,6810,true,
1673,get,4236,true,
1780,get,792,true,
1736,get,1862,true,
1734,get,1875,true,
1614,get,6862,true,
1746,get,1375,true,
1671,get,4290,true,
1749,get,1367,true,
1757,get,1350,true,
1750,get,1377,true,
1684,get,3594,true,
1740,get,1887,true,
1726,get,1973,true,
1754,get,1387,true,
1654,get,4851,true,
1574,get,7712,true,
1748,get,2127,true,
1762,get,2077,true,
1653,get,5570,true,
1683,get,4382,true,
1745,get,2161,true,
1756,get,2123,true,
1495,get,9445,true,
1737,get,2662,true,
1743,get,2175,true,
1636,get,6331,true,
1612,get,7687,true,
1752,get,2341,true,
1620,get,7846,true,
1768,get,2136,true,
1661,get,5733,true,
1724,get,2950,true,
1685,get,4572,true,
1759,get,2336,true,
1592,get,7930,true,
1714,get,3599,true,
1774,get,1956,true,
1528,get,9231,true,
1760,get,2346,true,
1766,get,2279,true,
1761,get,2346,true,
1755,get,2369,true,
1739,get,2899,true,
1767,get,2213,true,
1741,get,2437,true,
1506,get,9334,true,
1696,get,3688,true,
1725,get,3001,true,
1758,get,2389,true,
1645,get,5892,true,
1728,get,2982,true,
1742,get,2458,true,
1776,get,2489,true,
1753,get,2936,true,
1773,get,2550,true,
1664,get,5923,true,
1792,get,2182,true,
1777,get,2491,true,
1638,get,7137,true,
1775,get,2522,true,
1642,get,6472,true,
1790,get,2382,true,
1804,get,2187,true,
1706,get,4547,true,
1778,get,2815,true,
1783,get,2753,true,
1769,get,3151,true,
1663,get,6367,true,
1841,get,1263,true,
1789,get,2729,true,
1713,get,4707,true,
1670,get,6493,true,
1803,get,2616,true,
1772,get,3356,true,
1821,get,2463,true,
1853,get,1407,true,
1862,get,1783,true,
1844,get,2097,true,
1866,get,1882,true,
1885,get,1313,true,
1871,get,1901,true,
1878,get,1373,true,
1650,get,7786,true,
1855,get,1974,true,
1856,get,2017,true,
1657,get,7814,true,
1779,get,3876,true,
1909,get,1459,true,
1835,get,4453,true,
1904,get,1551,true,
1805,get,4836,true,
1793,get,5071,true,
1843,get,3737,true,
1709,get,7102,true,
1813,get,4713,true,
1747,get,5885,true,
1816,get,4669,true,
1810,get,4779,true,
1733,get,6407,true,
1797,get,5030,true,
1833,get,4519,true,
1704,get,7151,true,
1892,get,2520,true,
1908,get,1570,true,
1665,get,8877,true,
1814,get,4746,true,
1764,get,5865,true,
1832,get,4558,true,
1717,get,7141,true,
1910,get,1545,true,
1852,get,3587,true,
1809,get,4857,true,
1818,get,4697,true,
1689,get,7247,true,
1788,get,5260,true,
1716,get,7169,true,
1906,get,1631,true,
1677,get,8845,true,
1798,get,5088,true,
1787,get,5294,true,
1845,get,3831,true,
1729,get,6528,true,
1907,get,1657,true,
1639,get,10158,true,
1903,get,1716,true,
1911,get,1598,true,
1812,get,4857,true,
1901,get,1833,true,
1849,get,3850,true,
1905,get,1693,true,
1902,get,1778,true,
1691,get,7312,true,
1881,get,3060,true,
1834,get,4636,true,
1770,get,5827,true,
1817,get,4616,true,
1914,get,847,true,
1830,get,5334,true,
1924,get,806,true,
1925,get,803,true,
1913,get,852,true,
1947,get,726,true,
1915,get,867,true,
1807,get,5669,true,
1808,get,5651,true,
1815,get,5526,true,
1786,get,6061,true,
1839,get,5302,true,
1916,get,858,true,
1688,get,8036,true,
1796,get,5898,true,
1912,get,956,true,
1946,get,901,true,
1918,get,1186,true,
1838,get,5718,true,
1958,get,1241,true,
1945,get,1523,true,
1940,get,1551,true,
1936,get,1568,true,
1937,get,1572,true,
1712,get,8752,true,
1938,get,1590,true,
1953,get,1531,true,
1917,get,1670,true,
1942,get,1580,true,
1700,get,8815,true,
1802,get,6790,true,
1702,get,9205,true,
1711,get,9329,true,
1694,get,9386,true,
1806,get,7089,true,
1837,get,6726,true,
1836,get,6735,true,
1695,get,9416,true,
1701,get,9435,true,
1795,get,7367,true,
1763,get,8189,true,
1977,get,1979,true,
1987,get,1334,true,
1963,get,2179,true,
1976,get,2115,true,
1785,get,8287,true,
1985,get,1409,true,
1949,get,2946,true,
1930,get,3027,true,
1971,get,2238,true,
1978,get,1911,true,
1820,get,7701,true,
1952,get,3018,true,
1991,get,1276,true,
1984,get,1510,true,
1968,get,2314,true,
1967,get,2323,true,
1973,get,2323,true,
1926,get,3144,true,
1828,get,7695,true,
1981,get,1548,true,
1989,get,1512,true,
1961,get,2365,true,
1951,get,3065,true,
1962,get,2366,true,
1928,get,3165,true,
1969,get,2358,true,
1927,get,3170,true,
1959,get,2949,true,
1934,get,3152,true,
1990,get,1533,true,
1823,get,7774,true,
1982,get,1590,true,
1794,get,8292,true,
1932,get,3172,true,
1929,get,3195,true,
1939,get,3162,true,
1819,get,7849,true,
1964,get,2423,true,
1988,get,1591,true,
1710,get,10361,true,
1965,get,2433,true,
1966,get,2421,true,
1921,get,3260,true,
1931,get,3240,true,
1986,get,1628,true,
1948,get,3175,true,
1698,get,10810,true,
1956,get,3531,true,
1960,get,3256,true,
1955,get,3537,true,
1923,get,3665,true,
1957,get,3539,true,
1922,get,3681,true,
1975,get,2825,true,
1970,get,2844,true,
1950,get,3578,true,
1944,get,3605,true,
1935,get,3635,true,
1983,get,2066,true,
1974,get,2848,true,
1811,get,8467,true,
1829,get,8273,true,
1954,get,3766,true,
1666,get,12919,true,
1824,get,8725,true,
1972,get,3387,true,
2023,get,1501,true,
1826,get,9224,true,
2040,get,1437,true,
2018,get,1527,true,
2024,get,1512,true,
1992,get,2628,true,
1800,get,9675,true,
1801,get,9650,true,
1980,get,3325,true,
1722,get,11778,true,
1799,get,9719,true,
1723,get,12032,true,
2008,get,1931,true,
1641,get,14366,true,
1979,get,3799,true,
1933,get,5097,true,
1720,get,12804,true,
1860,get,9222,true,
1873,get,9183,true,
2039,get,2478,true,
2065,get,1648,true,
2027,get,2536,true,
1864,get,9223,true,
1884,get,8652,true,
1995,get,3499,true,
1877,get,8671,true,
1879,get,8677,true,
2036,get,2518,true,
1859,get,9254,true,
1882,get,8667,true,
2083,get,606,true,
2058,get,2066,true,
1883,get,8676,true,
2077,get,1055,true,
1863,get,9258,true,
1831,get,10281,true,
2004,get,2769,true,
1784,get,11028,true,
2068,get,1091,true,
1865,get,9265,true,
1887,get,8482,true,
1719,get,12807,true,
1888,get,8736,true,
1889,get,8726,true,
1890,get,8688,true,
1895,get,8565,true,
1868,get,9658,true,
1876,get,9634,true,
1886,get,8950,true,
1782,get,11503,true,
1893,get,8877,true,
2091,get,719,true,
2102,get,697,true,
2107,get,687,true,
1900,get,8594,true,
2101,get,717,true,
2098,get,735,true,
2062,get,3517,true,
2110,get,1061,true,
2089,get,1492,true,
2104,get,1475,true,
2055,get,3563,true,
2114,get,1069,true,
2053,get,3577,true,
2049,get,3589,true,
2115,get,1084,true,
1898,get,9407,true,
1919,get,7274,true,
2093,get,1534,true,
2099,get,1516,true,
1920,get,7286,true,
2119,get,827,true,
1765,get,13111,true,
2111,get,1137,true,
2052,get,3636,true,
1943,get,7227,true,
2108,get,1540,true,
2109,get,1536,true,
2084,get,1608,true,
2041,get,4086,true,
2085,get,1620,true,
2050,get,3674,true,
2028,get,4150,true,
1894,get,9778,true,
2096,get,1604,true,
2113,get,1187,true,
1875,get,10815,true,
1891,get,9874,true,
2038,get,4132,true,
2095,get,1621,true,
2106,get,1601,true,
2094,get,1632,true,
2054,get,3705,true,
1897,get,9685,true,
2086,get,1670,true,
2117,get,1182,true,
2057,get,3707,true,
2088,get,1677,true,
1997,get,5153,true,
2032,get,4204,true,
2112,get,1251,true,
2105,get,1653,true,
1896,get,9749,true,
2116,get,1240,true,
2103,get,1670,true,
1899,get,9571,true,
2097,get,1693,true,
2100,get,1684,true,
2118,get,1071,true,
2087,get,1732,true,
2123,get,981,true,
2090,get,1734,true,
2122,get,993,true,
2092,get,1748,true,
2061,get,3827,true,
2060,get,3953,true,
2048,get,4028,true,
2043,get,4460,true,
1941,get,7685,true,
2131,get,519,true,
2124,get,1344,true,
2175,get,408,true,
2126,get,698,true,
2120,get,1476,true,
2059,get,4249,true,
2056,get,4268,true,
2121,get,1498,true,
2045,get,4703,true,
2063,get,4258,true,
2051,get,4608,true,
2177,get,1085,true,
2127,get,1452,true,
2125,get,1473,true,
2176,get,1399,true,
1999,get,6560,true,
2130,get,1622,true,
2173,get,1447,true,
2128,get,1650,true,
2035,get,5684,true,
2020,get,5737,true,
1840,get,12725,true,
2129,get,1743,true,
2171,get,1580,true,
2046,get,6194,true,
2007,get,6444,true,
2150,get,2165,true,
2197,get,1539,true,
2152,get,2463,true,
2198,get,1276,true,
2201,get,1000,true,
2206,get,968,true,
2203,get,1077,true,
2207,get,1120,true,
2022,get,7000,true,
2205,get,1294,true,
2204,get,1307,true,
2209,get,1221,true,
2168,get,2819,true,
2210,get,1326,true,
2202,get,1556,true,
2199,get,1862,true,
2200,get,1861,true,
2211,get,1092,true,
2212,get,1081,true,
2213,get,1095,true,
2187,get,2879,true,
1847,get,14416,true,
1854,get,14278,true,
1751,get,16638,true,
1771,get,16340,true,
1993,get,8622,true,
1850,get,14586,true,
2230,get,357,true,
2208,get,1987,true,
2228,get,472,true,
2012,get,7936,true,
2229,get,494,true,
2233,get,585,true,
2231,get,699,true,
2234,get,602,true,
2240,get,386,true,
2132,get,4070,true,
2185,get,3623,true,
1994,get,9128,true,
2215,get,1605,true,
2000,get,9133,true,
2232,get,844,true,
2135,get,4190,true,
1872,get,14935,true,
1870,get,14946,true,
2010,get,8399,true,
1867,get,14969,true,
2019,get,8457,true,
2066,get,7486,true,
2216,get,1850,true,
2002,get,8710,true,
2033,get,8494,true,
2013,get,8604,true,
2214,get,1926,true,
2217,get,1902,true,
2149,get,4492,true,
2064,get,7952,true,
2250,get,516,true,
2017,get,8710,true,
2252,get,445,true,
2006,get,8839,true,
2258,get,412,true,
2218,get,2025,true,
1822,get,16478,true,
2251,get,810,true,
2181,get,4681,true,
2164,get,4771,true,
1781,get,17485,true,
1851,get,15880,true,
2219,get,2235,true,
2170,get,4758,true,
2047,get,8906,true,
1825,get,16745,true,
2223,get,2001,true,
1846,get,15935,true,
2255,get,745,true,
1858,get,15718,true,
2191,get,4270,true,
2259,get,724,true,
2144,get,4890,true,
2014,get,9082,true,
2189,get,4402,true,
2226,get,1921,true,
2165,get,4870,true,
1996,get,10160,true,
2031,get,9321,true,
2034,get,9466,true,
1842,get,16450,true,
2257,get,1353,true,
2253,get,1411,true,
2242,get,1895,true,
2016,get,9759,true,
2262,get,1252,true,
2254,get,1482,true,
2249,get,1684,true,
2268,get,1400,true,
2271,get,1381,true,
2276,get,1423,true,
2261,get,1706,true,
2220,get,3342,true,
2269,get,1521,true,
2248,get,2070,true,
2270,get,1537,true,
2277,get,1224,true,
2246,get,2114,true,
2241,get,2611,true,
2021,get,10903,true,
2044,get,10845,true,
2295,get,1852,true,
2318,get,548,true,
2312,get,747,true,
2314,get,739,true,
2025,get,10955,true,
2317,get,749,true,
2001,get,11807,true,
2325,get,413,true,
2323,get,441,true,
2320,get,459,true,
2322,get,456,true,
2319,get,497,true,
2067,get,10346,true,
2037,get,11349,true,
1697,get,21737,true,
2075,get,9878,true,
2029,get,11397,true,
2011,get,11510,true,
2030,get,11643,true,
2026,get,11666,true,
2009,get,11794,true,
1998,get,12762,true,
1646,get,24425,true,
2071,get,10439,true,
2070,get,10546,true,
2069,get,10577,true,
2073,get,10573,true,
2178,get,7839,true,
2042,get,12059,true,
2326,get,1170,true,
2180,get,7860,true,
2015,get,12185,true,
2080,get,10347,true,
1874,get,18799,true,
2324,get,1342,true,
2078,get,10739,true,
2328,get,922,true,
2082,get,10435,true,
2076,get,10776,true,
2079,get,10503,true,
2072,get,10790,true,
1880,get,18415,true,
2074,get,10841,true,
2081,get,10558,true,
2321,get,1584,true,
2172,get,8332,true,
2327,get,1606,true,
2147,get,8592,true,
2330,get,1383,true,
2329,get,1389,true,
2148,get,8718,true,
2174,get,8614,true,
2169,get,8642,true,
1857,get,19614,true,
2140,get,8841,true,
2166,get,8720,true,
2146,get,8801,true,
2183,get,8484,true,
2336,get,1553,true,
2139,get,8852,true,
2161,get,8882,true,
2351,get,948,true,
2344,get,1149,true,
2345,get,1046,true,
2354,get,946,true,
2346,get,1066,true,
2349,get,1099,true,
2343,get,1352,true,
2355,get,984,true,
2138,get,9495,true,
2339,get,1931,true,
1848,get,20519,true,
2182,get,9265,true,
2335,get,2215,true,
2141,get,9499,true,
2194,get,8840,true,
2333,get,2236,true,
2337,get,2215,true,
2167,get,9400,true,
2332,get,2250,true,
2331,get,2259,true,
2338,get,2240,true,
2160,get,9455,true,
2341,get,2539,true,
2348,get,2099,true,
2352,get,2074,true,
2186,get,9660,true,
2145,get,10098,true,
2365,get,1728,true,
2342,get,2409,true,
2137,get,10157,true,
2222,get,7276,true,
2193,get,9529,true,
2366,get,1715,true,
2256,get,6047,true,
2005,get,14515,true,
2179,get,10129,true,
2283,get,5566,true,
2347,get,2487,true,
2376,get,1632,true,
2280,get,6014,true,
2273,get,6353,true,
2360,get,2765,true,
2392,get,1978,true,
2195,get,10800,true,
2285,get,6599,true,
2384,get,2527,true,
2235,get,8063,true,
2157,get,11463,true,
2301,get,6014,true,
2419,get,1327,true,
2411,get,1658,true,
2290,get,6898,true,
2196,get,11104,true,
2298,get,6583,true,
2389,get,2668,true,
2188,get,11289,true,
2265,get,7382,true,
2239,get,8265,true,
2297,get,6723,true,
2401,get,2308,true,
2299,get,6551,true,
2368,get,3327,true,
2282,get,7070,true,
2155,get,11891,true,
2416,get,1752,true,
2238,get,8473,true,
2142,get,12017,true,
2371,get,3264,true,
2291,get,7151,true,
2143,get,12065,true,
2382,get,3100,true,
2362,get,3898,true,
2136,get,12190,true,
2294,get,7208,true,
2409,get,2048,true,
2393,get,2689,true,
2385,get,3203,true,
2396,get,2697,true,
2374,get,3712,true,
2395,get,3030,true,
2394,get,3055,true,
2363,get,4321,true,
2287,get,7686,true,
2408,get,3839,true,
2407,get,3841,true,
2414,get,3782,true,
2457,get,1805,true,
2316,get,7892,true,
2378,get,5153,true,
2403,get,4449,true,
2315,get,7908,true,
2288,get,9097,true,
2386,get,4974,true,
2153,get,13954,true,
2162,get,13919,true,
2397,get,4502,true,
2264,get,9605,true,
2364,get,5773,true,
2154,get,13966,true,
2387,get,4917,true,
2159,get,13956,true,
2221,get,11162,true,
2302,get,8484,true,
2133,get,14075,true,
2281,get,9169,true,
2402,get,4515,true,
2388,get,4927,true,
2289,get,9146,true,
2284,get,9169,true,
2400,get,4538,true,
2279,get,9189,true,
2373,get,5304,true,
2310,get,8036,true,
2278,get,9202,true,
2245,get,10135,true,
1827,get,25920,true,
2151,get,14033,true,
2306,get,8451,true,
2275,get,9492,true,
2313,get,8022,true,
2369,get,5448,true,
2350,get,6079,true,
2361,get,5917,true,
2263,get,9716,true,
2296,get,9129,true,
1791,get,26536,true,
2380,get,5277,true,
2367,get,5642,true,
2398,get,4612,true,
2390,get,4645,true,
2292,get,9213,true,
2359,get,5944,true,
2379,get,5294,true,
2308,get,8201,true,
2243,get,10412,true,
2307,get,8430,true,
2404,get,4040,true,
2357,get,5968,true,
2304,get,8536,true,
2260,get,9827,true,
2410,get,4021,true,
2356,get,5984,true,
2003,get,18470,true,
2227,get,11048,true,
2415,get,3946,true,
2158,get,14092,true,
2334,get,6888,true,
2383,get,5196,true,
2377,get,5346,true,
2274,get,9589,true,
1869,get,24958,true,
2353,get,6145,true,
2163,get,14091,true,
2134,get,14225,true,
2370,get,5544,true,
2358,get,6013,true,
2391,get,4717,true,
1861,get,25000,true,
2372,get,5442,true,
2184,get,13813,true,
2244,get,10455,true,
2487,get,2437,true,
2466,get,2522,true,
2460,get,3974,true,
2529,get,2311,true,
2472,get,2488,true,
2528,get,2326,true,
2469,get,2523,true,
2470,get,2521,true,
2484,get,2471,true,
2435,get,4697,true,
2468,get,2536,true,
2467,get,2555,true,
2473,get,2522,true,
2422,get,5586,true,
2520,get,2385,true,
2500,get,2443,true,
2465,get,2572,true,
2499,get,2454,true,
2534,get,2356,true,
2483,get,2509,true,
2508,get,2431,true,
2478,get,2538,true,
2444,get,4600,true,
2513,get,2430,true,
2522,get,2405,true,
2446,get,4559,true,
2443,get,4608,true,
2305,get,10944,true,
2455,get,4402,true,
2480,get,2550,true,
2481,get,2551,true,
2491,get,2520,true,
2453,get,4494,true,
2498,get,2500,true,
2525,get,2423,true,
2442,get,4655,true,
2518,get,2450,true,
2530,get,2420,true,
2540,get,2395,true,
2428,get,5083,true,
2156,get,16534,true,
2431,get,4815,true,
2272,get,12036,true,
2482,get,2579,true,
2485,get,2576,true,
2462,get,4064,true,
2433,get,4809,true,
2496,get,2546,true,
2532,get,2445,true,
2521,get,2477,true,
2452,get,4552,true,
2375,get,7804,true,
2267,get,12177,true,
2536,get,2443,true,
2456,get,4459,true,
2399,get,7128,true,
2539,get,2442,true,
2413,get,6466,true,
2474,get,2644,true,
2286,get,11751,true,
2523,get,2496,true,
2311,get,10595,true,
2340,get,9094,true,
2309,get,10707,true,
2421,get,5770,true,
2533,get,2481,true,
2537,get,2472,true,
2527,get,2501,true,
2475,get,2657,true,
2538,get,2472,true,
2493,get,2603,true,
2516,get,2535,true,
2192,get,16030,true,
2441,get,4836,true,
2430,get,5138,true,
2489,get,2629,true,
2476,get,2671,true,
2519,get,2541,true,
2434,get,4878,true,
2448,get,4667,true,
2495,get,2619,true,
2420,get,6229,true,
2303,get,11085,true,
2429,get,5167,true,
2449,get,4677,true,
2237,get,13189,true,
2447,get,4685,true,
2423,get,5752,true,
2524,get,2543,true,
2488,get,2655,true,
2494,get,2638,true,
2492,get,2651,true,
2437,get,4888,true,
2526,get,2548,true,
2486,get,2671,true,
2479,get,2696,true,
2471,get,2730,true,
2225,get,13784,true,
2438,get,4898,true,
2450,get,4663,true,
2490,get,2666,true,
2531,get,2551,true,
2427,get,5225,true,
2454,get,4571,true,
2541,get,2528,true,
2461,get,4207,true,
2440,get,4905,true,
2417,get,6444,true,
2300,get,11350,true,
2535,get,2554,true,
2424,get,5279,true,
2451,get,4668,true,
2477,get,2734,true,
2463,get,4186,true,
2464,get,4166,true,
2542,get,2547,true,
2266,get,12314,true,
2432,get,4965,true,
2436,get,4937,true,
2458,get,4572,true,
2405,get,6657,true,
2426,get,5269,true,
2439,get,4941,true,
2418,get,6316,true,
2247,get,12785,true,
2412,get,6608,true,
2293,get,11854,true,
2406,get,6674,true,
2445,get,4820,true,
2459,get,4581,true,
2236,get,13319,true,
2497,get,2701,true,
2425,get,5304,true,
2381,get,7819,true,
2517,get,2651,true,
2190,get,16171,true,
2224,get,13886,true,
2511,get,2862,true,
2501,get,2895,true,
2503,get,2979,true,
2502,get,2996,true,
2506,get,2999,true,
2515,get,2998,true,
2512,get,3019,true,
2510,get,3234,true,
2507,get,3260,true,
2505,get,3516,true,
2676,get,2183,true,
2607,get,2314,true,
2669,get,2197,true,
2655,get,2229,true,
2547,get,2476,true,
2682,get,1920,true,
2559,get,2460,true,
2514,get,4872,true,
2562,get,2461,true,
2646,get,2273,true,
2504,get,4908,true,
2587,get,2399,true,
2584,get,2427,true,
2571,get,2534,true,
2644,get,2661,true,
2658,get,2753,true,
2654,get,2765,true,
2651,get,2772,true,
2621,get,2826,true,
2598,get,2879,true,
2622,get,2831,true,
2602,get,2978,true,
2555,get,3231,true,
2670,get,2991,true,
2589,get,3169,true,
2561,get,3253,true,
2574,get,3229,true,
2509,get,5703,true,
2549,get,3314,true,
2560,get,3293,true,
2578,get,4429,true,
2548,get,4542,true,
2585,get,4432,true,
2674,get,4269,true,
2664,get,4298,true,
2671,get,4287,true,
2615,get,4402,true,
2566,get,4528,true,
2700,get,2080,true,
2631,get,4401,true,
2582,get,4503,true,
2576,get,4532,true,
2661,get,4363,true,
2716,get,1316,true,
2616,get,4461,true,
2705,get,1629,true,
2632,get,4443,true,
2575,get,4576,true,
2680,get,4173,true,
2583,get,4568,true,
2694,get,2192,true,
2590,get,4561,true,
2698,get,2184,true,
2628,get,4491,true,
2697,get,2202,true,
2581,get,4609,true,
2699,get,2207,true,
2572,get,4651,true,
2656,get,4485,true,
2678,get,4450,true,
2712,get,1492,true,
2718,get,1433,true,
2550,get,4752,true,
2612,get,4598,true,
2681,get,4289,true,
2660,get,4522,true,
2650,get,4551,true,
2683,get,4202,true,
2594,get,4669,true,
2580,get,4722,true,
2715,get,1528,true,
2614,get,4662,true,
2577,get,4751,true,
2689,get,3723,true,
2618,get,4672,true,
2596,get,4722,true,
2653,get,4623,true,
2573,get,4793,true,
2701,get,2364,true,
2588,get,4771,true,
2634,get,4677,true,
2635,get,4688,true,
2688,get,4034,true,
2619,get,4729,true,
2605,get,4766,true,
2552,get,4913,true,
2719,get,1601,true,
2603,get,4783,true,
2599,get,4804,true,
2564,get,4898,true,
2717,get,1634,true,
2692,get,2489,true,
2567,get,4909,true,
2613,get,4805,true,
2604,get,4832,true,
2708,get,1974,true,
2611,get,4832,true,
2592,get,4874,true,
2690,get,2537,true,
2546,get,5025,true,
2597,get,4887,true,
2714,get,1748,true,
2558,get,5001,true,
2695,get,2548,true,
2668,get,4779,true,
2593,get,4926,true,
2663,get,4808,true,
2691,get,2593,true,
2645,get,4847,true,
2687,get,4228,true,
2642,get,4867,true,
2666,get,4832,true,
2713,get,1833,true,
2556,get,5077,true,
2665,get,4850,true,
2667,get,4856,true,
2626,get,4936,true,
2595,get,5003,true,
2711,get,2018,true,
2565,get,5095,true,
2553,get,5137,true,
2685,get,4534,true,
2544,get,5180,true,
2706,get,2168,true,
2586,get,5072,true,
2662,get,4932,true,
2570,get,5136,true,
2579,get,5112,true,
2620,get,5029,true,
2563,get,5178,true,
2643,get,5002,true,
2623,get,5047,true,
2686,get,4593,true,
2647,get,5016,true,
2625,get,5062,true,
2679,get,4968,true,
2673,get,4991,true,
2648,get,5038,true,
2675,get,4997,true,
2659,get,5033,true,
2557,get,5264,true,
2545,get,5319,true,
2672,get,5027,true,
2551,get,5305,true,
2677,get,5034,true,
2640,get,5153,true,
2684,get,4903,true,
2568,get,5465,true,
2639,get,5338,true,
2591,get,5437,true,
2569,get,5517,true,
2543,get,5877,true,
2755,get,2147,true,
2637,get,6745,true,
2608,get,6819,true,
2746,get,2282,true,
2765,get,2156,true,
2633,get,6822,true,
2756,get,2255,true,
2743,get,2370,true,
2744,get,2375,true,
2745,get,2388,true,
2641,get,6888,true,
2761,get,2348,true,
2741,get,2521,true,
2721,get,2663,true,
2751,get,2448,true,
2735,get,2566,true,
2638,get,7002,true,
2737,get,2566,true,
2752,get,2486,true,
2724,get,2704,true,
2733,get,2651,true,
2738,get,2620,true,
2736,get,2632,true,
2763,get,2435,true,
2750,get,2549,true,
2740,get,2635,true,
2710,get,4368,true,
2762,get,2591,true,
2731,get,2833,true,
2767,get,2594,true,
2720,get,2995,true,
2707,get,4534,true,
2757,get,2757,true,
2739,get,2882,true,
2753,get,2798,true,
2728,get,2974,true,
2617,get,7388,true,
2734,get,2940,true,
2729,get,2974,true,
2601,get,7440,true,
2749,get,2877,true,
2758,get,2837,true,
2748,get,3215,true,
2747,get,3233,true,
2754,get,3207,true,
2732,get,3367,true,
2764,get,3163,true,
2610,get,7864,true,
2657,get,7847,true,
2742,get,3863,true,
2860,get,1639,true,
2841,get,3021,true,
2821,get,3653,true,
2840,get,3312,true,
2702,get,6363,true,
2780,get,3948,true,
2825,get,3641,true,
2859,get,1683,true,
2783,get,3931,true,
2788,get,3900,true,
2778,get,3970,true,
2789,get,3898,true,
2803,get,3803,true,
2819,get,3695,true,
2725,get,4359,true,
2759,get,4108,true,
2816,get,3723,true,
2837,get,3401,true,
2636,get,8714,true,
2726,get,4360,true,
2606,get,8780,true,
2727,get,4353,true,
2782,get,3971,true,
2786,get,3938,true,
2805,get,3813,true,
2709,get,5925,true,
2624,get,8754,true,
2627,get,8749,true,
2722,get,4411,true,
2817,get,3747,true,
2649,get,8716,true,
2777,get,4019,true,
2693,get,6479,true,
2554,get,8940,true,
2652,get,8718,true,
2609,get,8798,true,
2723,get,4411,true,
2850,get,1883,true,
2831,get,3662,true,
2696,get,6474,true,
2824,get,3717,true,
2855,get,1932,true,
2891,get,901,true,
2769,get,4568,true,
2730,get,4869,true,
2932,get,569,true,
2931,get,602,true,
2784,get,4659,true,
2843,get,2722,true,
2906,get,798,true,
2848,get,2715,true,
2887,get,1783,true,
2781,get,4824,true,
2785,get,4812,true,
2861,get,2562,true,
2797,get,4770,true,
2858,get,2618,true,
2856,get,2685,true,
2888,get,1915,true,
2890,get,1873,true,
2836,get,4490,true,
2847,get,2974,true,
2760,get,5195,true,
2834,get,4697,true,
2766,get,5232,true,
2917,get,1192,true,
2877,get,2579,true,
2787,get,5154,true,
2934,get,1469,true,
2930,get,1956,true,
2902,get,2016,true,
2936,get,1469,true,
2901,get,2033,true,
2899,get,2038,true,
2925,get,1986,true,
2923,get,2000,true,
2897,get,2055,true,
2866,get,3664,true,
2775,get,6037,true,
2954,get,951,true,
2943,get,1203,true,
2790,get,5954,true,
2946,get,1148,true,
2927,get,2018,true,
2889,get,2949,true,
2947,get,1147,true,
2892,get,2100,true,
2940,get,1306,true,
2959,get,839,true,
2942,get,1236,true,
2951,get,1026,true,
2915,get,2061,true,
2772,get,6099,true,
2853,get,3824,true,
2958,get,865,true,
2768,get,6135,true,
2945,get,1214,true,
2935,get,1560,true,
2928,get,2057,true,
2926,get,2061,true,
2921,get,2074,true,
2955,get,1008,true,
2913,get,2093,true,
2903,get,2117,true,
2826,get,5763,true,
2802,get,5938,true,
2801,get,5944,true,
2862,get,3768,true,
2922,get,2092,true,
2905,get,2134,true,
2870,get,3607,true,
2944,get,1265,true,
2950,get,1123,true,
2868,get,3671,true,
2957,get,929,true,
2953,get,1062,true,
2893,get,2179,true,
2878,get,3503,true,
2820,get,5852,true,
2916,get,2139,true,
2800,get,5987,true,
2907,get,2153,true,
2933,get,1949,true,
2941,get,1364,true,
2898,get,2185,true,
2912,get,2154,true,
2894,get,2205,true,
2904,get,2203,true,
2920,get,2182,true,
2914,get,2197,true,
2629,get,10936,true,
2949,get,1252,true,
2952,get,1155,true,
2771,get,6310,true,
2779,get,6288,true,
2929,get,2301,true,
2919,get,2326,true,
2948,get,1473,true,
2835,get,5964,true,
2956,get,1262,true,
2851,get,5152,true,
2774,get,7328,true,
2900,get,3373,true,
2910,get,3399,true,
2908,get,3404,true,
2938,get,2763,true,
2864,get,5057,true,
2793,get,7293,true,
2896,get,3505,true,
2939,get,2759,true,
2792,get,7372,true,
2965,get,1844,true,
2973,get,1854,true,
3015,get,1745,true,
2972,get,1882,true,
3010,get,1781,true,
2986,get,2135,true,
2909,get,4244,true,
3042,get,780,true,
2993,get,2173,true,
2977,get,2234,true,
3037,get,898,true,
2918,get,4334,true,
3032,get,1036,true,
2978,get,2309,true,
3012,get,2221,true,
2838,get,7756,true,
2994,get,2282,true,
2960,get,2398,true,
2798,get,8252,true,
3041,get,936,true,
3035,get,1020,true,
2770,get,8463,true,
2842,get,6435,true,
2976,get,2382,true,
2983,get,2373,true,
2881,get,5794,true,
2999,get,2341,true,
3040,get,995,true,
3013,get,2317,true,
2966,get,2461,true,
3036,get,1081,true,
3033,get,1169,true,
3038,get,1090,true,
2839,get,7867,true,
2924,get,4487,true,
2979,get,2455,true,
2845,get,6457,true,
3018,get,2366,true,
2796,get,8397,true,
2871,get,6009,true,
2984,get,2483,true,
2974,get,2526,true,
2962,get,2600,true,
3034,get,1268,true,
2969,get,2603,true,
2975,get,2588,true,
3039,get,1405,true,
2895,get,4858,true,
2776,get,8819,true,
2961,get,2851,true,
2880,get,6274,true,
3028,get,2927,true,
2911,get,5274,true,
2872,get,6709,true,
3029,get,2922,true,
3021,get,3503,true,
3058,get,1327,true,
3066,get,1292,true,
3055,get,1378,true,
3051,get,1461,true,
2967,get,3713,true,
3044,get,1848,true,
3050,get,1536,true,
3054,get,1465,true,
3065,get,1413,true,
3046,get,1920,true,
2968,get,3823,true,
3060,get,1510,true,
3045,get,2151,true,
3047,get,2285,true,
3081,get,1684,true,
3002,get,4143,true,
3048,get,2086,true,
3069,get,1866,true,
3071,get,1863,true,
3064,get,1957,true,
2818,get,10169,true,
3078,get,1984,true,
2852,get,8342,true,
2846,get,8460,true,
3106,get,742,true,
3113,get,582,true,
3077,get,2336,true,
3076,get,2357,true,
2813,get,10621,true,
3073,get,2391,true,
3087,get,2278,true,
3084,get,2338,true,
2863,get,8574,true,
2812,get,10701,true,
3116,get,618,true,
3115,get,835,true,
2600,get,15995,true,
2879,get,8618,true,
2809,get,11060,true,
3030,get,4884,true,
2794,get,11231,true,
3088,get,2959,true,
3117,get,1288,true,
2808,get,11415,true,
2854,get,9359,true,
2873,get,9031,true,
2810,get,11424,true,
3123,get,2344,true,
3005,get,6771,true,
3122,get,2359,true,
3075,get,4410,true,
3120,get,2400,true,
2867,get,10536,true,
3118,get,2522,true,
2827,get,12579,true,
3092,get,4079,true,
3121,get,2406,true,
2963,get,6918,true,
2882,get,10241,true,
2833,get,12551,true,
2806,get,12731,true,
2883,get,10220,true,
3016,get,6782,true,
2795,get,12817,true,
3112,get,2730,true,
2832,get,12570,true,
3074,get,4460,true,
2937,get,8336,true,
3014,get,6796,true,
3009,get,6813,true,
2799,get,12803,true,
3011,get,6809,true,
3007,get,6825,true,
2822,get,12593,true,
3025,get,6699,true,
2874,get,10384,true,
2791,get,13083,true,
3024,get,7006,true,
2886,get,10270,true,
2997,get,7242,true,
2849,get,11247,true,
3096,get,4455,true,
3089,get,4961,true,
2807,get,14559,true,
2981,get,8696,true,
3180,get,1017,true,
3170,get,1808,true,
3132,get,3826,true,
3144,get,3123,true,
3102,get,5048,true,
3098,get,5074,true,
3141,get,3163,true,
3163,get,1838,true,
3155,get,1864,true,
2830,get,14430,true,
3156,get,1866,true,
2804,get,14611,true,
3165,get,1856,true,
3017,get,8645,true,
3175,get,1620,true,
3019,get,8619,true,
2990,get,8720,true,
3125,get,3962,true,
3056,get,6446,true,
3108,get,4967,true,
3173,get,1837,true,
3095,get,5537,true,
3085,get,6217,true,
3093,get,5902,true,
3090,get,6006,true,
3099,get,5117,true,
2828,get,14476,true,
3145,get,3178,true,
2996,get,8726,true,
3068,get,6381,true,
3000,get,8721,true,
3057,get,6465,true,
3181,get,1061,true,
3086,get,6219,true,
2630,get,19571,true,
3101,get,5108,true,
3070,get,6380,true,
3164,get,1901,true,
3143,get,3218,true,
2773,get,14870,true,
3139,get,3500,true,
3031,get,8420,true,
2980,get,8787,true,
3062,get,6448,true,
3091,get,6038,true,
2844,get,12812,true,
3126,get,4007,true,
3043,get,7008,true,
3154,get,1939,true,
2985,get,8792,true,
3177,get,1546,true,
3022,get,8665,true,
2885,get,11845,true,
2987,get,8792,true,
2876,get,12249,true,
3053,get,6583,true,
3082,get,6345,true,
2964,get,8876,true,
3003,get,8770,true,
3063,get,6478,true,
3142,get,3266,true,
3134,get,3761,true,
3124,get,4097,true,
2704,get,16944,true,
3008,get,8767,true,
2988,get,8821,true,
3067,get,6465,true,
3080,get,6377,true,
2995,get,8809,true,
3061,get,6512,true,
3176,get,1682,true,
3052,get,6626,true,
3104,get,5168,true,
3083,get,6367,true,
3105,get,5128,true,
3059,get,6539,true,
2991,get,8833,true,
3111,get,4870,true,
3079,get,6406,true,
3119,get,4479,true,
2982,get,8864,true,
2998,get,8820,true,
3107,get,5089,true,
3103,get,5200,true,
3109,get,5006,true,
3131,get,4018,true,
2992,get,8850,true,
3100,get,5219,true,
3049,get,6706,true,
3072,get,6471,true,
2884,get,11930,true,
2989,get,8867,true,
3110,get,5048,true,
2970,get,8928,true,
3023,get,8811,true,
2823,get,14723,true,
2869,get,12550,true,
3001,get,8943,true,
3097,get,5798,true,
3094,get,5888,true,
3026,get,8911,true,
3020,get,9062,true,
2971,get,9280,true,
2829,get,15018,true,
2811,get,15189,true,
2814,get,15248,true,
2865,get,13219,true,
2815,get,15410,true,
3004,get,9632,true,
2857,get,13545,true,
2875,get,13252,true,
3114,get,5705,true,
3136,get,4708,true,
3127,get,5117,true,
2703,get,18320,true,
3140,get,5211,true,
3241,get,1919,true,
3276,get,1875,true,
3206,get,2009,true,
3214,get,2003,true,
3257,get,1918,true,
3249,get,1944,true,
3248,get,1946,true,
3219,get,2017,true,
3247,get,1958,true,
3264,get,1937,true,
3246,get,1981,true,
3222,get,2036,true,
3265,get,1959,true,
3224,get,2047,true,
3245,get,2004,true,
3221,get,2061,true,
3244,get,2015,true,
3261,get,1992,true,
3193,get,2129,true,
3185,get,2167,true,
3209,get,2110,true,
3186,get,2176,true,
3282,get,1845,true,
3182,get,2189,true,
3279,get,1917,true,
3192,get,2171,true,
3233,get,2100,true,
3135,get,5767,true,
3277,get,2023,true,
3191,get,2201,true,
3205,get,2173,true,
3189,get,2213,true,
3272,get,2053,true,
3190,get,2223,true,
3274,get,2059,true,
3178,get,3665,true,
3215,get,2185,true,
3194,get,2232,true,
3188,get,2249,true,
3179,get,3661,true,
3203,get,2228,true,
3184,get,2281,true,
3006,get,10918,true,
3217,get,2216,true,
3187,get,2285,true,
3027,get,10725,true,
3208,get,2234,true,
3137,get,5783,true,
3228,get,2207,true,
3168,get,4116,true,
3220,get,2224,true,
3183,get,2307,true,
3138,get,5783,true,
3235,get,2207,true,
3128,get,6205,true,
3166,get,4134,true,
3232,get,2216,true,
3258,get,2350,true,
3213,get,3100,true,
3227,get,3899,true,
3344,get,3419,true,
3342,get,3425,true,
3315,get,3571,true,
3355,get,3397,true,
3334,get,3469,true,
3294,get,4607,true,
3326,get,3508,true,
3356,get,3397,true,
3304,get,3638,true,
3280,get,5457,true,
3345,get,3445,true,
3160,get,7566,true,
3174,get,7509,true,
3324,get,3554,true,
3292,get,4755,true,
3263,get,5581,true,
3297,get,4528,true,
3314,get,3612,true,
3306,get,3667,true,
3289,get,5016,true,
3250,get,5611,true,
3350,get,3453,true,
3167,get,7575,true,
3210,get,5701,true,
3252,get,5621,true,
3225,get,5681,true,
3339,get,3495,true,
3349,get,3466,true,
3159,get,7603,true,
3299,get,3729,true,
3218,get,5699,true,
3204,get,5725,true,
3271,get,5600,true,
3340,get,3502,true,
3153,get,7630,true,
3212,get,5722,true,
3283,get,5392,true,
3354,get,3474,true,
3169,get,7599,true,
3288,get,5131,true,
3337,get,3528,true,
3302,get,3734,true,
3269,get,5624,true,
3223,get,5718,true,
3346,get,3508,true,
3226,get,5718,true,
3316,get,3658,true,
3157,get,7642,true,
3172,get,7613,true,
3287,get,5200,true,
3237,get,5700,true,
3352,get,3506,true,
3236,get,5713,true,
3256,get,5669,true,
3254,get,5675,true,
3303,get,3750,true,
3347,get,3528,true,
3199,get,5783,true,
3331,get,3597,true,
3129,get,9685,true,
3239,get,5709,true,
3273,get,5653,true,
3359,get,1845,true,
3200,get,5797,true,
3216,get,5768,true,
3151,get,7693,true,
3253,get,5694,true,
3290,get,5041,true,
3281,get,5548,true,
3341,get,3567,true,
3270,get,5673,true,
3207,get,5794,true,
3295,get,4650,true,
3240,get,5735,true,
3267,get,5687,true,
3234,get,5757,true,
3251,get,5717,true,
3147,get,7725,true,
3162,get,7687,true,
3255,get,5717,true,
3161,get,7697,true,
3305,get,3789,true,
3266,get,5705,true,
3285,get,5377,true,
3133,get,9702,true,
3317,get,3724,true,
3296,get,4671,true,
3284,get,5430,true,
3286,get,5329,true,
3130,get,9736,true,
3298,get,4663,true,
3291,get,4986,true,
3259,get,5734,true,
3243,get,5764,true,
3238,get,5776,true,
3158,get,7727,true,
3211,get,5830,true,
3198,get,5854,true,
3307,get,3805,true,
3358,get,2738,true,
3268,get,5730,true,
3231,get,5804,true,
3201,get,5861,true,
3275,get,5721,true,
3150,get,7764,true,
3310,get,3795,true,
3242,get,5783,true,
3152,get,7763,true,
3202,get,5869,true,
3195,get,5886,true,
3262,get,5754,true,
3312,get,3793,true,
3260,get,5767,true,
3171,get,7731,true,
3293,get,4872,true,
3300,get,3882,true,
3338,get,3662,true,
3196,get,5890,true,
3146,get,7793,true,
3318,get,3774,true,
3149,get,7795,true,
3313,get,3807,true,
3301,get,3876,true,
3278,get,5682,true,
3230,get,6836,true,
3333,get,5143,true,
3335,get,5147,true,
3365,get,1683,true,
3336,get,5145,true,
3323,get,5213,true,
3343,get,5113,true,
3329,get,5187,true,
3357,get,4909,true,
3319,get,5255,true,
3328,get,5213,true,
3311,get,5309,true,
3322,get,5248,true,
3330,get,5206,true,
3332,get,5201,true,
3325,get,5238,true,
3351,get,5136,true,
3353,get,5131,true,
3348,get,5145,true,
3320,get,5276,true,
3309,get,5347,true,
3229,get,7361,true,
3308,get,5362,true,
3148,get,9318,true,
3321,get,5282,true,
3327,get,5270,true,
3366,get,1956,true,
3197,get,7679,true,
3471,get,3787,true,
3362,get,4032,true,
3391,get,4303,true,
3390,get,4312,true,
3402,get,4296,true,
3444,get,4219,true,
3470,get,4185,true,
3426,get,4279,true,
3464,get,4212,true,
3424,get,4284,true,
3408,get,4319,true,
3472,get,4207,true,
3430,get,4282,true,
3373,get,4397,true,
3433,get,4288,true,
3416,get,4321,true,
3401,get,4359,true,
3434,get,4298,true,
3462,get,4251,true,
3468,get,4250,true,
3442,get,4293,true,
3375,get,4421,true,
3377,get,4420,true,
3443,get,4302,true,
3419,get,4349,true,
3397,get,4394,true,
3400,get,4391,true,
3396,get,4397,true,
3411,get,4375,true,
3438,get,4330,true,
3409,get,4383,true,
3384,get,4429,true,
3457,get,4305,true,
3380,get,4448,true,
3427,get,4359,true,
3413,get,4383,true,
3436,get,4352,true,
3480,get,4276,true,
3431,get,4362,true,
3368,get,4495,true,
3432,get,4360,true,
3428,get,4378,true,
3389,get,4451,true,
3439,get,4359,true,
3415,get,4407,true,
3449,get,4352,true,
3429,get,4387,true,
3374,get,4489,true,
3454,get,4343,true,
3361,get,4533,true,
3465,get,4337,true,
3417,get,4424,true,
3453,get,4356,true,
3422,get,4414,true,
3461,get,4352,true,
3466,get,4347,true,
3378,get,4509,true,
3435,get,4407,true,
3414,get,4446,true,
3463,get,4363,true,
3483,get,4330,true,
3394,get,4486,true,
3423,get,4439,true,
3410,get,4468,true,
3452,get,4391,true,
3441,get,4414,true,
3360,get,4579,true,
3437,get,4433,true,
3491,get,3126,true,
3379,get,4795,true,
3570,get,1079,true,
3418,get,5521,true,
3395,get,5564,true,
3398,get,5566,true,
3505,get,3915,true,
3569,get,1103,true,
3388,get,5611,true,
3496,get,3950,true,
3376,get,5633,true,
3364,get,5663,true,
3393,get,5613,true,
3536,get,1614,true,
3565,get,1547,true,
3363,get,6104,true,
3521,get,1698,true,
3486,get,4435,true,
3474,get,5908,true,
3407,get,6040,true,
3484,get,4913,true,
3510,get,4178,true,
3383,get,6090,true,
3387,get,6086,true,
3494,get,4431,true,
3370,get,6123,true,
3399,get,6071,true,
3485,get,4482,true,
3369,get,6130,true,
3509,get,4393,true,
3508,get,4413,true,
3500,get,4437,true,
3554,get,1574,true,
3476,get,5989,true,
3559,get,1699,true,
3475,get,6016,true,
3425,get,6104,true,
3460,get,6049,true,
3520,get,1837,true,
3482,get,6026,true,
3532,get,1803,true,
3560,get,1744,true,
3372,get,6236,true,
3517,get,1885,true,
3420,get,6159,true,
3518,get,1900,true,
3451,get,6118,true,
3499,get,4574,true,
3551,get,2056,true,
3590,get,889,true,
3543,get,2087,true,
3592,get,895,true,
3588,get,926,true,
3625,get,1229,true,
3620,get,1265,true,
3602,get,1383,true,
3627,get,1242,true,
3386,get,7493,true,
3497,get,5838,true,
3445,get,7410,true,
3552,get,3073,true,
3489,get,5899,true,
3558,get,3069,true,
3531,get,3143,true,
3555,get,3094,true,
3538,get,3140,true,
3446,get,7445,true,
3481,get,7402,true,
3628,get,1070,true,
3479,get,7420,true,
3608,get,1484,true,
3629,get,1095,true,
3613,get,1456,true,
3539,get,3080,true,
3504,get,5929,true,
3615,get,1445,true,
3575,get,3110,true,
3605,get,1530,true,
3576,get,3118,true,
3577,get,3116,true,
3530,get,3250,true,
3534,get,3241,true,
3630,get,1130,true,
3367,get,7705,true,
3623,get,1442,true,
3624,get,1437,true,
3621,get,1451,true,
3593,get,1640,true,
3594,get,1634,true,
3626,get,1434,true,
3614,get,1508,true,
3631,get,1156,true,
3571,get,3183,true,
3527,get,3310,true,
3563,get,3208,true,
3609,get,1589,true,
3585,get,2139,true,
3553,get,3279,true,
3612,get,1596,true,
3498,get,6093,true,
3595,get,1716,true,
3611,get,1663,true,
3404,get,7747,true,
3603,get,1749,true,
3540,get,3436,true,
3561,get,3409,true,
3616,get,1728,true,
3506,get,6235,true,
3473,get,7786,true,
3412,get,7897,true,
3606,get,1867,true,
3632,get,1445,true,
3581,get,3211,true,
3488,get,6366,true,
3528,get,3622,true,
3622,get,1836,true,
3525,get,3700,true,
3610,get,2405,true,
3578,get,4013,true,
3573,get,4117,true,
3572,get,4133,true,
3601,get,2644,true,
3542,get,4382,true,
3568,get,4340,true,
3503,get,7173,true,
3650,get,1343,true,
3660,get,1358,true,
3381,get,9051,true,
3490,get,7436,true,
3644,get,1527,true,
3478,get,8987,true,
3385,get,9159,true,
3492,get,7533,true,
3664,get,1602,true,
3607,get,3166,true,
3448,get,9165,true,
3637,get,1805,true,
3564,get,4838,true,
3548,get,4925,true,
3541,get,4973,true,
3544,get,5508,true,
3421,get,9874,true,
3645,get,2387,true,
3653,get,2333,true,
3598,get,3889,true,
3507,get,8272,true,
3526,get,5584,true,
3512,get,6027,true,
3662,get,2322,true,
3641,get,2439,true,
3604,get,3885,true,
3634,get,2510,true,
3513,get,6004,true,
3550,get,5540,true,
3502,get,8310,true,
3617,get,3804,true,
3640,get,2861,true,
3633,get,3242,true,
3596,get,4680,true,
3514,get,6432,true,
3579,get,6227,true,
3467,get,10654,true,
3663,get,3150,true,
3556,get,6347,true,
3537,get,6408,true,
3523,get,6457,true,
3643,get,3288,true,
3635,get,3394,true,
3495,get,9213,true,
3405,get,10837,true,
3524,get,6603,true,
3515,get,6713,true,
3566,get,6557,true,
3533,get,6734,true,
3619,get,4965,true,
3529,get,6832,true,
3618,get,6323,true,
3752,get,1467,true,
3694,get,4503,true,
3651,get,4919,true,
3750,get,1554,true,
3699,get,3902,true,
3642,get,5000,true,
3493,get,10884,true,
3600,get,6458,true,
3711,get,3382,true,
3440,get,12442,true,
3557,get,8081,true,
3692,get,4559,true,
3705,get,3623,true,
3673,get,4865,true,
3545,get,8121,true,
3636,get,5028,true,
3719,get,3162,true,
3392,get,12551,true,
3678,get,4819,true,
3671,get,4887,true,
3675,get,4870,true,
3751,get,1532,true,
3487,get,10941,true,
3535,get,8164,true,
3562,get,8096,true,
3680,get,4808,true,
3677,get,4840,true,
3382,get,12587,true,
3702,get,3776,true,
3648,get,5009,true,
3661,get,4941,true,
3687,get,4662,true,
3657,get,4963,true,
3459,get,12452,true,
3698,get,4053,true,
3655,get,4973,true,
3755,get,1373,true,
3582,get,7015,true,
3567,get,8107,true,
3406,get,12562,true,
3469,get,12453,true,
3658,get,4969,true,
3713,get,3345,true,
3701,get,3879,true,
3646,get,5052,true,
3456,get,12483,true,
3654,get,4998,true,
3659,get,4981,true,
3583,get,7035,true,
3649,get,5034,true,
3754,get,1456,true,
3587,get,7017,true,
3696,get,4545,true,
3747,get,1764,true,
3639,get,5109,true,
3516,get,8302,true,
3591,get,7016,true,
3737,get,1923,true,
3638,get,5136,true,
3584,get,7054,true,
3683,get,4802,true,
3708,get,3569,true,
3740,get,1888,true,
3748,get,1769,true,
3739,get,1903,true,
3704,get,3798,true,
3589,get,7040,true,
3689,get,4705,true,
3746,get,1824,true,
3690,get,4694,true,
3681,get,4880,true,
3652,get,5055,true,
3712,get,3481,true,
3744,get,1842,true,
3684,get,4806,true,
3738,get,1931,true,
3742,get,1867,true,
3745,get,1850,true,
3674,get,4985,true,
3546,get,8240,true,
3688,get,4732,true,
3666,get,5014,true,
3597,get,6617,true,
3685,get,4797,true,
3656,get,5063,true,
3450,get,12567,true,
3707,get,3646,true,
3749,get,1814,true,
3574,get,8183,true,
3647,get,5122,true,
3697,get,4186,true,
3672,get,5011,true,
3741,get,1897,true,
3586,get,7096,true,
3676,get,4980,true,
3580,get,7941,true,
3549,get,8268,true,
3717,get,3194,true,
3547,get,8316,true,
3669,get,5732,true,
3706,get,4408,true,
3511,get,11460,true,
3599,get,7337,true,
3522,get,9060,true,
3718,get,4054,true,
3714,get,4161,true,
3734,get,3436,true,
3700,get,4798,true,
3691,get,5451,true,
3710,get,4289,true,
3679,get,5681,true,
3709,get,4362,true,
3371,get,13473,true,
3668,get,5783,true,
3667,get,5783,true,
3743,get,2644,true,
3753,get,2343,true,
3455,get,13401,true,
3403,get,13582,true,
3703,get,4859,true,
3686,get,5789,true,
3665,get,6095,true,
3682,get,6063,true,
3477,get,13700,true,
3519,get,9568,true,
3501,get,12327,true,
3458,get,13950,true,
3447,get,14032,true,
3729,get,4492,true,
3695,get,6416,true,
3845,get,1772,true,
3728,get,4497,true,
3794,get,1869,true,
3723,get,4522,true,
3727,get,4499,true,
3840,get,1786,true,
3852,get,1777,true,
3730,get,4509,true,
3846,get,1788,true,
3716,get,5191,true,
3791,get,1898,true,
3720,get,5176,true,
3721,get,5229,true,
3724,get,5779,true,
3816,get,3098,true,
3790,get,3149,true,
3851,get,3033,true,
3847,get,3043,true,
3725,get,5794,true,
3819,get,3113,true,
3788,get,3172,true,
3849,get,3060,true,
3789,get,3176,true,
3833,get,3093,true,
3850,get,3066,true,
3670,get,8092,true,
3835,get,3094,true,
3726,get,6431,true,
3785,get,3814,true,
3848,get,3704,true,
3804,get,3795,true,
3733,get,6429,true,
3803,get,3813,true,
3792,get,3829,true,
3722,get,6485,true,
3813,get,3810,true,
3820,get,3801,true,
3795,get,3849,true,
3843,get,3767,true,
3806,get,3839,true,
3818,get,3824,true,
3844,get,3778,true,
3793,get,3887,true,
3836,get,3850,true,
3855,get,3789,true,
3779,get,3979,true,
3732,get,6579,true,
3837,get,3895,true,
3842,get,4095,true,
3762,get,4249,true,
3810,get,4166,true,
3826,get,4144,true,
3814,get,4169,true,
3801,get,4334,true,
3841,get,4302,true,
3832,get,4369,true,
3735,get,7169,true,
3802,get,4553,true,
3805,get,4548,true,
3800,get,4624,true,
3781,get,4701,true,
3815,get,4753,true,
3827,get,4757,true,
3825,get,4789,true,
3715,get,8204,true,
3853,get,4889,true,
3782,get,5037,true,
3731,get,7689,true,
3817,get,5034,true,
3799,get,5122,true,
3821,get,5120,true,
3854,get,5157,true,
3828,get,5235,true,
3809,get,5274,true,
3822,get,5277,true,
3839,get,5260,true,
3838,get,5287,true,
3824,get,5440,true,
3761,get,5579,true,
3757,get,5616,true,
3693,get,10164,true,
3862,get,4788,true,
3774,get,5716,true,
3777,get,5800,true,
3787,get,5870,true,
3763,get,5970,true,
3864,get,5104,true,
3871,get,5114,true,
3831,get,5911,true,
3872,get,5226,true,
3780,get,6178,true,
3866,get,5335,true,
3860,get,5376,true,
3857,get,5415,true,
3870,get,5636,true,
3760,get,6851,true,
3868,get,5934,true,
3834,get,6719,true,
3759,get,6875,true,
3808,get,6778,true,
3823,get,6739,true,
3865,get,5970,true,
3807,get,6793,true,
3811,get,6786,true,
3856,get,6026,true,
3736,get,9054,true,
3903,get,4446,true,
3926,get,3732,true,
3923,get,3754,true,
3924,get,3753,true,
3928,get,3733,true,
3933,get,3642,true,
3927,get,3751,true,
3907,get,4459,true,
3931,get,3676,true,
3889,get,5752,true,
3911,get,4454,true,
3894,get,5736,true,
3881,get,6312,true,
3920,get,3809,true,
3909,get,4470,true,
3882,get,6231,true,
3888,get,5771,true,
3859,get,6823,true,
3941,get,3254,true,
3884,get,6099,true,
3925,get,3789,true,
3934,get,3675,true,
3929,get,3771,true,
3915,get,3859,true,
3867,get,6816,true,
3905,get,4503,true,
3890,get,5792,true,
3930,get,3743,true,
3932,get,3742,true,
3901,get,4938,true,
3921,get,4358,true,
3902,get,5094,true,
3917,get,4482,true,
3935,get,4136,true,
3906,get,5229,true,
3916,get,4595,true,
3954,get,3374,true,
3938,get,4322,true,
3937,get,4347,true,
3936,get,4366,true,
3775,get,8630,true,
3956,get,3478,true,
3964,get,3169,true,
3962,get,3369,true,
3919,get,4902,true,
3922,get,4933,true,
3918,get,4970,true,
3940,get,4496,true,
3939,get,4648,true,
3965,get,3356,true,
3960,get,3603,true,
3873,get,8044,true,
3946,get,4308,true,
3812,get,8921,true,
3874,get,8037,true,
3942,get,4577,true,
3858,get,8225,true,
4029,get,1863,true,
4037,get,1703,true,
3963,get,5062,true,
4026,get,2112,true,
3967,get,4874,true,
3944,get,5879,true,
4046,get,1495,true,
3950,get,5602,true,
3980,get,4227,true,
4006,get,2823,true,
3995,get,2857,true,
4008,get,2823,true,
3997,get,2857,true,
3994,get,2875,true,
3945,get,5902,true,
4025,get,2173,true,
3977,get,4325,true,
4013,get,2833,true,
4039,get,1693,true,
3955,get,5407,true,
4047,get,1522,true,
4010,get,2851,true,
4031,get,1948,true,
3979,get,4297,true,
4011,get,2856,true,
4027,get,2115,true,
4014,get,2858,true,
3951,get,5629,true,
3985,get,3717,true,
4005,get,2879,true,
4003,get,2895,true,
4007,get,2888,true,
3998,get,2918,true,
4000,get,2908,true,
4024,get,2297,true,
3989,get,3721,true,
4019,get,2872,true,
4021,get,2848,true,
4002,get,2925,true,
3983,get,3772,true,
3982,get,3777,true,
3990,get,3739,true,
4015,get,2909,true,
3975,get,4588,true,
3992,get,3727,true,
3984,get,3781,true,
3958,get,5293,true,
4023,get,2396,true,
3978,get,4412,true,
4038,get,1810,true,
3959,get,5299,true,
4004,get,2976,true,
4016,get,2942,true,
3971,get,4751,true,
3988,get,3798,true,
3953,get,5603,true,
3991,get,3783,true,
3986,get,3819,true,
3957,get,5459,true,
4009,get,2989,true,
3976,get,4554,true,
3972,get,4729,true,
4048,get,1622,true,
4028,get,2249,true,
3949,get,5835,true,
3966,get,5119,true,
3973,get,4719,true,
4012,get,3013,true,
4001,get,3042,true,
3947,get,5992,true,
3981,get,4182,true,
3974,get,4705,true,
3968,get,5058,true,
4043,get,1778,true,
3970,get,4914,true,
4020,get,3013,true,
3943,get,6127,true,
4017,get,3032,true,
4018,get,3031,true,
3987,get,3893,true,
4044,get,1778,true,
3948,get,5910,true,
3999,get,3088,true,
4022,get,2630,true,
4032,get,2157,true,
3952,get,5708,true,
3996,get,3118,true,
4045,get,1781,true,
3993,get,3134,true,
4041,get,1957,true,
4035,get,2145,true,
4042,get,2017,true,
4052,get,814,true,
4050,get,936,true,
4061,get,791,true,
4034,get,2656,true,
3969,get,5652,true,
4088,get,1264,true,
4085,get,1304,true,
4053,get,1423,true,
4054,get,1435,true,
4033,get,3296,true,
4096,get,1344,true,
4082,get,1413,true,
4090,get,1399,true,
4120,get,1316,true,
4099,get,1417,true,
4116,get,1361,true,
4108,get,1412,true,
4089,get,1618,true,
4115,get,1537,true,
4073,get,1738,true,
4083,get,1733,true,
4059,get,1824,true,
4030,get,3791,true,
4097,get,1732,true,
4067,get,1836,true,
4130,get,2540,true,
4126,get,2562,true,
4058,get,2802,true,
4110,get,2618,true,
4077,get,2753,true,
4127,get,2579,true,
4137,get,2549,true,
4104,get,2670,true,
4112,get,2644,true,
4129,get,2587,true,
4105,get,2670,true,
4128,get,2598,true,
4114,get,2640,true,
4081,get,2770,true,
3758,get,13377,true,
4060,get,2843,true,
4078,get,2796,true,
4065,get,2841,true,
4140,get,2503,true,
4091,get,2763,true,
4136,get,2598,true,
4074,get,2821,true,
4113,get,2677,true,
3776,get,13367,true,
4098,get,2745,true,
4071,get,2842,true,
4062,get,2897,true,
4086,get,2966,true,
4162,get,1247,true,
4157,get,1493,true,
4133,get,2810,true,
4101,get,2930,true,
4138,get,2809,true,
3876,get,12643,true,
3784,get,13777,true,
4160,get,1606,true,
3878,get,12685,true,
3829,get,13794,true,
4056,get,3428,true,
3877,get,12796,true,
3797,get,13908,true,
4134,get,3230,true,
3771,get,13995,true,
4069,get,3478,true,
4139,get,3156,true,
4040,get,5138,true,
3875,get,12980,true,
4141,get,3127,true,
3772,get,14087,true,
4103,get,3461,true,
4198,get,553,true,
4109,get,3464,true,
4195,get,656,true,
4199,get,645,true,
4155,get,2226,true,
4068,get,3742,true,
4203,get,417,true,
4194,get,791,true,
3869,get,13466,true,
3830,get,14256,true,
4196,get,815,true,
4185,get,1035,true,
4217,get,286,true,
4207,get,465,true,
4117,get,3763,true,
4175,get,1141,true,
4212,get,482,true,
4206,get,584,true,
3756,get,14567,true,
4202,get,687,true,
4143,get,3253,true,
3768,get,14570,true,
4213,get,538,true,
4164,get,2243,true,
4201,get,816,true,
4211,get,675,true,
4087,get,4110,true,
4125,get,3999,true,
4145,get,3459,true,
4107,get,4133,true,
4200,get,1041,true,
4100,get,4191,true,
4205,get,917,true,
4079,get,4281,true,
3798,get,14803,true,
4209,get,858,true,
4192,get,1494,true,
3783,get,14878,true,
4214,get,994,true,
4094,get,4436,true,
4051,get,4574,true,
4084,get,4481,true,
3764,get,15138,true,
4118,get,4494,true,
4102,get,4598,true,
4156,get,3512,true,
4216,get,1452,true,
4080,get,5014,true,
4135,get,4829,true,
3861,get,14722,true,
3796,get,15554,true,
4210,get,1603,true,
4148,get,3727,true,
3766,get,15633,true,
4147,get,3788,true,
4122,get,4927,true,
4208,get,1669,true,
4220,get,1434,true,
4158,get,3571,true,
4219,get,1454,true,
4229,get,1315,true,
3769,get,15821,true,
4076,get,5321,true,
4261,get,641,true,
4093,get,5313,true,
4227,get,1559,true,
4151,get,4010,true,
4036,get,7260,true,
4242,get,1373,true,
4235,get,1553,true,
4111,get,5428,true,
4238,get,1856,true,
4222,get,2154,true,
4119,get,5708,true,
3786,get,16395,true,
4269,get,811,true,
4239,get,1843,true,
4253,get,1551,true,
3767,get,16436,true,
4092,get,5831,true,
4279,get,790,true,
4121,get,5958,true,
4276,get,1012,true,
4282,get,754,true,
4278,get,894,true,
4106,get,6064,true,
3770,get,16859,true,
4159,get,4665,true,
4274,get,1220,true,
4064,get,6409,true,
4152,get,4993,true,
4070,get,6546,true,
3863,get,16263,true,
4262,get,1589,true,
4057,get,6720,true,
4131,get,6550,true,
4075,get,6761,true,
4311,get,526,true,
4066,get,7219,true,
4247,get,2921,true,
4233,get,3245,true,
4237,get,3208,true,
4240,get,3153,true,
4190,get,4381,true,
4241,get,3149,true,
4310,get,616,true,
4180,get,4429,true,
4252,get,2915,true,
4298,get,1102,true,
4300,get,1088,true,
4063,get,7268,true,
4301,get,1077,true,
4258,get,2737,true,
4264,get,2219,true,
4299,get,1120,true,
3765,get,17817,true,
4167,get,4517,true,
4295,get,1377,true,
4296,get,1368,true,
4153,get,5830,true,
3773,get,17811,true,
4215,get,3723,true,
4302,get,1093,true,
4230,get,3402,true,
4244,get,3102,true,
4266,get,2237,true,
4181,get,4490,true,
4176,get,4506,true,
4178,get,4507,true,
4174,get,4519,true,
4179,get,4508,true,
4055,get,7358,true,
4248,get,3087,true,
4309,get,795,true,
4186,get,4620,true,
4188,get,4650,true,
4189,get,4660,true,
4234,get,3570,true,
4166,get,5742,true,
4124,get,7391,true,
4246,get,3330,true,
4308,get,1062,true,
3778,get,18618,true,
4250,get,3789,true,
3899,get,16015,true,
4344,get,799,true,
3892,get,16720,true,
4249,get,3800,true,
4347,get,802,true,
4303,get,1789,true,
4348,get,801,true,
4307,get,1689,true,
4132,get,7899,true,
4187,get,5287,true,
4304,get,1772,true,
4306,get,1728,true,
4193,get,5258,true,
4349,get,741,true,
4305,get,1783,true,
4312,get,1365,true,
4251,get,3813,true,
4191,get,5286,true,
4313,get,1361,true,
4072,get,8136,true,
4345,get,831,true,
4165,get,6313,true,
4154,get,6677,true,
4291,get,2252,true,
4254,get,4083,true,
3904,get,15840,true,
4095,get,8426,true,
4223,get,4785,true,
3893,get,17246,true,
4297,get,2522,true,
3879,get,18282,true,
4354,get,1498,true,
4335,get,1930,true,
3898,get,17248,true,
4342,get,2009,true,
4339,get,2089,true,
4355,get,1820,true,
4350,get,1997,true,
4331,get,2136,true,
4341,get,2175,true,
4232,get,5575,true,
3910,get,16849,true,
4332,get,2330,true,
4359,get,1515,true,
4382,get,1470,true,
3880,get,18891,true,
4334,get,2432,true,
4377,get,1858,true,
4049,get,11482,true,
3961,get,15211,true,
4323,get,2842,true,
4197,get,7058,true,
4321,get,2868,true,
3883,get,19112,true,
4123,get,9925,true,
4257,get,5687,true,
4353,get,2788,true,
4144,get,9534,true,
4385,get,1864,true,
4358,get,2716,true,
4408,get,468,true,
4404,get,863,true,
4184,get,7691,true,
3912,get,17845,true,
4409,get,504,true,
3887,get,19171,true,
4320,get,3339,true,
4319,get,3351,true,
4416,get,400,true,
4414,get,511,true,
4375,get,2490,true,
4378,get,2540,true,
4149,get,9818,true,
4150,get,9804,true,
4372,get,3068,true,
4340,get,3916,true,
4317,get,3988,true,
4330,get,3949,true,
4427,get,652,true,
3885,get,19842,true,
4260,get,6551,true,
4360,get,3127,true,
4420,get,902,true,
4429,get,624,true,
4430,get,615,true,
4256,get,6722,true,
4428,get,661,true,
4289,get,5350,true,
4418,get,948,true,
4316,get,4038,true,
4352,get,3763,true,
4411,get,1183,true,
4366,get,3148,true,
4415,get,1154,true,
4421,get,813,true,
4423,get,759,true,
4204,get,7907,true,
4336,get,4003,true,
4361,get,3184,true,
4413,get,1186,true,
4373,get,3164,true,
3891,get,19914,true,
4268,get,6219,true,
4224,get,7497,true,
4417,get,1017,true,
4161,get,9559,true,
4422,get,828,true,
4419,get,991,true,
4383,get,3173,true,
4468,get,957,true,
4243,get,8098,true,
4255,get,7750,true,
4464,get,965,true,
4431,get,1647,true,
4183,get,9458,true,
4263,get,7250,true,
4281,get,6894,true,
3914,get,18980,true,
4447,get,1050,true,
4444,get,1066,true,
4451,get,1046,true,
4381,get,4155,true,
4467,get,992,true,
4368,get,4184,true,
4231,get,8372,true,
3913,get,19627,true,
4337,get,5024,true,
4218,get,8704,true,
4226,get,8480,true,
4424,get,1791,true,
4357,get,4722,true,
4432,get,1647,true,
4142,get,11562,true,
4374,get,4193,true,
4439,get,1109,true,
4364,get,4223,true,
4259,get,7740,true,
4338,get,5047,true,
4393,get,3127,true,
4384,get,4192,true,
3886,get,20963,true,
4370,get,4223,true,
4236,get,8347,true,
4469,get,1028,true,
4228,get,8484,true,
4356,get,4768,true,
4425,get,1819,true,
4221,get,8629,true,
4333,get,5083,true,
4245,get,8122,true,
4365,get,4249,true,
4346,get,5054,true,
4376,get,4234,true,
4351,get,4918,true,
4379,get,4231,true,
4283,get,6958,true,
4392,get,3316,true,
4270,get,7288,true,
3895,get,20984,true,
4314,get,5174,true,
4426,get,1832,true,
4225,get,8571,true,
3908,get,19840,true,
4389,get,3883,true,
4380,get,4447,true,
4163,get,10807,true,
4443,get,1386,true,
3896,get,21274,true,
4343,get,5386,true,
4275,get,7568,true,
4292,get,6857,true,
3897,get,21378,true,
4412,get,2693,true,
4369,get,4664,true,
4286,get,7247,true,
4442,get,1649,true,
3900,get,20256,true,
4465,get,1603,true,
4410,get,2994,true,
4272,get,7936,true,
4405,get,3438,true,
4273,get,7927,true,
4435,get,1866,true,
4280,get,8113,true,
4463,get,2571,true,
4172,get,11084,true,
4473,get,1598,true,
4367,get,5755,true,
4265,get,8819,true,
4395,get,4568,true,
4328,get,6623,true,
4327,get,6634,true,
4173,get,11101,true,
4284,get,8403,true,
4315,get,6681,true,
4541,get,840,true,
4391,get,4854,true,
4470,get,1630,true,
4543,get,841,true,
4540,get,853,true,
4285,get,8374,true,
4450,get,2664,true,
4288,get,8572,true,
4496,get,2139,true,
4482,get,2179,true,
4475,get,2206,true,
4479,get,2210,true,
4146,get,13767,true,
4489,get,2300,true,
4293,get,8724,true,
4499,get,2280,true,
4326,get,7375,true,
4492,get,2315,true,
4477,get,2426,true,
4402,get,5825,true,
4271,get,10308,true,
4495,get,3378,true,
4501,get,3518,true,
4177,get,13107,true,
4559,get,2135,true,
4552,get,2154,true,
4182,get,13358,true,
4472,get,3945,true,
4553,get,2428,true,
4446,get,5281,true,
4433,get,5393,true,
4397,get,7237,true,
4519,get,4259,true,
4449,get,5405,true,
4544,get,3195,true,
4503,get,4324,true,
4457,get,5751,true,
4455,get,5757,true,
4400,get,7576,true,
4458,get,5775,true,
4399,get,7657,true,
4396,get,7694,true,
4322,get,9868,true,
4502,get,4764,true,
4406,get,7445,true,
4498,get,4786,true,
4438,get,5909,true,
4325,get,9879,true,
4461,get,5838,true,
4434,get,5941,true,
4318,get,9919,true,
4452,get,5880,true,
4488,get,4833,true,
4460,get,5853,true,
4453,get,5891,true,
4545,get,3293,true,
4440,get,5942,true,
4363,get,9059,true,
4459,get,5888,true,
4371,get,9059,true,
4485,get,4955,true,
4390,get,8626,true,
4493,get,4991,true,
4567,get,2814,true,
4554,get,3467,true,
4506,get,5025,true,
4448,get,6795,true,
4491,get,5723,true,
4587,get,1413,true,
4462,get,6761,true,
4591,get,1389,true,
4520,get,5685,true,
4521,get,5691,true,
4494,get,5751,true,
4436,get,6868,true,
4329,get,10823,true,
4398,get,8690,true,
4560,get,4184,true,
4582,get,1923,true,
4524,get,5572,true,
4481,get,5810,true,
4407,get,8403,true,
4509,get,5759,true,
4287,get,12543,true,
4497,get,5795,true,
4590,get,1470,true,
4388,get,9581,true,
4445,get,6910,true,
4539,get,5099,true,
4577,get,2444,true,
4171,get,15378,true,
4294,get,12267,true,
4476,get,5883,true,
4576,get,2750,true,
4538,get,5268,true,
4584,get,1867,true,
4547,get,4319,true,
4586,get,1609,true,
4484,get,5893,true,
4572,get,3583,true,
4170,get,15446,true,
4526,get,5617,true,
4290,get,12390,true,
4437,get,7094,true,
4585,get,1996,true,
4324,get,11499,true,
4456,get,8095,true,
4277,get,14175,true,
4490,get,7055,true,
4466,get,8069,true,
4516,get,7002,true,
4527,get,6767,true,
4483,get,7094,true,
4565,get,4917,true,
4550,get,5520,true,
4614,get,2225,true,
4595,get,2343,true,
4562,get,5494,true,
4517,get,7036,true,
4615,get,2236,true,
4394,get,10139,true,
4599,get,2314,true,
4523,get,6909,true,
4613,get,2268,true,
4573,get,4798,true,
4505,get,7087,true,
4597,get,2362,true,
4487,get,7134,true,
4508,get,7091,true,
4474,get,7178,true,
4568,get,4838,true,
4511,get,7088,true,
4168,get,16692,true,
4507,get,7102,true,
4514,get,7090,true,
4588,get,2828,true,
4518,get,7093,true,
4486,get,7162,true,
4513,get,7105,true,
4267,get,14414,true,
4454,get,8261,true,
4441,get,8318,true,
4628,get,1588,true,
4632,get,1651,true,
4600,get,2658,true,
4649,get,1814,true,
4604,get,2853,true,
4387,get,11475,true,
4401,get,10476,true,
4403,get,10398,true,
4561,get,6095,true,
4606,get,2869,true,
4611,get,2859,true,
4603,get,2932,true,
4569,get,5475,true,
4619,get,2773,true,
4525,get,9455,true,
4662,get,2673,true,
4608,get,4900,true,
4618,get,4731,true,
4621,get,4665,true,
4169,get,19278,true,
4592,get,5013,true,
4700,get,2298,true,
4684,get,2622,true,
4677,get,2646,true,
4637,get,3959,true,
4617,get,4790,true,
4690,get,2612,true,
4605,get,4994,true,
4593,get,5110,true,
4682,get,2716,true,
4702,get,2172,true,
4665,get,2790,true,
4666,get,2801,true,
4673,get,2777,true,
4698,get,2533,true,
4705,get,2207,true,
4671,get,2817,true,
4703,get,2239,true,
4679,get,2804,true,
4699,get,2508,true,
4667,get,2919,true,
4710,get,2223,true,
4688,get,2867,true,
4689,get,2877,true,
4668,get,2951,true,
4664,get,2982,true,
4692,get,2895,true,
4663,get,3006,true,
4676,get,2970,true,
4683,get,2953,true,
4706,get,2410,true,
4534,get,9636,true,
4708,get,2408,true,
4704,get,2449,true,
4678,get,3025,true,
4681,get,3024,true,
4709,get,2410,true,
4537,get,9572,true,
4685,get,3040,true,
4707,get,2487,true,
4661,get,3771,true,
4598,get,5420,true,
4672,get,3131,true,
4633,get,4455,true,
4630,get,4476,true,
4669,get,3168,true,
4711,get,2483,true,
4642,get,4448,true,
4675,get,3179,true,
4653,get,4413,true,
4610,get,5452,true,
4581,get,6576,true,
4626,get,4565,true,
4646,get,4469,true,
4687,get,3183,true,
4680,get,3203,true,
4480,get,10350,true,
4640,get,4524,true,
4583,get,6444,true,
4644,get,4514,true,
4556,get,8775,true,
4693,get,3200,true,
4654,get,4484,true,
4696,get,3148,true,
4510,get,10330,true,
4686,get,3240,true,
4512,get,10335,true,
4670,get,3304,true,
4625,get,4653,true,
4624,get,4670,true,
4542,get,9668,true,
4691,get,3257,true,
4532,get,9949,true,
4571,get,8118,true,
4638,get,4626,true,
4695,get,3269,true,
4566,get,8265,true,
4579,get,6851,true,
4616,get,5500,true,
4697,get,3230,true,
4627,get,4708,true,
4622,get,4743,true,
4563,get,8323,true,
4623,get,4750,true,
4535,get,10001,true,
4596,get,5741,true,
4694,get,3338,true,
4536,get,9940,true,
4594,get,6019,true,
4557,get,9264,true,
4656,get,5105,true,
4727,get,1179,true,
4772,get,706,true,
4799,get,617,true,
4478,get,11173,true,
4574,get,8801,true,
4549,get,9651,true,
4655,get,5591,true,
4724,get,1825,true,
4564,get,9434,true,
4674,get,4499,true,
4620,get,6557,true,
4793,get,1168,true,
4570,get,8902,true,
4609,get,6782,true,
4764,get,1353,true,
4548,get,10061,true,
4701,get,3953,true,
4522,get,11546,true,
4759,get,1420,true,
4789,get,1223,true,
4731,get,1763,true,
4803,get,1204,true,
4723,get,2120,true,
4607,get,7333,true,
4817,get,579,true,
4816,get,597,true,
4821,get,581,true,
4758,get,1992,true,
4780,get,2259,true,
4504,get,12592,true,
4829,get,995,true,
4612,get,7791,true,
4529,get,12269,true,
4720,get,2886,true,
4749,get,2543,true,
4742,get,2622,true,
4735,get,2742,true,
4733,get,2772,true,
4820,get,1061,true,
4589,get,8329,true,
4804,get,2172,true,
4714,get,2939,true,
4807,get,1833,true,
4386,get,16498,true,
4826,get,1059,true,
4766,get,2404,true,
4725,get,2875,true,
4794,get,2251,true,
4767,get,2400,true,
4722,get,2938,true,
4809,get,1682,true,
4715,get,2966,true,
4813,get,1507,true,
4546,get,11173,true,
4634,get,6946,true,
4739,get,2749,true,
4551,get,11181,true,
4721,get,3033,true,
4832,get,695,true,
4578,get,9385,true,
4635,get,7237,true,
4743,get,2985,true,
4601,get,8258,true,
4778,get,2713,true,
4752,get,2932,true,
4748,get,3000,true,
4645,get,7258,true,
4787,get,2698,true,
4790,get,2689,true,
4660,get,6906,true,
4812,get,1966,true,
4580,get,9396,true,
4719,get,3366,true,
4555,get,11546,true,
4728,get,3283,true,
4768,get,2840,true,
4744,get,3123,true,
4785,get,2786,true,
4746,get,3119,true,
4788,get,2808,true,
4757,get,3089,true,
4819,get,1715,true,
4754,get,4677,true,
4763,get,4582,true,
4745,get,4771,true,
4782,get,4461,true,
4651,get,8968,true,
4800,get,4366,true,
4824,get,3222,true,
4650,get,8970,true,
4558,get,13268,true,
4713,get,5125,true,
4815,get,3372,true,
4771,get,4546,true,
4822,get,3246,true,
4533,get,14391,true,
4647,get,9018,true,
4658,get,8901,true,
4791,get,4446,true,
4761,get,4640,true,
4717,get,5134,true,
4629,get,9109,true,
4740,get,4860,true,
4726,get,5042,true,
4636,get,9079,true,
4805,get,4379,true,
4830,get,3186,true,
4814,get,3671,true,
4811,get,3797,true,
4738,get,4895,true,
4792,get,4454,true,
4773,get,4566,true,
4784,get,4506,true,
4631,get,9120,true,
4774,get,4560,true,
4500,get,14871,true,
4802,get,4410,true,
4781,get,4527,true,
4831,get,3018,true,
4641,get,9079,true,
4786,get,4506,true,
4716,get,5169,true,
4639,get,9096,true,
4760,get,4685,true,
4471,get,14956,true,
4810,get,3882,true,
4755,get,4749,true,
4643,get,9085,true,
4801,get,4436,true,
4648,get,9062,true,
4732,get,5034,true,
4659,get,8928,true,
4777,get,4571,true,
4750,get,4804,true,
4515,get,14868,true,
4718,get,5183,true,
4575,get,11889,true,
4808,get,3923,true,
4730,get,5067,true,
4729,get,5091,true,
4751,get,4822,true,
4528,get,15404,true,
4850,get,3096,true,
4828,get,4137,true,
4851,get,3096,true,
4864,get,3028,true,
4856,get,3102,true,
4747,get,5713,true,
4827,get,4166,true,
4770,get,5490,true,
4737,get,5870,true,
4843,get,3156,true,
4861,get,3108,true,
4858,get,3121,true,
4839,get,3184,true,
4798,get,5356,true,
4823,get,4206,true,
4852,get,3150,true,
4845,get,3173,true,
4859,get,3132,true,
4756,get,5659,true,
4657,get,9929,true,
4652,get,9967,true,
4891,get,1025,true,
4841,get,3631,true,
4855,get,5037,true,
4870,get,4697,true,
4897,get,2886,true,
4908,get,2877,true,
4917,get,2868,true,
4928,get,2851,true,
4898,get,2910,true,
4899,get,2912,true,
4889,get,4490,true,
4940,get,2849,true,
4876,get,4675,true,
4879,get,4662,true,
4877,get,4669,true,
4887,get,4584,true,
4886,get,4609,true,
4911,get,2922,true,
4890,get,4481,true,
4797,get,7343,true,
4949,get,2857,true,
4871,get,4741,true,
4783,get,7433,true,
4776,get,7474,true,
4880,get,4699,true,
4847,get,5158,true,
4531,get,17394,true,
4854,get,5146,true,
4919,get,2950,true,
4736,get,7914,true,
4875,get,4743,true,
4888,get,4629,true,
4844,get,5209,true,
4892,get,3026,true,
4895,get,3025,true,
4857,get,5181,true,
4753,get,7735,true,
4769,get,7580,true,
4842,get,5256,true,
4884,get,4767,true,
4894,get,3066,true,
4927,get,3005,true,
4948,get,2967,true,
4796,get,7467,true,
4885,get,4744,true,
4878,get,4816,true,
4924,get,3033,true,
4973,get,1658,true,
4872,get,4873,true,
4935,get,3034,true,
4883,get,4833,true,
4806,get,7211,true,
4874,get,4880,true,
4882,get,4855,true,
4873,get,4912,true,
4939,get,3066,true,
4922,get,3100,true,
4881,get,4875,true,
4926,get,2829,true,
4930,get,3182,true,
4934,get,3234,true,
4929,get,3319,true,
4825,get,6799,true,
4848,get,5772,true,
4903,get,3622,true,
4943,get,3571,true,
4945,get,3691,true,
4906,get,3799,true,
4834,get,6499,true,
4860,get,5986,true,
4914,get,3807,true,
4931,get,3784,true,
4918,get,3808,true,
4762,get,8465,true,
4915,get,3830,true,
4960,get,2973,true,
4942,get,3863,true,
4893,get,3959,true,
4921,get,3902,true,
4932,get,3895,true,
4868,get,5870,true,
4946,get,3878,true,
4907,get,3939,true,
4947,get,3880,true,
4818,get,7214,true,
4833,get,6647,true,
4905,get,3956,true,
4991,get,1021,true,
4840,get,6186,true,
4965,get,3014,true,
4938,get,3920,true,
4937,get,3969,true,
4989,get,1104,true,
4982,get,1145,true,
4951,get,3184,true,
4869,get,5974,true,
4837,get,6429,true,
4838,get,6474,true,
4863,get,6458,true,
4865,get,6479,true,
4963,get,3446,true,
4910,get,4407,true,
4836,get,7161,true,
4913,get,4497,true,
4362,get,23634,true,
4846,get,6810,true,
4734,get,9659,true,
4950,get,3797,true,
4779,get,9210,true,
4923,get,4771,true,
4775,get,9332,true,
4866,get,6940,true,
4953,get,4088,true,
4909,get,5021,true,
4936,get,5010,true,
4849,get,7335,true,
4959,get,4236,true,
4712,get,10314,true,
4958,get,4275,true,
4602,get,15279,true,
4765,get,9877,true,
4741,get,10218,true,
4957,get,4510,true,
4967,get,4492,true,
4904,get,5478,true,
4968,get,4540,true,
4966,get,4576,true,
4901,get,5560,true,
4972,get,4569,true,
4969,get,4595,true,
4912,get,5696,true,
4944,get,5700,true,
4933,get,5792,true,
4971,get,4861,true,
4956,get,4935,true,
4920,get,5858,true,
4896,get,5942,true,
4900,get,5948,true,
4955,get,5015,true,
4954,get,5049,true,
4952,get,5095,true,
4916,get,5988,true,
4941,get,5966,true,
4961,get,5209,true,
4902,get,6174,true,
4835,get,8862,true,
4925,get,6170,true,
4988,get,3371,true,
4985,get,3400,true,
4853,get,8496,true,
4795,get,10846,true,
4987,get,3515,true,
4984,get,3519,true,
4986,get,3524,true,
4983,get,3538,true,
4979,get,3556,true,
4530,get,20932,true,
4978,get,3561,true,
4867,get,8502,true,
4862,get,8717,true,
4975,get,3780,true,
4996,get,4067,true,
4999,get,4062,true,
4981,get,4132,true,
4974,get,4170,true,
4964,get,6081,true,
4977,get,4151,true,
4980,get,4147,true,
4976,get,4173,true,
4997,get,4094,true,
4962,get,6102,true,
4990,get,4258,true,
4992,get,4262,true,
4970,get,6239,true,
4998,get,4255,true,
4995,get,4269,true,
4994,get,4318,true,
4993,get,4567,true,
