index,op,latency_us,ok,error
5,get,1920,true,
16,get,2080,true,
15,get,2179,true,
6,get,4315,true,
23,get,1727,true,
26,get,3700,true,
35,get,4069,true,
21,get,4413,true,
1,get,8178,true,
62,get,4036,true,
2,get,8596,true,
3,get,9234,true,
27,get,5483,true,
60,get,5133,true,
14,get,8552,true,
73,get,5799,true,
32,get,6751,true,
69,get,6360,true,
28,get,7195,true,
82,get,6039,true,
55,get,6945,true,
31,get,7257,true,
87,get,5905,true,
30,get,7358,true,
40,get,7172,true,
24,get,7468,true,
86,get,6090,true,
57,get,7094,true,
17,get,10672,true,
56,get,8662,true,
22,get,9213,true,
111,get,4904,true,
80,get,9503,true,
43,get,10562,true,
90,get,9175,true,
83,get,9641,true,
44,get,10810,true,
48,get,10921,true,
41,get,11125,true,
58,get,11086,true,
68,get,11017,true,
91,get,10089,true,
38,get,11725,true,
76,get,11061,true,
70,get,11378,true,
109,get,6633,true,
84,get,10917,true,
110,get,6760,true,
49,get,12137,true,
39,get,12345,true,
107,get,7470,true,
53,get,12527,true,
50,get,12706,true,
59,get,12732,true,
123,get,6146,true,
54,get,12973,true,
78,get,12388,true,
47,get,13311,true,
51,get,13310,true,
144,get,4735,true,
174,get,5655,true,
147,get,8838,true,
138,get,12124,true,
142,get,12049,true,
114,get,12836,true,
132,get,12277,true,
149,get,8763,true,
146,get,9169,true,
139,get,12272,true,
130,get,12375,true,
156,get,7903,true,
129,get,12465,true,
135,get,12382,true,
141,get,12267,true,
151,get,8670,true,
152,get,8516,true,
157,get,7837,true,
148,get,8963,true,
115,get,12953,true,
153,get,8422,true,
140,get,12342,true,
11,get,22242,true,
145,get,10673,true,
143,get,10979,true,
18,get,21629,true,
150,get,8881,true,
37,get,19642,true,
134,get,12568,true,
85,get,18541,true,
65,get,19481,true,
98,get,18503,true,
72,get,22596,true,
106,get,18490,true,
88,get,22303,true,
66,get,23632,true,
173,get,10719,true,
95,get,21015,true,
0,get,29200,true,
36,get,24984,true,
92,get,23859,true,
25,get,27486,true,
4,get,31376,true,
42,get,27472,true,
75,get,30711,true,
178,get,12216,true,
100,get,27547,true,
193,get,12203,true,
71,get,31281,true,
217,get,8034,true,
181,get,12634,true,
211,get,8974,true,
226,get,5904,true,
183,get,13005,true,
214,get,9229,true,
99,get,28662,true,
220,get,8192,true,
221,get,8326,true,
203,get,13218,true,
179,get,13586,true,
207,get,13363,true,
155,get,21811,true,
191,get,13717,true,
187,get,13781,true,
190,get,13779,true,
185,get,13887,true,
177,get,14088,true,
101,get,29288,true,
184,get,13959,true,
208,get,13739,true,
61,get,33367,true,
154,get,22329,true,
205,get,13873,true,
46,get,33604,true,
215,get,10084,true,
159,get,21853,true,
180,get,14359,true,
204,get,14003,true,
189,get,14225,true,
202,get,14102,true,
182,get,14360,true,
163,get,21574,true,
12,get,36401,true,
112,get,27435,true,
199,get,14226,true,
113,get,27388,true,
52,get,33855,true,
209,get,14102,true,
186,get,14520,true,
218,get,9889,true,
160,get,22153,true,
93,get,32532,true,
212,get,10838,true,
210,get,11593,true,
19,get,36233,true,
170,get,21185,true,
216,get,10373,true,
165,get,21804,true,
116,get,27795,true,
64,get,34201,true,
63,get,34343,true,
206,get,14809,true,
128,get,28476,true,
213,get,12367,true,
9,get,38562,true,
222,get,11034,true,
172,get,22547,true,
194,get,16577,true,
120,get,29429,true,
196,get,16592,true,
200,get,16575,true,
13,get,38677,true,
176,get,16918,true,
192,get,16676,true,
197,get,16791,true,
188,get,17009,true,
7,get,39697,true,
10,get,39643,true,
45,get,37100,true,
8,get,40067,true,
89,get,36282,true,
103,get,33475,true,
77,get,37026,true,
29,get,38247,true,
20,get,40124,true,
74,get,37687,true,
195,get,18819,true,
119,get,32110,true,
121,get,32089,true,
198,get,19300,true,
33,get,39167,true,
97,get,35588,true,
34,get,39439,true,
131,get,32407,true,
102,get,35398,true,
136,get,32542,true,
133,get,32799,true,
171,get,26668,true,
79,get,39057,true,
231,get,8439,true,
232,get,8448,true,
94,get,36813,true,
201,get,20551,true,
122,get,33619,true,
81,get,39521,true,
125,get,33764,true,
127,get,33807,true,
96,get,37233,true,
237,get,8651,true,
238,get,8587,true,
235,get,8862,true,
108,get,35624,true,
162,get,28821,true,
126,get,34120,true,
117,get,34489,true,
236,get,9140,true,
161,get,29126,true,
118,get,34541,true,
67,get,40910,true,
158,get,29533,true,
124,get,34586,true,
175,get,22387,true,
137,get,34533,true,
234,get,10144,true,
265,get,11898,true,
282,get,11400,true,
256,get,12134,true,
245,get,12809,true,
304,get,9644,true,
223,get,20862,true,
242,get,13094,true,
167,get,33022,true,
306,get,9643,true,
261,get,12132,true,
295,get,10162,true,
260,get,12180,true,
273,get,11910,true,
259,get,12216,true,
287,get,11294,true,
283,get,11594,true,
269,get,12107,true,
227,get,18681,true,
244,get,13033,true,
274,get,11948,true,
275,get,11942,true,
278,get,11883,true,
257,get,12375,true,
246,get,12833,true,
250,get,12696,true,
281,get,11727,true,
285,get,11564,true,
276,get,11990,true,
272,get,12081,true,
224,get,21106,true,
264,get,12327,true,
271,get,12218,true,
168,get,33154,true,
105,get,41550,true,
164,get,33753,true,
251,get,12752,true,
296,get,10384,true,
305,get,9969,true,
249,get,12845,true,
254,get,12730,true,
240,get,13516,true,
247,get,12949,true,
284,get,11778,true,
239,get,13726,true,
253,get,12787,true,
263,get,12469,true,
255,get,12646,true,
258,get,12584,true,
270,get,12401,true,
248,get,12986,true,
262,get,12530,true,
166,get,33624,true,
300,get,10347,true,
169,get,33330,true,
230,get,14841,true,
233,get,14537,true,
301,get,10529,true,
277,get,12470,true,
243,get,14681,true,
241,get,14877,true,
252,get,14256,true,
219,get,23480,true,
298,get,13109,true,
344,get,12378,true,
361,get,11419,true,
335,get,13478,true,
365,get,11141,true,
368,get,10957,true,
363,get,11207,true,
323,get,15048,true,
397,get,6341,true,
336,get,13518,true,
267,get,18572,true,
311,get,16131,true,
266,get,18609,true,
398,get,6368,true,
395,get,6424,true,
339,get,13244,true,
372,get,10508,true,
341,get,12979,true,
386,get,6595,true,
381,get,6658,true,
322,get,15329,true,
369,get,11101,true,
308,get,16340,true,
376,get,6801,true,
362,get,11577,true,
371,get,10870,true,
350,get,12434,true,
407,get,6498,true,
320,get,15634,true,
373,get,6951,true,
345,get,12722,true,
370,get,11032,true,
352,get,12249,true,
408,get,6536,true,
353,get,12142,true,
309,get,16457,true,
225,get,27307,true,
343,get,13007,true,
318,get,15836,true,
364,get,11551,true,
317,get,15859,true,
228,get,25327,true,
366,get,11537,true,
302,get,16743,true,
388,get,6832,true,
330,get,14886,true,
340,get,13413,true,
367,get,11456,true,
279,get,18675,true,
314,get,16388,true,
409,get,6664,true,
104,get,48508,true,
280,get,18521,true,
329,get,14967,true,
346,get,12838,true,
331,get,14749,true,
327,get,15197,true,
349,get,12705,true,
289,get,17392,true,
356,get,12083,true,
293,get,17231,true,
411,get,6723,true,
355,get,12120,true,
354,get,12241,true,
310,get,16663,true,
337,get,13985,true,
326,get,15280,true,
229,get,25412,true,
325,get,15471,true,
268,get,19116,true,
321,get,15753,true,
286,get,18338,true,
338,get,13880,true,
333,get,14587,true,
358,get,12111,true,
347,get,12981,true,
334,get,14573,true,
291,get,17403,true,
290,get,17530,true,
313,get,16716,true,
316,get,16445,true,
288,get,18013,true,
433,get,6478,true,
470,get,6285,true,
437,get,6687,true,
456,get,6462,true,
332,get,20836,true,
474,get,6316,true,
455,get,6513,true,
481,get,6281,true,
458,get,6491,true,
513,get,6018,true,
394,get,13087,true,
428,get,12759,true,
307,get,22872,true,
436,get,6790,true,
441,get,6746,true,
432,get,11517,true,
442,get,6741,true,
446,get,6722,true,
510,get,6133,true,
461,get,6495,true,
449,get,6698,true,
399,get,13084,true,
483,get,6342,true,
402,get,13061,true,
457,get,6568,true,
404,get,13058,true,
421,get,12895,true,
435,get,10188,true,
516,get,5925,true,
500,get,6250,true,
452,get,6667,true,
412,get,12995,true,
377,get,13368,true,
385,get,13273,true,
504,get,6247,true,
489,get,6366,true,
486,get,6388,true,
400,get,13146,true,
501,get,6285,true,
479,get,6439,true,
454,get,6699,true,
360,get,18325,true,
503,get,6289,true,
303,get,23176,true,
440,get,6893,true,
476,get,6477,true,
406,get,13122,true,
328,get,21535,true,
494,get,6371,true,
462,get,6625,true,
389,get,13314,true,
448,get,6841,true,
491,get,6409,true,
496,get,6374,true,
447,get,6855,true,
387,get,13348,true,
378,get,13466,true,
430,get,12719,true,
492,get,6429,true,
487,get,6478,true,
482,get,6512,true,
374,get,13574,true,
484,get,6496,true,
495,get,6414,true,
423,get,13019,true,
312,get,22947,true,
427,get,12987,true,
351,get,19050,true,
417,get,13097,true,
497,get,6429,true,
319,get,22315,true,
382,get,13466,true,
499,get,6422,true,
342,get,19762,true,
422,get,13065,true,
401,get,13264,true,
324,get,21927,true,
505,get,6398,true,
466,get,6671,true,
508,get,6378,true,
493,get,6488,true,
477,get,6592,true,
460,get,6750,true,
391,get,13388,true,
459,get,6754,true,
359,get,18486,true,
418,get,13131,true,
467,get,6697,true,
431,get,11793,true,
425,get,13075,true,
506,get,6422,true,
464,get,6726,true,
469,get,6685,true,
419,get,13142,true,
384,get,13508,true,
405,get,13288,true,
390,get,13443,true,
383,get,13513,true,
472,get,6679,true,
465,get,6745,true,
445,get,7006,true,
429,get,12911,true,
453,get,6902,true,
415,get,13203,true,
473,get,6685,true,
443,get,7046,true,
379,get,13584,true,
380,get,13584,true,
414,get,13233,true,
507,get,6469,true,
450,get,6991,true,
468,get,6756,true,
375,get,13682,true,
463,get,6790,true,
410,get,13287,true,
439,get,7109,true,
490,get,6607,true,
396,get,13442,true,
514,get,6333,true,
426,get,13153,true,
515,get,6262,true,
444,get,7084,true,
480,get,6693,true,
393,get,13487,true,
485,get,6676,true,
509,get,6506,true,
451,get,7001,true,
348,get,19435,true,
438,get,7159,true,
424,get,13204,true,
511,get,6515,true,
315,get,22954,true,
416,get,13286,true,
502,get,6570,true,
294,get,23848,true,
357,get,18652,true,
517,get,5353,true,
392,get,13545,true,
488,get,6693,true,
475,get,6783,true,
413,get,13344,true,
420,get,13274,true,
512,get,6538,true,
403,get,13452,true,
471,get,6831,true,
434,get,11676,true,
478,get,6790,true,
498,get,6683,true,
299,get,23761,true,
292,get,24029,true,
297,get,23993,true,
586,get,1297,true,
598,get,1266,true,
519,get,1602,true,
518,get,1665,true,
520,get,1617,true,
583,get,2181,true,
573,get,4517,true,
561,get,4559,true,
541,get,4672,true,
572,get,4549,true,
556,get,4621,true,
661,get,4296,true,
580,get,4544,true,
547,get,4687,true,
544,get,4708,true,
668,get,3253,true,
527,get,4792,true,
521,get,4838,true,
554,get,4698,true,
590,get,4570,true,
543,get,4753,true,
532,get,4818,true,
540,get,4787,true,
533,get,4818,true,
564,get,5341,true,
672,get,4362,true,
552,get,6916,true,
568,get,6877,true,
529,get,7054,true,
569,get,6888,true,
522,get,7106,true,
536,get,7044,true,
531,get,7075,true,
670,get,5554,true,
671,get,5528,true,
607,get,6802,true,
562,get,6947,true,
525,get,7122,true,
535,get,7155,true,
548,get,7264,true,
567,get,7308,true,
665,get,7012,true,
584,get,7933,true,
570,get,7987,true,
614,get,7878,true,
613,get,7881,true,
565,get,8049,true,
669,get,6674,true,
549,get,8122,true,
609,get,7922,true,
563,get,8064,true,
597,get,7961,true,
591,get,7981,true,
550,get,8174,true,
616,get,7953,true,
557,get,8151,true,
596,get,8052,true,
652,get,7896,true,
538,get,8276,true,
592,get,8225,true,
673,get,6136,true,
528,get,8636,true,
619,get,8320,true,
582,get,8441,true,
589,get,8462,true,
575,get,8552,true,
651,get,8328,true,
620,get,8440,true,
658,get,8336,true,
693,get,2876,true,
630,get,8539,true,
606,get,8642,true,
638,get,8543,true,
647,get,8544,true,
581,get,8843,true,
642,get,8683,true,
603,get,8936,true,
628,get,8887,true,
617,get,8935,true,
645,get,8846,true,
640,get,8881,true,
655,get,8848,true,
608,get,9004,true,
530,get,9305,true,
624,get,10221,true,
694,get,3559,true,
643,get,10197,true,
635,get,10244,true,
539,get,10578,true,
656,get,10195,true,
713,get,2456,true,
615,get,10342,true,
622,get,10332,true,
702,get,3585,true,
699,get,3594,true,
593,get,10884,true,
722,get,2890,true,
723,get,2895,true,
704,get,4577,true,
684,get,6881,true,
718,get,3464,true,
578,get,11469,true,
674,get,6990,true,
707,get,4346,true,
706,get,4519,true,
627,get,11362,true,
688,get,6885,true,
720,get,3480,true,
588,get,11473,true,
687,get,6902,true,
696,get,4663,true,
585,get,11497,true,
623,get,11403,true,
555,get,11615,true,
662,get,11274,true,
576,get,11527,true,
649,get,11325,true,
636,get,11369,true,
571,get,11565,true,
551,get,11651,true,
602,get,11468,true,
664,get,11260,true,
683,get,6966,true,
594,get,11508,true,
711,get,3599,true,
523,get,11788,true,
650,get,11345,true,
526,get,11776,true,
737,get,2971,true,
634,get,11401,true,
698,get,4701,true,
546,get,11699,true,
679,get,7027,true,
710,get,3623,true,
695,get,4741,true,
545,get,11717,true,
703,get,4699,true,
716,get,3582,true,
666,get,11257,true,
534,get,11775,true,
663,get,11338,true,
574,get,11612,true,
595,get,11552,true,
657,get,11374,true,
689,get,6981,true,
560,get,11679,true,
714,get,3612,true,
648,get,11408,true,
697,get,4758,true,
566,get,11658,true,
755,get,1206,true,
558,get,11702,true,
691,get,6992,true,
625,get,11493,true,
626,get,11493,true,
728,get,3294,true,
587,get,11610,true,
559,get,11709,true,
738,get,2960,true,
659,get,11406,true,
599,get,11580,true,
524,get,11876,true,
537,get,11806,true,
676,get,7126,true,
712,get,3673,true,
600,get,11603,true,
727,get,3463,true,
813,get,1129,true,
833,get,1110,true,
621,get,12703,true,
810,get,1263,true,
817,get,1263,true,
834,get,1258,true,
829,get,1375,true,
832,get,1624,true,
830,get,2352,true,
827,get,3228,true,
726,get,6765,true,
721,get,6826,true,
553,get,14998,true,
682,get,10366,true,
775,get,3431,true,
542,get,15077,true,
725,get,6838,true,
760,get,4507,true,
753,get,4586,true,
601,get,14904,true,
740,get,6252,true,
744,get,5977,true,
824,get,3347,true,
836,get,2211,true,
821,get,3368,true,
747,get,5957,true,
835,get,2268,true,
828,get,3366,true,
748,get,5944,true,
681,get,10456,true,
742,get,6167,true,
641,get,14837,true,
826,get,3391,true,
804,get,3449,true,
724,get,6935,true,
717,get,7038,true,
822,get,3416,true,
759,get,4602,true,
677,get,10527,true,
784,get,3525,true,
802,get,3478,true,
823,get,3433,true,
831,get,3417,true,
692,get,9785,true,
805,get,3491,true,
719,get,7060,true,
653,get,14866,true,
639,get,14911,true,
701,get,8210,true,
825,get,3458,true,
736,get,6529,true,
812,get,3503,true,
579,get,15104,true,
820,get,3492,true,
816,get,3507,true,
763,get,4195,true,
806,get,3547,true,
675,get,10650,true,
778,get,4640,true,
741,get,7403,true,
729,get,7723,true,
611,get,16076,true,
758,get,5736,true,
705,get,9274,true,
709,get,8843,true,
654,get,15959,true,
715,get,8183,true,
690,get,11557,true,
734,get,7655,true,
733,get,7657,true,
644,get,16004,true,
631,get,16054,true,
819,get,4580,true,
735,get,7646,true,
685,get,11613,true,
803,get,4630,true,
610,get,16122,true,
837,get,3392,true,
811,get,4611,true,
629,get,16076,true,
762,get,5747,true,
739,get,7503,true,
646,get,16024,true,
743,get,7357,true,
750,get,7142,true,
633,get,16082,true,
680,get,11685,true,
751,get,7134,true,
637,get,16064,true,
660,get,15994,true,
577,get,16243,true,
730,get,7811,true,
700,get,9371,true,
612,get,16152,true,
605,get,16177,true,
761,get,5786,true,
746,get,7216,true,
752,get,5910,true,
632,get,16113,true,
757,get,5840,true,
731,get,7810,true,
732,get,7767,true,
604,get,16199,true,
801,get,4699,true,
756,get,5860,true,
618,get,16171,true,
686,get,11678,true,
754,get,5895,true,
678,get,11751,true,
708,get,9018,true,
815,get,4679,true,
667,get,15817,true,
765,get,5329,true,
818,get,4675,true,
764,get,5353,true,
749,get,7231,true,
809,get,4708,true,
808,get,4714,true,
814,get,4700,true,
777,get,5306,true,
792,get,5646,true,
768,get,5747,true,
793,get,5666,true,
774,get,5740,true,
769,get,6091,true,
776,get,6075,true,
839,get,4941,true,
790,get,6278,true,
783,get,6313,true,
773,get,6563,true,
838,get,5198,true,
940,get,1798,true,
779,get,6561,true,
780,get,6568,true,
745,get,9565,true,
782,get,7082,true,
953,get,2357,true,
787,get,7129,true,
840,get,5680,true,
914,get,2458,true,
798,get,7111,true,
951,get,2376,true,
936,get,2419,true,
864,get,3670,true,
880,get,3611,true,
883,get,3600,true,
930,get,2444,true,
873,get,3648,true,
882,get,3614,true,
807,get,7112,true,
791,get,7160,true,
860,get,3716,true,
910,get,2506,true,
949,get,2419,true,
926,get,2494,true,
885,get,4123,true,
934,get,2960,true,
942,get,2965,true,
785,get,7717,true,
874,get,4202,true,
952,get,2977,true,
847,get,4431,true,
845,get,4471,true,
906,get,3179,true,
933,get,3469,true,
867,get,4702,true,
841,get,6712,true,
907,get,3605,true,
932,get,3611,true,
862,get,4980,true,
870,get,5002,true,
851,get,5113,true,
939,get,4193,true,
905,get,4273,true,
921,get,4247,true,
869,get,5453,true,
786,get,8951,true,
927,get,4241,true,
881,get,5417,true,
946,get,4207,true,
856,get,5528,true,
846,get,5631,true,
982,get,1832,true,
868,get,5567,true,
992,get,1366,true,
994,get,1461,true,
788,get,9185,true,
875,get,5673,true,
954,get,3919,true,
888,get,6571,true,
1006,get,1644,true,
979,get,3018,true,
853,get,6748,true,
1021,get,986,true,
1022,get,993,true,
957,get,4506,true,
866,get,6705,true,
772,get,10241,true,
797,get,10176,true,
943,get,5477,true,
941,get,5483,true,
799,get,10196,true,
871,get,6721,true,
904,get,5616,true,
956,get,4604,true,
1007,get,1366,true,
852,get,6891,true,
1008,get,1454,true,
894,get,5772,true,
1016,get,1418,true,
794,get,10385,true,
899,get,5765,true,
993,get,2690,true,
872,get,6905,true,
935,get,5687,true,
902,get,5772,true,
1023,get,1219,true,
863,get,6946,true,
844,get,7086,true,
887,get,6854,true,
918,get,5739,true,
981,get,3268,true,
911,get,5767,true,
900,get,5795,true,
924,get,5737,true,
891,get,6847,true,
800,get,10411,true,
958,get,4748,true,
980,get,3296,true,
896,get,5822,true,
947,get,5703,true,
977,get,3312,true,
978,get,3311,true,
975,get,3322,true,
976,get,3321,true,
893,get,5856,true,
929,get,5756,true,
901,get,5828,true,
857,get,7035,true,
995,get,2732,true,
985,get,3309,true,
897,get,5852,true,
849,get,7092,true,
1020,get,1308,true,
908,get,5828,true,
1011,get,1551,true,
886,get,6944,true,
1010,get,1576,true,
892,get,6946,true,
986,get,3487,true,
967,get,4127,true,
987,get,3490,true,
984,get,3514,true,
766,get,10761,true,
991,get,3473,true,
917,get,6479,true,
1012,get,2216,true,
850,get,7778,true,
920,get,6487,true,
843,get,8728,true,
964,get,4671,true,
1009,get,2250,true,
963,get,4898,true,
1015,get,2235,true,
909,get,6541,true,
974,get,4085,true,
1019,get,2147,true,
770,get,11281,true,
990,get,3548,true,
1017,get,2234,true,
865,get,7758,true,
861,get,7778,true,
1013,get,2287,true,
1000,get,3056,true,
996,get,3468,true,
1005,get,2754,true,
973,get,4136,true,
1014,get,2305,true,
855,get,7837,true,
919,get,6588,true,
1018,get,2222,true,
970,get,4217,true,
961,get,5004,true,
988,get,4113,true,
781,get,11316,true,
1001,get,3103,true,
998,get,3465,true,
965,get,4790,true,
854,get,7889,true,
962,get,5035,true,
960,get,5278,true,
771,get,11379,true,
789,get,11600,true,
948,get,6847,true,
916,get,6919,true,
913,get,6928,true,
938,get,6869,true,
879,get,8068,true,
767,get,11701,true,
859,get,8173,true,
945,get,6879,true,
944,get,6936,true,
923,get,7106,true,
876,get,8290,true,
1004,get,3378,true,
795,get,11836,true,
903,get,7264,true,
912,get,7259,true,
950,get,7234,true,
848,get,8667,true,
890,get,8572,true,
968,get,5604,true,
898,get,7559,true,
1078,get,2069,true,
1039,get,2274,true,
915,get,7890,true,
884,get,9011,true,
983,get,5411,true,
1028,get,2406,true,
842,get,10845,true,
877,get,9064,true,
1073,get,2120,true,
1074,get,2123,true,
1048,get,2198,true,
937,get,7887,true,
1064,get,2167,true,
1076,get,2136,true,
959,get,6604,true,
1065,get,2172,true,
1075,get,2149,true,
1080,get,2139,true,
1025,get,2473,true,
1067,get,2180,true,
1069,get,2195,true,
966,get,6124,true,
1024,get,2556,true,
931,get,8012,true,
1059,get,2304,true,
889,get,9322,true,
1040,get,2607,true,
928,get,8195,true,
1029,get,2722,true,
895,get,8294,true,
972,get,5790,true,
1061,get,2497,true,
955,get,7338,true,
1003,get,4747,true,
858,get,9643,true,
796,get,13107,true,
925,get,8445,true,
878,get,9617,true,
922,get,8544,true,
1062,get,3488,true,
1082,get,3413,true,
1077,get,3453,true,
1066,get,3495,true,
1057,get,3519,true,
1079,get,3486,true,
1063,get,3535,true,
1044,get,3645,true,
1055,get,3616,true,
1041,get,3743,true,
1051,get,3696,true,
1045,get,3747,true,
1058,get,3745,true,
1026,get,4158,true,
1036,get,4121,true,
1133,get,2720,true,
1117,get,3585,true,
1185,get,2423,true,
1181,get,2503,true,
1183,get,2455,true,
1101,get,5236,true,
1190,get,2502,true,
1131,get,4871,true,
1166,get,3836,true,
1068,get,6018,true,
1168,get,3828,true,
1154,get,3908,true,
1083,get,5942,true,
1054,get,6087,true,
1194,get,2480,true,
1191,get,2557,true,
1180,get,3518,true,
1105,get,5282,true,
1171,get,3801,true,
1047,get,6125,true,
1193,get,2546,true,
1177,get,3619,true,
1093,get,5353,true,
1152,get,3960,true,
1153,get,3964,true,
1157,get,3942,true,
1053,get,6130,true,
1162,get,3926,true,
1096,get,5365,true,
1187,get,2625,true,
1170,get,3858,true,
1110,get,5358,true,
1196,get,3033,true,
1231,get,531,true,
1219,get,592,true,
1232,get,570,true,
1220,get,606,true,
1199,get,2957,true,
1233,get,532,true,
1230,get,593,true,
1198,get,3009,true,
1209,get,692,true,
1179,get,4238,true,
1195,get,3144,true,
1097,get,5992,true,
1226,get,645,true,
1103,get,5963,true,
1148,get,4637,true,
1207,get,745,true,
1192,get,3229,true,
1070,get,6739,true,
1186,get,3968,true,
1222,get,688,true,
1218,get,706,true,
1223,get,729,true,
1176,get,4365,true,
1213,get,955,true,
1229,get,894,true,
1211,get,1030,true,
1150,get,4950,true,
1156,get,4918,true,
1210,get,1103,true,
1149,get,5029,true,
1215,get,1088,true,
1175,get,4769,true,
1208,get,1235,true,
1145,get,5592,true,
1243,get,592,true,
1147,get,6259,true,
1113,get,7184,true,
1060,get,8014,true,
1107,get,7209,true,
1034,get,8235,true,
1259,get,1021,true,
1260,get,970,true,
1146,get,6328,true,
1265,get,884,true,
1042,get,8098,true,
1267,get,802,true,
1241,get,1348,true,
1163,get,5871,true,
1043,get,8121,true,
1250,get,1316,true,
1178,get,5602,true,
1112,get,7255,true,
1056,get,8105,true,
1237,get,1401,true,
1159,get,5919,true,
1090,get,7382,true,
1098,get,7345,true,
1261,get,1037,true,
1236,get,1440,true,
1257,get,1290,true,
1092,get,7397,true,
1258,get,1125,true,
1239,get,1433,true,
1263,get,1002,true,
1235,get,1492,true,
1118,get,7295,true,
1266,get,920,true,
1184,get,5455,true,
1262,get,1087,true,
1164,get,5974,true,
1252,get,1413,true,
1246,get,1439,true,
1002,get,10365,true,
1169,get,5981,true,
1214,get,2145,true,
1212,get,2158,true,
1165,get,6014,true,
1253,get,1450,true,
1100,get,7445,true,
1249,get,1467,true,
1122,get,7365,true,
1238,get,1541,true,
1234,get,1589,true,
1091,get,7519,true,
1106,get,7467,true,
1124,get,7485,true,
1268,get,1080,true,
1248,get,1642,true,
1312,get,1675,true,
1038,get,10068,true,
1137,get,8540,true,
1160,get,7726,true,
1108,get,9101,true,
1104,get,9124,true,
1301,get,1761,true,
1188,get,6419,true,
1140,get,8502,true,
1095,get,9169,true,
1320,get,1555,true,
1306,get,1737,true,
1128,get,8764,true,
1274,get,1908,true,
1293,get,1816,true,
1283,get,1860,true,
1141,get,8455,true,
1299,get,1786,true,
1316,get,1701,true,
1072,get,9907,true,
999,get,12190,true,
1172,get,7638,true,
1314,get,1718,true,
1134,get,8757,true,
1245,get,3196,true,
1130,get,8782,true,
1281,get,1885,true,
1102,get,9161,true,
1050,get,9978,true,
1305,get,1774,true,
1282,get,1895,true,
1295,get,1826,true,
1135,get,8769,true,
1288,get,1865,true,
1167,get,7759,true,
1287,get,1872,true,
1313,get,1742,true,
1294,get,1842,true,
1269,get,2647,true,
1197,get,6297,true,
1174,get,7508,true,
1201,get,6069,true,
989,get,13218,true,
1264,get,2830,true,
1291,get,1867,true,
1285,get,1900,true,
1307,get,1788,true,
1138,get,8608,true,
1161,get,7802,true,
1297,get,1846,true,
1271,get,1969,true,
1089,get,9271,true,
1278,get,1946,true,
1315,get,1755,true,
1173,get,7530,true,
1155,get,7841,true,
1127,get,8833,true,
1279,get,1951,true,
1033,get,10237,true,
1277,get,1955,true,
1303,get,1834,true,
1139,get,8614,true,
1084,get,9779,true,
1272,get,1986,true,
1052,get,10027,true,
1275,get,1972,true,
1317,get,1768,true,
1144,get,8388,true,
1158,get,7843,true,
1129,get,8851,true,
1111,get,9189,true,
1182,get,7367,true,
1071,get,9987,true,
1151,get,7892,true,
1086,get,9796,true,
1132,get,8857,true,
1280,get,1968,true,
1296,get,1893,true,
1035,get,10244,true,
997,get,12656,true,
1308,get,1827,true,
1251,get,3267,true,
1286,get,1952,true,
1121,get,9171,true,
1298,get,1889,true,
1136,get,8794,true,
1027,get,10306,true,
1318,get,1790,true,
1240,get,3328,true,
1109,get,9231,true,
1032,get,10290,true,
1319,get,1774,true,
1270,get,2031,true,
1289,get,1950,true,
1088,get,9803,true,
1120,get,9190,true,
1310,get,1846,true,
1085,get,9829,true,
1125,get,9173,true,
1094,get,9313,true,
1321,get,1672,true,
1037,get,10275,true,
1273,get,2044,true,
1284,get,1983,true,
1123,get,9190,true,
1114,get,9232,true,
1119,get,9211,true,
1322,get,1676,true,
1292,get,1957,true,
1116,get,9230,true,
1030,get,10328,true,
1309,get,1869,true,
1242,get,3357,true,
1046,get,10110,true,
969,get,13473,true,
1311,get,1868,true,
1189,get,6584,true,
1300,get,1935,true,
1049,get,10112,true,
1290,get,1980,true,
1031,get,10350,true,
1081,get,10053,true,
1200,get,6238,true,
1203,get,6266,true,
1115,get,9858,true,
1276,get,2656,true,
1202,get,6791,true,
1304,get,2541,true,
1423,get,1611,true,
1379,get,1697,true,
1391,get,2446,true,
1351,get,2515,true,
1414,get,2429,true,
1433,get,2404,true,
1225,get,6386,true,
1302,get,4322,true,
1227,get,6386,true,
1393,get,2481,true,
1406,get,2460,true,
1364,get,2521,true,
1407,get,2466,true,
1205,get,7365,true,
1387,get,2505,true,
1404,get,2475,true,
1421,get,2455,true,
1143,get,10955,true,
1247,get,5768,true,
1087,get,12280,true,
1430,get,2448,true,
1378,get,2527,true,
1367,get,2555,true,
971,get,16156,true,
1373,get,2862,true,
1429,get,3011,true,
1216,get,7105,true,
1217,get,7157,true,
1204,get,8149,true,
1440,get,3224,true,
1224,get,7221,true,
1392,get,3311,true,
1377,get,3350,true,
1385,get,3558,true,
1099,get,12797,true,
1376,get,3604,true,
1341,get,3667,true,
1408,get,3569,true,
1422,get,3553,true,
1389,get,3604,true,
1228,get,7511,true,
1255,get,6837,true,
1221,get,7601,true,
1256,get,7006,true,
1435,get,3838,true,
1244,get,7196,true,
1254,get,7192,true,
1410,get,3969,true,
1443,get,3919,true,
1450,get,3319,true,
1418,get,4767,true,
1432,get,4755,true,
1439,get,4757,true,
1449,get,4147,true,
1431,get,4784,true,
1347,get,4919,true,
1330,get,4955,true,
1343,get,4935,true,
1355,get,4929,true,
1359,get,4926,true,
1397,get,4875,true,
1434,get,4835,true,
1331,get,5002,true,
1444,get,5185,true,
1350,get,5404,true,
1360,get,5525,true,
1348,get,5568,true,
1428,get,5447,true,
1424,get,5566,true,
1346,get,5889,true,
1415,get,5787,true,
1403,get,5885,true,
1388,get,5923,true,
1427,get,5875,true,
1458,get,3458,true,
1446,get,5245,true,
1372,get,5967,true,
1357,get,5996,true,
1420,get,5920,true,
1206,get,10828,true,
1375,get,5987,true,
1413,get,5933,true,
1412,get,5944,true,
1390,get,6035,true,
1465,get,3623,true,
1142,get,14648,true,
1386,get,6193,true,
1463,get,3725,true,
1336,get,6301,true,
1356,get,6269,true,
1353,get,6280,true,
1472,get,3716,true,
1362,get,6279,true,
1436,get,6177,true,
1349,get,6323,true,
1371,get,6629,true,
1470,get,4105,true,
1419,get,6578,true,
1383,get,6635,true,
1416,get,6652,true,
1361,get,6744,true,
1326,get,6808,true,
1442,get,6634,true,
1405,get,6687,true,
1325,get,6821,true,
1345,get,6790,true,
1380,get,6747,true,
1396,get,6737,true,
1374,get,6784,true,
1400,get,6755,true,
1438,get,6712,true,
1411,get,6765,true,
1402,get,6788,true,
1441,get,6745,true,
1329,get,6924,true,
1344,get,6908,true,
1354,get,6903,true,
1437,get,6787,true,
1342,get,6939,true,
1384,get,6878,true,
1409,get,6850,true,
1469,get,4372,true,
1126,get,16010,true,
1447,get,6206,true,
1426,get,6859,true,
1401,get,6905,true,
1358,get,6975,true,
1368,get,6966,true,
1369,get,6977,true,
1425,get,6907,true,
1462,get,4482,true,
1340,get,7055,true,
1382,get,7000,true,
1467,get,4497,true,
1381,get,7019,true,
1395,get,7009,true,
1324,get,7135,true,
1479,get,3763,true,
1455,get,4577,true,
1480,get,3753,true,
1478,get,4039,true,
1398,get,7261,true,
1417,get,7236,true,
1454,get,4821,true,
1445,get,7164,true,
1464,get,4792,true,
1451,get,5633,true,
1456,get,4825,true,
1335,get,7377,true,
1337,get,7374,true,
1323,get,7410,true,
1334,get,8057,true,
1327,get,8159,true,
1578,get,1267,true,
1484,get,5378,true,
1555,get,2217,true,
1538,get,2711,true,
1553,get,2230,true,
1500,get,4925,true,
1399,get,8930,true,
1483,get,5620,true,
1505,get,4106,true,
1570,get,2083,true,
1551,get,2254,true,
1489,get,5363,true,
1576,get,2043,true,
1539,get,2745,true,
1476,get,5895,true,
1524,get,3042,true,
1515,get,3631,true,
1497,get,5012,true,
1571,get,2098,true,
1530,get,3011,true,
1535,get,2855,true,
1575,get,2066,true,
1537,get,2795,true,
1522,get,3077,true,
1563,get,2202,true,
1549,get,2950,true,
1556,get,3166,true,
1590,get,2855,true,
1363,get,9955,true,
1548,get,3296,true,
1352,get,9984,true,
1459,get,7456,true,
1528,get,3991,true,
1560,get,3172,true,
1365,get,9984,true,
1566,get,3121,true,
1333,get,10419,true,
1502,get,5509,true,
1507,get,5466,true,
1491,get,6719,true,
1552,get,3625,true,
1474,get,7500,true,
1520,get,4515,true,
1584,get,3348,true,
1554,get,3638,true,
1574,get,3455,true,
1466,get,7852,true,
1475,get,7517,true,
1366,get,10387,true,
1521,get,4532,true,
1512,get,5460,true,
1338,get,10440,true,
1461,get,7876,true,
1525,get,4431,true,
1516,get,4883,true,
1542,get,4140,true,
1534,get,4294,true,
1514,get,5283,true,
1531,get,4621,true,
1559,get,3827,true,
1550,get,3900,true,
1532,get,4630,true,
1510,get,5746,true,
1585,get,3634,true,
1496,get,6768,true,
1523,get,4789,true,
1540,get,5529,true,
1603,get,3701,true,
1573,get,4876,true,
1544,get,5537,true,
1659,get,1412,true,
1557,get,5048,true,
1638,get,1841,true,
1488,get,8203,true,
1604,get,3598,true,
1587,get,4791,true,
1503,get,6986,true,
1662,get,1237,true,
1332,get,11927,true,
1593,get,4561,true,
1607,get,2915,true,
1495,get,7951,true,
1526,get,5923,true,
1661,get,1285,true,
1529,get,5908,true,
1669,get,1173,true,
1543,get,5650,true,
1609,get,2950,true,
1588,get,4869,true,
1668,get,1219,true,
1498,get,7917,true,
1602,get,3952,true,
1582,get,4952,true,
1501,get,7127,true,
1666,get,1318,true,
1533,get,5967,true,
1599,get,4664,true,
1487,get,8369,true,
1655,get,1608,true,
1508,get,7108,true,
1594,get,4699,true,
1595,get,4698,true,
1482,get,8677,true,
1562,get,5198,true,
1490,get,8396,true,
1468,get,9501,true,
1637,get,2062,true,
1504,get,7170,true,
1663,get,1425,true,
1565,get,5187,true,
1620,get,3051,true,
1513,get,7120,true,
1639,get,2076,true,
1583,get,5054,true,
1577,get,5119,true,
1492,get,8437,true,
1370,get,12085,true,
1633,get,2143,true,
1621,get,3091,true,
1485,get,8512,true,
1630,get,2182,true,
1471,get,9570,true,
1339,get,12162,true,
1473,get,9560,true,
1624,get,3112,true,
1493,get,8414,true,
1499,get,8094,true,
1634,get,2178,true,
1665,get,1517,true,
1547,get,5502,true,
1477,get,8957,true,
1628,get,3125,true,
1616,get,3175,true,
1580,get,5191,true,
1452,get,10469,true,
1610,get,3248,true,
1667,get,1570,true,
1653,get,1858,true,
1545,get,5968,true,
1546,get,5627,true,
1453,get,9791,true,
1328,get,12342,true,
1567,get,5403,true,
1568,get,5407,true,
1591,get,5001,true,
1561,get,5480,true,
1517,get,6773,true,
1592,get,5006,true,
1569,get,5416,true,
1625,get,3309,true,
1564,get,5471,true,
1558,get,5554,true,
1460,get,9816,true,
1579,get,5356,true,
1601,get,5013,true,
1541,get,6091,true,
1506,get,7464,true,
1511,get,7433,true,
1657,get,1968,true,
1632,get,2420,true,
1636,get,2405,true,
1635,get,2411,true,
1641,get,2055,true,
1671,get,686,true,
1658,get,2101,true,
1631,get,2580,true,
1612,get,3571,true,
1486,get,8978,true,
1687,get,770,true,
1646,get,2314,true,
1681,get,840,true,
1598,get,5425,true,
1664,get,2127,true,
1643,get,2413,true,
1596,get,5494,true,
1684,get,937,true,
1677,get,1005,true,
1527,get,6869,true,
1586,get,5802,true,
1640,get,2499,true,
1649,get,3104,true,
1652,get,3100,true,
1481,get,10155,true,
1670,get,1708,true,
1645,get,3126,true,
1642,get,3132,true,
1509,get,8586,true,
1644,get,3131,true,
1448,get,12772,true,
1457,get,10992,true,
1600,get,6178,true,
1679,get,1663,true,
1672,get,1716,true,
1654,get,3121,true,
1519,get,7864,true,
1682,get,1648,true,
1589,get,6436,true,
1650,get,3134,true,
1518,get,7986,true,
1572,get,6613,true,
1536,get,7364,true,
1683,get,1656,true,
1647,get,3150,true,
1656,get,3135,true,
1494,get,9681,true,
1394,get,13451,true,
1704,get,2367,true,
1688,get,2476,true,
1689,get,2468,true,
1685,get,2494,true,
1676,get,2559,true,
1690,get,2466,true,
1674,get,2585,true,
1747,get,2103,true,
1716,get,2331,true,
1702,get,2400,true,
1703,get,2373,true,
1680,get,2558,true,
1651,get,4025,true,
1692,get,2684,true,
1765,get,2246,true,
1693,get,2995,true,
1618,get,5971,true,
1759,get,3175,true,
1774,get,2826,true,
1758,get,3184,true,
1608,get,6558,true,
1741,get,3283,true,
1737,get,3348,true,
1714,get,3476,true,
1629,get,5929,true,
1739,get,3314,true,
1742,get,3282,true,
1733,get,3486,true,
1756,get,3309,true,
1713,get,3608,true,
1753,get,3350,true,
1731,get,3573,true,
1691,get,3815,true,
1735,get,3575,true,
1717,get,3671,true,
1734,get,3612,true,
1707,get,3760,true,
1614,get,6808,true,
1798,get,2291,true,
1732,get,3671,true,
1615,get,6837,true,
1706,get,3819,true,
1755,get,3524,true,
1627,get,7452,true,
1698,get,4488,true,
1796,get,2955,true,
1773,get,3790,true,
1718,get,4404,true,
1743,get,4224,true,
1787,get,3003,true,
1783,get,3636,true,
1760,get,4145,true,
1727,get,4380,true,
1792,get,3009,true,
1746,get,4223,true,
1660,get,6097,true,
1748,get,4220,true,
1723,get,4419,true,
1730,get,4388,true,
1626,get,7506,true,
1762,get,4166,true,
1597,get,9206,true,
1696,get,4569,true,
1740,get,4292,true,
1736,get,4372,true,
1751,get,4236,true,
1778,get,3734,true,
1623,get,8930,true,
1822,get,3526,true,
1701,get,5946,true,
1715,get,5893,true,
1728,get,5833,true,
1805,get,4431,true,
1726,get,5840,true,
1790,get,4461,true,
1808,get,4429,true,
1770,get,5424,true,
1754,get,5664,true,
1853,get,1596,true,
1835,get,2526,true,
1852,get,2215,true,
1860,get,1587,true,
1829,get,2559,true,
1876,get,1544,true,
1673,get,6287,true,
1818,get,3730,true,
1700,get,6149,true,
1807,get,4614,true,
1799,get,4639,true,
1613,get,9177,true,
1812,get,3785,true,
1826,get,3512,true,
1800,get,5026,true,
1788,get,5059,true,
1793,get,5065,true,
1772,get,5906,true,
1606,get,9633,true,
1864,get,2106,true,
1678,get,6796,true,
1617,get,9653,true,
1836,get,3124,true,
1581,get,11683,true,
1605,get,9738,true,
1828,get,3190,true,
1648,get,8351,true,
1745,get,6471,true,
1791,get,5270,true,
1806,get,5254,true,
1694,get,6852,true,
1811,get,4434,true,
1845,get,3060,true,
1712,get,6803,true,
1819,get,4464,true,
1894,get,793,true,
1882,get,951,true,
1854,get,2458,true,
1893,get,846,true,
1622,get,9950,true,
1888,get,910,true,
1720,get,6902,true,
1729,get,6878,true,
1710,get,6984,true,
1769,get,6502,true,
1884,get,1070,true,
1890,get,967,true,
1757,get,6702,true,
1886,get,1063,true,
1764,get,6672,true,
1889,get,988,true,
1885,get,1093,true,
1879,get,1119,true,
1771,get,6474,true,
1611,get,10088,true,
1711,get,7030,true,
1891,get,997,true,
1763,get,6718,true,
1887,get,1104,true,
1866,get,2582,true,
1777,get,6332,true,
1767,get,6683,true,
1878,get,1237,true,
1898,get,1034,true,
1814,get,4832,true,
1877,get,1292,true,
1781,get,6450,true,
1830,get,3772,true,
1776,get,6562,true,
1897,get,1180,true,
1899,get,1195,true,
1744,get,7103,true,
1813,get,5003,true,
1752,get,7081,true,
1843,get,3668,true,
1903,get,864,true,
1901,get,945,true,
1619,get,10436,true,
1905,get,873,true,
1821,get,5055,true,
1827,get,3967,true,
1904,get,938,true,
1708,get,7501,true,
1844,get,3786,true,
1797,get,6029,true,
1705,get,7535,true,
1900,get,1388,true,
1825,get,4636,true,
1766,get,7173,true,
1833,get,4089,true,
1912,get,934,true,
1709,get,7623,true,
1851,get,3826,true,
1906,get,1084,true,
1911,get,1021,true,
1881,get,1758,true,
1686,get,7835,true,
1847,get,3949,true,
1895,get,1631,true,
1761,get,7438,true,
1695,get,7861,true,
1782,get,6982,true,
1921,get,1017,true,
1896,get,1737,true,
1892,get,1915,true,
1775,get,7265,true,
1902,get,1500,true,
1883,get,2109,true,
1880,get,2131,true,
1780,get,7263,true,
1801,get,6639,true,
1749,get,7947,true,
1738,get,8135,true,
1779,get,7541,true,
1697,get,8413,true,
1945,get,1959,true,
1952,get,1824,true,
1784,get,7559,true,
1956,get,1736,true,
1920,get,2232,true,
1916,get,2301,true,
1719,get,8990,true,
1915,get,2324,true,
1929,get,2085,true,
1982,get,1371,true,
1841,get,5368,true,
1803,get,7561,true,
1967,get,1625,true,
1785,get,7599,true,
1946,get,1999,true,
1958,get,1736,true,
1824,get,6470,true,
1768,get,8603,true,
1750,get,8794,true,
1953,get,1872,true,
1834,get,5572,true,
1837,get,5475,true,
1951,get,1904,true,
1675,get,9553,true,
1910,get,2744,true,
1802,get,7896,true,
1699,get,9450,true,
1966,get,2233,true,
1948,get,2578,true,
1928,get,2734,true,
1794,get,8279,true,
2010,get,713,true,
1990,get,3912,true,
2017,get,2686,true,
1979,get,4121,true,
1810,get,9428,true,
1725,get,11698,true,
1850,get,7982,true,
1977,get,4197,true,
1947,get,4723,true,
1980,get,4162,true,
1978,get,4198,true,
1927,get,4876,true,
2031,get,2156,true,
1984,get,4118,true,
1939,get,4795,true,
1994,get,3809,true,
2015,get,2768,true,
1867,get,7348,true,
1935,get,4830,true,
1724,get,11767,true,
1840,get,8210,true,
1863,get,7375,true,
1976,get,4300,true,
1870,get,7360,true,
2001,get,3534,true,
2021,get,2798,true,
1957,get,4580,true,
1973,get,4361,true,
1872,get,7379,true,
1986,get,4152,true,
1995,get,3855,true,
1985,get,4179,true,
1722,get,11828,true,
2004,get,2885,true,
1908,get,5306,true,
1820,get,9537,true,
1940,get,4882,true,
1857,get,7464,true,
2011,get,2879,true,
2022,get,2853,true,
1871,get,7430,true,
1917,get,5183,true,
1999,get,3724,true,
1950,get,4797,true,
1992,get,3977,true,
1989,get,4150,true,
2006,get,2937,true,
1913,get,5276,true,
2014,get,2910,true,
2028,get,2579,true,
1823,get,9384,true,
1721,get,11917,true,
1832,get,8481,true,
1817,get,9616,true,
1944,get,4940,true,
1943,get,4951,true,
1938,get,4974,true,
1955,get,4730,true,
1961,get,4640,true,
1862,get,7546,true,
1997,get,3947,true,
1786,get,10557,true,
1907,get,5440,true,
1937,get,5012,true,
1942,get,4992,true,
1795,get,10556,true,
1848,get,8265,true,
1842,get,8340,true,
1987,get,4290,true,
1960,get,4696,true,
1991,get,4211,true,
2016,get,3003,true,
1926,get,5159,true,
2018,get,3007,true,
1831,get,8576,true,
1865,get,7604,true,
1965,get,4677,true,
1856,get,7641,true,
1972,get,4582,true,
1918,get,5331,true,
1996,get,4047,true,
2034,get,2347,true,
2003,get,3093,true,
2008,get,3077,true,
1809,get,10617,true,
1968,get,4660,true,
1846,get,8373,true,
1923,get,5270,true,
1962,get,4762,true,
1934,get,5132,true,
2012,get,3100,true,
1993,get,4165,true,
2013,get,3106,true,
1859,get,7691,true,
1861,get,7711,true,
1858,get,7731,true,
1839,get,8561,true,
1873,get,7683,true,
2027,get,2817,true,
2005,get,3183,true,
1983,get,4519,true,
1874,get,7696,true,
2009,get,3171,true,
2020,get,3149,true,
1988,get,4432,true,
1969,get,4751,true,
1971,get,4729,true,
1975,get,4686,true,
1815,get,9874,true,
1914,get,5540,true,
1869,get,7754,true,
1804,get,10759,true,
1925,get,5358,true,
2000,get,3967,true,
2030,get,2609,true,
1959,get,4921,true,
2019,get,3205,true,
2025,get,3195,true,
1919,get,5492,true,
1849,get,8499,true,
2032,get,2611,true,
1981,get,4641,true,
1930,get,5326,true,
1932,get,5309,true,
1789,get,10847,true,
1838,get,8702,true,
2033,get,2561,true,
1998,get,4196,true,
1855,get,7889,true,
1964,get,4929,true,
1909,get,5716,true,
1974,get,4812,true,
2026,get,3021,true,
2024,get,3283,true,
1924,get,5538,true,
2072,get,979,true,
2047,get,1141,true,
1875,get,8539,true,
1963,get,5688,true,
1949,get,6090,true,
2079,get,1294,true,
1816,get,10890,true,
2023,get,4187,true,
2126,get,1117,true,
2064,get,1396,true,
2170,get,399,true,
1941,get,6470,true,
2089,get,1531,true,
2069,get,1615,true,
2077,get,1621,true,
2099,get,1542,true,
2070,get,1672,true,
1868,get,9582,true,
1954,get,6812,true,
2078,get,2128,true,
1970,get,6589,true,
1922,get,7253,true,
2002,get,5750,true,
2175,get,842,true,
2039,get,2325,true,
1931,get,7119,true,
2145,get,1858,true,
2135,get,1914,true,
2180,get,613,true,
2084,get,2152,true,
2169,get,1228,true,
2029,get,4739,true,
2066,get,2406,true,
2046,get,2576,true,
2057,get,2549,true,
2071,get,2533,true,
2117,get,2473,true,
2185,get,1051,true,
2183,get,1087,true,
2179,get,1310,true,
2095,get,2700,true,
2184,get,1152,true,
2178,get,1442,true,
2176,get,1475,true,
2182,get,1226,true,
2172,get,1689,true,
2093,get,2803,true,
2181,get,1299,true,
2048,get,3018,true,
2043,get,3070,true,
2097,get,2858,true,
2159,get,2586,true,
2065,get,3034,true,
2204,get,497,true,
2049,get,3134,true,
2133,get,2771,true,
2177,get,1729,true,
2199,get,883,true,
2123,get,2894,true,
2200,get,923,true,
2124,get,2935,true,
2056,get,3233,true,
2094,get,3100,true,
2191,get,1029,true,
2163,get,2817,true,
2174,get,1909,true,
2041,get,3447,true,
2149,get,2988,true,
2114,get,3166,true,
2127,get,3140,true,
2151,get,3032,true,
2160,get,3007,true,
2110,get,3262,true,
2197,get,1234,true,
2106,get,3322,true,
2173,get,2192,true,
2052,get,3593,true,
2136,get,3232,true,
2122,get,3318,true,
2109,get,3408,true,
2150,get,3234,true,
2198,get,1392,true,
2061,get,3677,true,
2196,get,1456,true,
2119,get,3477,true,
2155,get,3318,true,
2107,get,3541,true,
2105,get,3581,true,
2053,get,3846,true,
2104,get,3644,true,
2213,get,1377,true,
2113,get,4035,true,
2055,get,4284,true,
2202,get,1745,true,
2211,get,1412,true,
2210,get,1414,true,
2242,get,787,true,
2205,get,1564,true,
1933,get,9156,true,
2243,get,764,true,
2235,get,926,true,
2108,get,4099,true,
2171,get,3118,true,
2203,get,1763,true,
2083,get,4207,true,
2212,get,1432,true,
2232,get,1048,true,
2201,get,1883,true,
2050,get,4359,true,
2207,get,1531,true,
2063,get,4304,true,
2228,get,1134,true,
2206,get,1557,true,
2194,get,2086,true,
2118,get,4078,true,
2121,get,4069,true,
2045,get,4398,true,
2092,get,4212,true,
2059,get,5220,true,
2233,get,2099,true,
2062,get,5528,true,
2091,get,5438,true,
2187,get,3386,true,
2217,get,2708,true,
2269,get,1388,true,
2227,get,2542,true,
2224,get,2605,true,
2251,get,2034,true,
2267,get,1578,true,
2257,get,2101,true,
2209,get,3080,true,
2244,get,2381,true,
2247,get,2348,true,
2111,get,5724,true,
2264,get,1671,true,
2100,get,5777,true,
2253,get,2224,true,
2261,get,1699,true,
2085,get,5861,true,
2245,get,2408,true,
2216,get,3082,true,
2284,get,1722,true,
2007,get,9081,true,
2189,get,4054,true,
2222,get,3195,true,
2087,get,6242,true,
2266,get,2225,true,
2286,get,2160,true,
2241,get,3857,true,
2295,get,1628,true,
2146,get,6961,true,
2042,get,7423,true,
2271,get,3049,true,
2143,get,6983,true,
2315,get,853,true,
2248,get,3746,true,
1936,get,12225,true,
2305,get,1415,true,
2249,get,3734,true,
2289,get,1836,true,
2310,get,1324,true,
2301,get,1446,true,
2082,get,7288,true,
2278,get,3071,true,
2051,get,7423,true,
2291,get,1801,true,
2276,get,3076,true,
2223,get,4304,true,
2139,get,7042,true,
2279,get,3083,true,
2288,get,2028,true,
2302,get,1462,true,
2195,get,5163,true,
2260,get,3141,true,
2190,get,5188,true,
2275,get,3104,true,
2277,get,3097,true,
2287,get,2195,true,
2058,get,7424,true,
2186,get,5221,true,
2290,get,1854,true,
2280,get,3098,true,
2285,get,3095,true,
2038,get,7519,true,
2231,get,4182,true,
2252,get,3724,true,
2226,get,4287,true,
2236,get,4052,true,
2298,get,1519,true,
2281,get,3114,true,
2262,get,3179,true,
2272,get,3141,true,
2263,get,3173,true,
2283,get,3119,true,
2268,get,3163,true,
2265,get,3295,true,
2068,get,7541,true,
2103,get,7425,true,
2316,get,1102,true,
2140,get,7343,true,
2054,get,7741,true,
2137,get,7381,true,
2341,get,1234,true,
2345,get,1227,true,
2364,get,1070,true,
2344,get,1237,true,
2354,get,1226,true,
2322,get,1306,true,
2335,get,1269,true,
2343,get,1258,true,
2365,get,1090,true,
2342,get,1265,true,
2319,get,1327,true,
2320,get,1331,true,
2346,get,1261,true,
2154,get,8261,true,
2161,get,8230,true,
2164,get,8220,true,
2323,get,1323,true,
2090,get,8561,true,
2158,get,8249,true,
2101,get,8514,true,
2362,get,1243,true,
2355,get,1259,true,
2325,get,1327,true,
2162,get,8245,true,
2220,get,5673,true,
2317,get,1367,true,
2218,get,5704,true,
2102,get,8525,true,
2060,get,8703,true,
2321,get,1357,true,
2129,get,8398,true,
2336,get,1319,true,
2214,get,5821,true,
2219,get,5698,true,
2044,get,8788,true,
2352,get,1297,true,
2125,get,8444,true,
2152,get,8319,true,
2240,get,5275,true,
2165,get,8264,true,
2303,get,2788,true,
2239,get,5333,true,
2339,get,2221,true,
2088,get,9505,true,
2363,get,2174,true,
2351,get,2200,true,
2329,get,2253,true,
2333,get,2241,true,
2340,get,2219,true,
2349,get,2222,true,
2370,get,1916,true,
2318,get,2308,true,
2357,get,2211,true,
2338,get,2257,true,
2230,get,6438,true,
2360,get,2213,true,
2350,get,2237,true,
2347,get,2245,true,
2328,get,2295,true,
2334,get,2280,true,
2356,get,2234,true,
2367,get,2059,true,
2330,get,2292,true,
2193,get,7447,true,
2299,get,3754,true,
2115,get,9449,true,
2337,get,2289,true,
2358,get,2242,true,
2366,get,2074,true,
2359,get,2239,true,
2327,get,2322,true,
2348,get,2270,true,
2361,get,2247,true,
2353,get,2266,true,
2331,get,2313,true,
2258,get,5868,true,
2326,get,2333,true,
2153,get,9286,true,
2368,get,2000,true,
2254,get,5965,true,
2168,get,9302,true,
2270,get,5606,true,
2229,get,6773,true,
2167,get,9526,true,
2255,get,6510,true,
2144,get,10365,true,
2036,get,10859,true,
2073,get,10690,true,
2120,get,10503,true,
2132,get,10440,true,
2332,get,3384,true,
2273,get,6471,true,
2308,get,4812,true,
2221,get,7732,true,
2192,get,8564,true,
2098,get,10644,true,
2304,get,4859,true,
2398,get,2107,true,
2215,get,7873,true,
2246,get,7253,true,
2128,get,10524,true,
2157,get,10446,true,
2188,get,8688,true,
2130,get,10632,true,
2250,get,7324,true,
2400,get,2276,true,
2389,get,2341,true,
2076,get,10992,true,
2274,get,6777,true,
2408,get,2374,true,
2439,get,1433,true,
2446,get,1436,true,
2391,get,2462,true,
2035,get,11291,true,
2324,get,3821,true,
2259,get,6964,true,
2390,get,2676,true,
2377,get,2705,true,
2237,get,7975,true,
2294,get,5672,true,
2440,get,1701,true,
2282,get,7066,true,
2256,get,7641,true,
2075,get,11597,true,
2471,get,2169,true,
2474,get,2059,true,
2458,get,2268,true,
2490,get,1645,true,
2494,get,1364,true,
2422,get,3386,true,
2483,get,1882,true,
2488,get,1674,true,
2067,get,13017,true,
2487,get,1682,true,
2493,get,1641,true,
2470,get,2231,true,
2491,get,1679,true,
2395,get,4366,true,
2086,get,12967,true,
2234,get,9795,true,
2378,get,4414,true,
2463,get,2307,true,
2138,get,12743,true,
2238,get,9671,true,
2311,get,6855,true,
2412,get,4329,true,
2407,get,4377,true,
2369,get,5385,true,
2417,get,3481,true,
2080,get,13027,true,
2081,get,13024,true,
2466,get,2307,true,
2486,get,1890,true,
2461,get,2351,true,
2074,get,13064,true,
2399,get,4419,true,
2312,get,6856,true,
2425,get,3469,true,
2411,get,4400,true,
2037,get,13255,true,
2410,get,4406,true,
2475,get,2166,true,
2467,get,2331,true,
2459,get,2383,true,
2476,get,2178,true,
2482,get,2257,true,
2468,get,2580,true,
2413,get,3780,true,
2472,get,2528,true,
2464,get,2626,true,
2485,get,2252,true,
2503,get,561,true,
2501,get,602,true,
2435,get,4478,true,
2397,get,5456,true,
2309,get,8121,true,
2374,get,5520,true,
2438,get,4494,true,
2492,get,2790,true,
2372,get,5519,true,
2489,get,2813,true,
2451,get,4341,true,
2420,get,4544,true,
2484,get,3025,true,
2473,get,3303,true,
2386,get,5517,true,
2502,get,1161,true,
2371,get,5564,true,
2296,get,8491,true,
2423,get,4562,true,
2300,get,8286,true,
2208,get,11420,true,
2292,get,8542,true,
2131,get,13905,true,
2419,get,4588,true,
2429,get,4555,true,
2424,get,4567,true,
2498,get,1210,true,
2409,get,5508,true,
2430,get,4565,true,
2112,get,14017,true,
2166,get,13760,true,
2096,get,14095,true,
2519,get,1135,true,
2388,get,5569,true,
2141,get,13897,true,
2481,get,3142,true,
2460,get,3493,true,
2116,get,14032,true,
2445,get,4574,true,
2404,get,5556,true,
2313,get,8004,true,
2376,get,5616,true,
2441,get,5141,true,
2427,get,5174,true,
2381,get,6164,true,
2426,get,5186,true,
2403,get,6133,true,
2542,get,1241,true,
2448,get,5149,true,
2418,get,5225,true,
2457,get,4121,true,
2375,get,6202,true,
2465,get,4069,true,
2307,get,8895,true,
2225,get,11741,true,
2156,get,14444,true,
2384,get,6195,true,
2436,get,5193,true,
2297,get,9021,true,
2454,get,4846,true,
2469,get,4069,true,
2373,get,6249,true,
2538,get,2076,true,
2500,get,2449,true,
2380,get,6815,true,
2554,get,1290,true,
2516,get,2386,true,
2379,get,6832,true,
2396,get,6800,true,
2383,get,6828,true,
2382,get,6829,true,
2546,get,1343,true,
2477,get,4484,true,
2393,get,6825,true,
2402,get,6807,true,
2405,get,6802,true,
2385,get,6842,true,
2456,get,4791,true,
2478,get,4474,true,
2401,get,6821,true,
2443,get,5840,true,
2543,get,1898,true,
2416,get,5914,true,
2541,get,2106,true,
2406,get,6824,true,
2437,get,5950,true,
2557,get,1616,true,
2433,get,6328,true,
2558,get,1806,true,
2444,get,6326,true,
2450,get,6342,true,
2148,get,15670,true,
2572,get,1827,true,
2562,get,1933,true,
2142,get,15835,true,
2594,get,1350,true,
2452,get,6317,true,
2585,get,1530,true,
2453,get,6391,true,
2589,get,1530,true,
2497,get,3375,true,
2584,get,1558,true,
2040,get,16488,true,
2134,get,16075,true,
2147,get,16034,true,
2590,get,1567,true,
2582,get,2330,true,
2306,get,10649,true,
2548,get,2465,true,
2428,get,6984,true,
2394,get,7947,true,
2579,get,2377,true,
2387,get,7966,true,
2447,get,6949,true,
2434,get,6977,true,
2529,get,4135,true,
2496,get,4423,true,
2561,get,3234,true,
2575,get,3210,true,
2578,get,3219,true,
2522,get,4368,true,
2597,get,2620,true,
2293,get,11827,true,
2526,get,4392,true,
2537,get,4124,true,
2547,get,3358,true,
2566,get,4050,true,
2421,get,8630,true,
2517,get,5180,true,
2622,get,2759,true,
2525,get,5174,true,
2617,get,2777,true,
2623,get,2765,true,
2606,get,2820,true,
2626,get,2759,true,
2533,get,5169,true,
2392,get,9618,true,
2612,get,2809,true,
2637,get,2107,true,
2592,get,3459,true,
2577,get,4061,true,
2605,get,2840,true,
2631,get,2305,true,
2530,get,5192,true,
2571,get,4093,true,
2595,get,3468,true,
2414,get,8708,true,
2586,get,3502,true,
2645,get,1933,true,
2567,get,4114,true,
2462,get,7566,true,
2540,get,4926,true,
2609,get,2843,true,
2531,get,5209,true,
2581,get,4077,true,
2644,get,1952,true,
2499,get,5327,true,
2551,get,4166,true,
2583,get,4078,true,
2415,get,8732,true,
2510,get,5280,true,
2539,get,4955,true,
2628,get,2541,true,
2527,get,5236,true,
2625,get,2818,true,
2651,get,1719,true,
2512,get,5280,true,
2515,get,5271,true,
2455,get,8125,true,
2596,get,3502,true,
2599,get,3500,true,
2643,get,1984,true,
2576,get,4119,true,
2632,get,2334,true,
2611,get,2877,true,
2432,get,8715,true,
2629,get,2385,true,
2513,get,5297,true,
2524,get,5269,true,
2536,get,4999,true,
2442,get,8701,true,
2534,get,5253,true,
2552,get,4208,true,
2666,get,879,true,
2591,get,3541,true,
2559,get,4195,true,
2553,get,4215,true,
2636,get,2208,true,
2662,get,1431,true,
2663,get,1419,true,
2664,get,1407,true,
2431,get,9267,true,
2670,get,901,true,
2677,get,951,true,
2680,get,990,true,
2688,get,1000,true,
2679,get,1533,true,
2681,get,1530,true,
2678,get,1540,true,
2708,get,1499,true,
2701,get,1836,true,
2702,get,1843,true,
2722,get,2058,true,
2728,get,2067,true,
2732,get,2063,true,
2725,get,2588,true,
2682,get,2669,true,
2523,get,7883,true,
2744,get,556,true,
2723,get,2616,true,
2511,get,7937,true,
2624,get,5476,true,
2742,get,824,true,
2729,get,2621,true,
2694,get,2692,true,
2743,get,834,true,
2495,get,8043,true,
2740,get,1194,true,
2602,get,6168,true,
2718,get,2667,true,
2555,get,6859,true,
2695,get,2722,true,
2698,get,2716,true,
2726,get,2675,true,
2711,get,2704,true,
2730,get,2166,true,
2642,get,4699,true,
2685,get,2764,true,
2667,get,3563,true,
2608,get,5615,true,
2675,get,2798,true,
2657,get,3839,true,
2707,get,2748,true,
2704,get,2755,true,
2715,get,2740,true,
2671,get,2828,true,
2658,get,3696,true,
2479,get,10047,true,
2659,get,3683,true,
2588,get,6289,true,
2703,get,2781,true,
2692,get,2806,true,
2714,get,2838,true,
2649,get,4624,true,
2684,get,2933,true,
2739,get,1418,true,
2504,get,8307,true,
2661,get,3891,true,
2734,get,2204,true,
2568,get,7155,true,
2706,get,3387,true,
2621,get,6220,true,
2627,get,6121,true,
2528,get,8626,true,
2676,get,3449,true,
2646,get,5351,true,
2603,get,6877,true,
2745,get,1295,true,
2601,get,6886,true,
2672,get,3475,true,
2635,get,5625,true,
2705,get,3420,true,
2638,get,5559,true,
2687,get,3455,true,
2610,get,6284,true,
2506,get,8732,true,
2587,get,6949,true,
2520,get,8684,true,
2689,get,3457,true,
2668,get,3520,true,
2660,get,4359,true,
2614,get,6316,true,
2683,get,3733,true,
2780,get,1425,true,
2699,get,4205,true,
2570,get,8324,true,
2785,get,1323,true,
2775,get,1457,true,
2549,get,8394,true,
2731,get,3662,true,
2620,get,7052,true,
2777,get,1465,true,
2778,get,1461,true,
2509,get,9515,true,
2773,get,1492,true,
2781,get,1465,true,
2686,get,4272,true,
2791,get,1215,true,
2615,get,7094,true,
2669,get,4337,true,
2736,get,3305,true,
2752,get,1603,true,
2735,get,3363,true,
2727,get,4221,true,
2639,get,6261,true,
2779,get,1507,true,
2737,get,3305,true,
2574,get,8392,true,
2569,get,8403,true,
2747,get,1657,true,
2652,get,6001,true,
2633,get,6586,true,
2746,get,1669,true,
2665,get,5142,true,
2618,get,7134,true,
2771,get,1557,true,
2753,get,1643,true,
2755,get,1633,true,
2521,get,9558,true,
2751,get,1660,true,
2690,get,4332,true,
2607,get,7194,true,
2691,get,4341,true,
2480,get,11583,true,
2721,get,4290,true,
2630,get,6681,true,
2673,get,4395,true,
2641,get,6316,true,
2544,get,8536,true,
2754,get,1682,true,
2720,get,4311,true,
2449,get,13005,true,
2580,get,8446,true,
2674,get,4686,true,
2634,get,6922,true,
2765,get,1923,true,
2693,get,4658,true,
2776,get,1881,true,
2750,get,2348,true,
2798,get,1630,true,
2786,get,2196,true,
2803,get,1703,true,
2748,get,2952,true,
2774,get,2832,true,
2760,get,2891,true,
2788,get,2590,true,
2696,get,5596,true,
2749,get,2960,true,
2756,get,2924,true,
2700,get,5604,true,
2741,get,4091,true,
2784,get,2749,true,
2802,get,2191,true,
2763,get,2898,true,
2782,get,2825,true,
2797,get,2291,true,
2647,get,7658,true,
2764,get,3120,true,
2865,get,1267,true,
2872,get,821,true,
2767,get,5124,true,
2842,get,3558,true,
2738,get,6357,true,
2838,get,3567,true,
2757,get,5167,true,
2762,get,5156,true,
2768,get,5125,true,
2854,get,3535,true,
2828,get,3601,true,
2807,get,4416,true,
2852,get,3556,true,
2710,get,7858,true,
2831,get,3618,true,
2823,get,3646,true,
2812,get,4406,true,
2886,get,2271,true,
2759,get,5193,true,
2856,get,3557,true,
2813,get,4413,true,
2518,get,13144,true,
2882,get,2285,true,
2808,get,4451,true,
2880,get,2288,true,
2849,get,3588,true,
2841,get,3610,true,
2877,get,2309,true,
2837,get,3622,true,
2816,get,3698,true,
2887,get,2198,true,
2870,get,2901,true,
2709,get,7890,true,
2889,get,2072,true,
2814,get,4210,true,
2787,get,4998,true,
2845,get,3609,true,
2861,get,3567,true,
2884,get,2306,true,
2888,get,2193,true,
2853,get,3593,true,
2881,get,2315,true,
2834,get,3654,true,
2796,get,4523,true,
2866,get,3283,true,
2713,get,7907,true,
2829,get,3678,true,
2851,get,3611,true,
2857,get,3592,true,
2835,get,3669,true,
2868,get,3295,true,
2820,get,3720,true,
2843,get,3648,true,
2793,get,4546,true,
2885,get,2334,true,
2855,get,3618,true,
2719,get,7915,true,
2810,get,4511,true,
2619,get,10778,true,
2839,get,3670,true,
2878,get,2363,true,
2844,get,3660,true,
2876,get,2364,true,
2879,get,2352,true,
2809,get,4522,true,
2883,get,2352,true,
2848,get,3660,true,
2697,get,7971,true,
2873,get,2834,true,
2817,get,3761,true,
2800,get,4550,true,
2867,get,3325,true,
2758,get,5286,true,
2769,get,5237,true,
2875,get,2387,true,
2824,get,3744,true,
2801,get,4560,true,
2790,get,4946,true,
2869,get,3331,true,
2827,get,3735,true,
2832,get,3723,true,
2783,get,5192,true,
2874,get,2400,true,
2811,get,4549,true,
2766,get,5266,true,
2818,get,3783,true,
2792,get,4593,true,
2806,get,4562,true,
2891,get,2072,true,
2794,get,4451,true,
2850,get,4710,true,
2909,get,1134,true,
2836,get,4775,true,
2862,get,4698,true,
2890,get,3155,true,
2833,get,4796,true,
2864,get,4710,true,
2717,get,9042,true,
2712,get,9064,true,
2716,get,9062,true,
2826,get,4847,true,
2846,get,4796,true,
2863,get,4753,true,
2871,get,4067,true,
2314,get,21120,true,
2928,get,1205,true,
2977,get,1216,true,
2923,get,1321,true,
2975,get,1645,true,
2966,get,1661,true,
2564,get,13778,true,
2910,get,1759,true,
2894,get,1800,true,
2973,get,1667,true,
2967,get,1674,true,
2971,get,1670,true,
2899,get,1797,true,
2924,get,1755,true,
2921,get,1762,true,
2970,get,1683,true,
2514,get,14934,true,
2906,get,1795,true,
2969,get,1702,true,
2600,get,13193,true,
2560,get,13880,true,
2972,get,2486,true,
2905,get,2599,true,
2961,get,2550,true,
2964,get,2556,true,
2902,get,2659,true,
2946,get,2611,true,
2963,get,2586,true,
2926,get,2648,true,
2653,get,12279,true,
2927,get,2654,true,
2655,get,12280,true,
2907,get,2691,true,
2908,get,2692,true,
2918,get,2678,true,
2573,get,14693,true,
2920,get,2683,true,
2898,get,2729,true,
2925,get,2679,true,
2648,get,12343,true,
2929,get,2675,true,
2917,get,2697,true,
2974,get,2610,true,
2896,get,2746,true,
2982,get,1558,true,
2507,get,15899,true,
2992,get,1503,true,
2901,get,2732,true,
2640,get,12597,true,
2532,get,15835,true,
2916,get,2716,true,
2598,get,14103,true,
2938,get,2681,true,
2550,get,14797,true,
2947,get,2671,true,
2944,get,2679,true,
2545,get,14826,true,
2922,get,2722,true,
2985,get,1575,true,
2962,get,2659,true,
2508,get,15926,true,
2978,get,2631,true,
2994,get,1526,true,
2616,get,13484,true,
2556,get,14805,true,
2914,get,2749,true,
2505,get,15954,true,
2604,get,13528,true,
2968,get,2672,true,
2535,get,15868,true,
2979,get,2697,true,
2897,get,3233,true,
2981,get,2086,true,
2993,get,2218,true,
2919,get,3773,true,
2733,get,11097,true,
2937,get,3762,true,
2976,get,3708,true,
3011,get,2036,true,
2563,get,15902,true,
2724,get,11745,true,
2965,get,3807,true,
2983,get,2756,true,
2959,get,3839,true,
2593,get,15315,true,
2770,get,9088,true,
2935,get,3928,true,
2956,get,3939,true,
3013,get,2418,true,
2960,get,4165,true,
2900,get,4265,true,
2991,get,3043,true,
2933,get,4216,true,
2892,get,4297,true,
2913,get,5150,true,
3049,get,2437,true,
3065,get,1981,true,
2988,get,4028,true,
3021,get,2554,true,
2955,get,5153,true,
2949,get,5168,true,
3040,get,2524,true,
3051,get,2502,true,
3074,get,1351,true,
3067,get,1815,true,
3078,get,1334,true,
3084,get,1015,true,
3034,get,2562,true,
2984,get,4107,true,
3046,get,2546,true,
3070,get,1475,true,
2825,get,8943,true,
2980,get,4155,true,
2942,get,5245,true,
3019,get,2667,true,
3035,get,3269,true,
2953,get,5914,true,
3102,get,794,true,
3030,get,3386,true,
2948,get,6022,true,
2840,get,9694,true,
3077,get,2178,true,
3089,get,923,true,
2911,get,6101,true,
2940,get,6068,true,
3108,get,807,true,
3062,get,3471,true,
3107,get,958,true,
2958,get,6196,true,
3057,get,3531,true,
3101,get,1086,true,
2912,get,6365,true,
3088,get,1222,true,
2656,get,15986,true,
2821,get,10092,true,
3106,get,1159,true,
3059,get,3737,true,
3060,get,3753,true,
2951,get,6479,true,
2997,get,5221,true,
2789,get,11486,true,
2941,get,6572,true,
3006,get,4859,true,
2804,get,11109,true,
3031,get,3959,true,
3022,get,3998,true,
2805,get,11144,true,
2565,get,18720,true,
2957,get,6631,true,
2847,get,10306,true,
3076,get,2817,true,
2893,get,6781,true,
2772,get,11895,true,
2932,get,6730,true,
2989,get,5577,true,
3071,get,2974,true,
3000,get,5046,true,
3002,get,5047,true,
3090,get,1634,true,
3053,get,4090,true,
3018,get,4204,true,
3039,get,4144,true,
3050,get,4131,true,
2930,get,6850,true,
3041,get,4174,true,
2945,get,6845,true,
3027,get,4225,true,
2915,get,6918,true,
3085,get,2687,true,
2999,get,5199,true,
2799,get,11430,true,
3029,get,4262,true,
3072,get,3139,true,
2939,get,6915,true,
2950,get,6906,true,
3086,get,2724,true,
3042,get,4253,true,
3064,get,4161,true,
3054,get,4234,true,
3066,get,3759,true,
2987,get,5817,true,
3007,get,5370,true,
3052,get,4402,true,
3079,get,3214,true,
2858,get,10705,true,
3047,get,4417,true,
3069,get,3393,true,
2943,get,7129,true,
3008,get,5404,true,
3028,get,4494,true,
2936,get,7154,true,
3083,get,2946,true,
3044,get,4486,true,
3016,get,4642,true,
3015,get,5344,true,
3032,get,5234,true,
3009,get,6156,true,
3026,get,5264,true,
2904,get,7965,true,
2986,get,6774,true,
3033,get,5250,true,
2830,get,11598,true,
2990,get,6761,true,
3045,get,5237,true,
2654,get,17562,true,
3003,get,6200,true,
3017,get,5343,true,
3001,get,6217,true,
2895,get,8018,true,
2860,get,11534,true,
2998,get,6238,true,
3075,get,4093,true,
2995,get,6758,true,
3105,get,2704,true,
2795,get,12487,true,
3096,get,2755,true,
3037,get,5292,true,
3081,get,4735,true,
3173,get,1769,true,
3149,get,1968,true,
3095,get,3514,true,
3168,get,1797,true,
3116,get,2672,true,
3115,get,2675,true,
3174,get,1781,true,
3130,get,2285,true,
3145,get,2042,true,
3162,get,1850,true,
3068,get,5008,true,
3156,get,1932,true,
2822,get,12466,true,
3134,get,2204,true,
3104,get,3536,true,
3165,get,1868,true,
3110,get,2847,true,
3097,get,3589,true,
3133,get,2275,true,
3094,get,3613,true,
2613,get,19591,true,
3093,get,3628,true,
3163,get,1907,true,
3058,get,6106,true,
3063,get,6081,true,
3100,get,3603,true,
3166,get,1910,true,
3098,get,3625,true,
3092,get,3651,true,
3187,get,1651,true,
3186,get,1677,true,
3020,get,6221,true,
3170,get,1954,true,
3129,get,2569,true,
2931,get,9026,true,
3190,get,1149,true,
2996,get,7776,true,
3148,get,3561,true,
3118,get,4216,true,
3155,get,3479,true,
3004,get,8571,true,
3195,get,2381,true,
3232,get,1505,true,
3227,get,1532,true,
3012,get,8563,true,
3025,get,7679,true,
3212,get,1614,true,
3226,get,1544,true,
3237,get,1500,true,
3158,get,3480,true,
3233,get,1519,true,
3218,get,1599,true,
3010,get,8597,true,
3231,get,1538,true,
3210,get,2381,true,
3245,get,1371,true,
3109,get,4411,true,
3230,get,1552,true,
3147,get,3631,true,
3080,get,6434,true,
3225,get,1588,true,
3240,get,1522,true,
3209,get,2406,true,
3239,get,1530,true,
3112,get,4327,true,
3005,get,8644,true,
3119,get,4292,true,
3202,get,2434,true,
3228,get,1584,true,
3099,get,5157,true,
3216,get,1653,true,
2934,get,10391,true,
3204,get,2441,true,
3206,get,2441,true,
3188,get,2500,true,
3194,get,2478,true,
3154,get,3585,true,
3203,get,2453,true,
3219,get,1656,true,
3183,get,3257,true,
3199,get,2478,true,
3024,get,7768,true,
3157,get,3568,true,
3208,get,2455,true,
3198,get,2484,true,
3205,get,2468,true,
3192,get,2505,true,
3117,get,4355,true,
3234,get,1603,true,
3201,get,2485,true,
2650,get,20074,true,
3073,get,6597,true,
3056,get,7715,true,
3036,get,7758,true,
3061,get,7709,true,
3196,get,2508,true,
3103,get,5200,true,
2952,get,10407,true,
3248,get,1374,true,
3197,get,2512,true,
2761,get,15675,true,
3144,get,3753,true,
3247,get,1397,true,
3189,get,2553,true,
3191,get,2540,true,
3159,get,3585,true,
3235,get,1630,true,
3246,get,1435,true,
3215,get,1727,true,
3127,get,4105,true,
3160,get,3586,true,
3161,get,3576,true,
3242,get,1614,true,
3207,get,2514,true,
3152,get,3687,true,
3128,get,4084,true,
3229,get,1678,true,
2903,get,10526,true,
3193,get,2561,true,
3200,get,2540,true,
2815,get,14775,true,
3223,get,2281,true,
3243,get,2192,true,
3131,get,4568,true,
2954,get,11014,true,
3014,get,9242,true,
3087,get,6827,true,
3043,get,8361,true,
3244,get,2167,true,
2819,get,14780,true,
2859,get,14661,true,
3023,get,8433,true,
3091,get,6655,true,
3150,get,5081,true,
3167,get,6101,true,
3293,get,2623,true,
3314,get,2596,true,
3329,get,2574,true,
3137,get,6446,true,
3315,get,2609,true,
3288,get,2666,true,
3305,get,2632,true,
3262,get,2737,true,
3241,get,4230,true,
3285,get,2689,true,
3217,get,4353,true,
3282,get,2701,true,
3222,get,4330,true,
3038,get,10417,true,
3213,get,4382,true,
3281,get,2716,true,
3322,get,2639,true,
3275,get,2737,true,
3055,get,10397,true,
3303,get,2679,true,
3321,get,2648,true,
3308,get,2675,true,
3259,get,2790,true,
3252,get,2818,true,
3139,get,6490,true,
3304,get,2697,true,
3278,get,2754,true,
3214,get,4410,true,
3306,get,2700,true,
3301,get,2716,true,
3299,get,2721,true,
3269,get,2788,true,
3132,get,6639,true,
3082,get,8939,true,
3297,get,2734,true,
3220,get,4409,true,
3142,get,6488,true,
3312,get,2713,true,
3330,get,2687,true,
3276,get,2791,true,
3290,get,2765,true,
3172,get,6225,true,
3318,get,2717,true,
3126,get,6837,true,
3238,get,4340,true,
3270,get,2822,true,
3211,get,4472,true,
3263,get,2843,true,
3317,get,2734,true,
3048,get,10494,true,
3224,get,4428,true,
3120,get,6996,true,
3302,get,2768,true,
3326,get,2734,true,
3261,get,2866,true,
3143,get,6525,true,
3280,get,2829,true,
3125,get,6884,true,
3283,get,2825,true,
3236,get,4382,true,
3221,get,4467,true,
3286,get,2827,true,
3284,get,2836,true,
3311,get,2787,true,
3327,get,2761,true,
3265,get,2885,true,
3331,get,2758,true,
3153,get,6440,true,
3123,get,6989,true,
3274,get,2872,true,
3320,get,2790,true,
3121,get,7032,true,
3136,get,6656,true,
3124,get,6942,true,
3258,get,2931,true,
3316,get,2808,true,
3300,get,2844,true,
3267,get,2934,true,
3292,get,2921,true,
3254,get,3108,true,
3111,get,7409,true,
3298,get,3026,true,
3289,get,3088,true,
3343,get,2460,true,
3171,get,6656,true,
3272,get,3321,true,
3325,get,3228,true,
3146,get,7109,true,
3408,get,1820,true,
3387,get,1875,true,
3333,get,3993,true,
3179,get,7926,true,
3429,get,1569,true,
3390,get,1886,true,
3338,get,4012,true,
3415,get,1827,true,
3386,get,1905,true,
3287,get,4680,true,
3319,get,4618,true,
3349,get,2025,true,
3350,get,2020,true,
3151,get,8307,true,
3266,get,4730,true,
3295,get,4671,true,
3256,get,4767,true,
3257,get,4761,true,
3307,get,4653,true,
3309,get,4651,true,
3310,get,4650,true,
3358,get,2005,true,
3249,get,4798,true,
3279,get,4720,true,
3253,get,4789,true,
3323,get,4634,true,
3385,get,1936,true,
3291,get,4695,true,
3335,get,4053,true,
3164,get,8188,true,
3264,get,4762,true,
3424,get,1817,true,
3340,get,4050,true,
3428,get,1666,true,
3122,get,8880,true,
3414,get,1875,true,
3416,get,1872,true,
3135,get,8529,true,
3413,get,1878,true,
3411,get,1886,true,
3419,get,1864,true,
3255,get,4799,true,
3399,get,1925,true,
3334,get,4106,true,
3410,get,2574,true,
3394,get,2649,true,
3384,get,2678,true,
3382,get,2684,true,
3380,get,2774,true,
3430,get,2390,true,
3260,get,5601,true,
3362,get,2846,true,
3412,get,2715,true,
3313,get,5512,true,
3268,get,5616,true,
3396,get,2798,true,
3250,get,5750,true,
3251,get,5749,true,
3404,get,2848,true,
3393,get,2884,true,
3425,get,2742,true,
3273,get,5777,true,
3374,get,3061,true,
3372,get,3149,true,
3277,get,5925,true,
3344,get,4541,true,
3169,get,9733,true,
3369,get,3551,true,
3355,get,3592,true,
3141,get,10023,true,
3383,get,3514,true,
3421,get,3805,true,
3294,get,6683,true,
3336,get,6100,true,
3389,get,3987,true,
3431,get,3571,true,
3378,get,4044,true,
3180,get,10048,true,
3271,get,6846,true,
3406,get,3993,true,
3140,get,10580,true,
3398,get,4033,true,
3432,get,3576,true,
3503,get,607,true,
3341,get,6237,true,
3423,get,4060,true,
3175,get,10239,true,
3379,get,4230,true,
3454,get,2306,true,
3367,get,4304,true,
3474,get,2320,true,
3354,get,4381,true,
3328,get,7001,true,
3347,get,4463,true,
3405,get,4302,true,
3436,get,2496,true,
3400,get,4358,true,
3487,get,1632,true,
3296,get,7187,true,
3458,get,2523,true,
3475,get,2521,true,
3381,get,4505,true,
3176,get,10573,true,
3392,get,4520,true,
3388,get,4548,true,
3506,get,666,true,
3352,get,4693,true,
3342,get,6701,true,
3476,get,2671,true,
3397,get,4616,true,
3366,get,4717,true,
3370,get,4724,true,
3395,get,4672,true,
3530,get,336,true,
3332,get,6847,true,
3435,get,2868,true,
3368,get,4816,true,
3361,get,4849,true,
3426,get,4539,true,
3356,get,4902,true,
3472,get,2895,true,
3514,get,819,true,
3522,get,668,true,
3357,get,4979,true,
3540,get,345,true,
3521,get,744,true,
3407,get,4890,true,
3533,get,526,true,
3433,get,4446,true,
3508,get,1007,true,
3500,get,1796,true,
3534,get,573,true,
3470,get,3096,true,
3348,get,5185,true,
3512,get,1056,true,
3337,get,7215,true,
3513,get,1076,true,
3346,get,5270,true,
3182,get,11175,true,
3353,get,5275,true,
3437,get,3311,true,
3538,get,671,true,
3532,get,806,true,
3524,get,987,true,
3523,get,1022,true,
3345,get,6594,true,
3427,get,5010,true,
3420,get,5210,true,
3528,get,992,true,
3364,get,5395,true,
3529,get,1005,true,
3509,get,1375,true,
3363,get,5451,true,
3439,get,3513,true,
3138,get,11968,true,
3515,get,1377,true,
3537,get,941,true,
3444,get,3566,true,
3526,get,1200,true,
3459,get,3573,true,
3434,get,4863,true,
3373,get,5572,true,
3539,get,1001,true,
3511,get,1560,true,
3531,get,1203,true,
3178,get,11667,true,
3351,get,5734,true,
3422,get,5551,true,
3360,get,5736,true,
3535,get,1205,true,
3359,get,5774,true,
3518,get,1593,true,
3450,get,3810,true,
3510,get,1738,true,
3418,get,5675,true,
3465,get,3841,true,
3517,get,1701,true,
3185,get,11822,true,
3417,get,5747,true,
3339,get,7968,true,
3391,get,5863,true,
3498,get,2779,true,
3365,get,5969,true,
3525,get,1657,true,
3184,get,11960,true,
3177,get,12018,true,
3114,get,13102,true,
3402,get,5961,true,
3113,get,13140,true,
3516,get,1975,true,
3377,get,6080,true,
3520,get,1910,true,
3403,get,6048,true,
3519,get,1968,true,
3478,get,4135,true,
3507,get,2214,true,
3443,get,4254,true,
3449,get,4263,true,
3375,get,6227,true,
3536,get,1721,true,
3527,get,1920,true,
3401,get,6361,true,
3560,get,1472,true,
3438,get,4519,true,
3483,get,3665,true,
3547,get,1727,true,
3543,get,1804,true,
3550,get,1689,true,
3447,get,4531,true,
3555,get,1610,true,
3441,get,4575,true,
3542,get,1885,true,
3497,get,3526,true,
3376,get,6587,true,
3554,get,1762,true,
3448,get,4672,true,
3482,get,3913,true,
3557,get,1740,true,
3371,get,6680,true,
3568,get,1592,true,
3479,get,4102,true,
3493,get,4683,true,
3502,get,4072,true,
3544,get,2946,true,
3558,get,2697,true,
3548,get,2883,true,
3496,get,4623,true,
3549,get,2872,true,
3442,get,5704,true,
3485,get,4848,true,
3324,get,10313,true,
3409,get,7555,true,
3477,get,5664,true,
3445,get,5717,true,
3546,get,2952,true,
3545,get,2916,true,
3658,get,737,true,
3556,get,3495,true,
3659,get,801,true,
3667,get,983,true,
3451,get,6702,true,
3668,get,1008,true,
3661,get,1045,true,
3666,get,1040,true,
3664,get,1053,true,
3660,get,1080,true,
3553,get,3894,true,
3670,get,1070,true,
3606,get,3001,true,
3646,get,2314,true,
3499,get,5950,true,
3585,get,3730,true,
3665,get,1471,true,
3669,get,1452,true,
3654,get,2431,true,
3583,get,3778,true,
3671,get,771,true,
3567,get,4058,true,
3460,get,7169,true,
3617,get,3192,true,
3440,get,7210,true,
3662,get,1511,true,
3650,get,2530,true,
3663,get,1508,true,
3657,get,1545,true,
3653,get,2716,true,
3457,get,7488,true,
3652,get,2964,true,
3594,get,4182,true,
3648,get,3130,true,
3607,get,3964,true,
3599,get,4101,true,
3674,get,1103,true,
3469,get,7765,true,
3649,get,3131,true,
3492,get,6836,true,
3651,get,3134,true,
3682,get,1016,true,
3464,get,7818,true,
3488,get,6981,true,
3672,get,2311,true,
3620,get,4708,true,
3587,get,5298,true,
3625,get,4634,true,
3624,get,4653,true,
3680,get,2025,true,
3707,get,993,true,
3453,get,8784,true,
3644,get,4257,true,
3541,get,6128,true,
3504,get,7205,true,
3571,get,5609,true,
3636,get,4332,true,
3655,get,3990,true,
3586,get,5366,true,
3679,get,2075,true,
3593,get,5257,true,
3591,get,5289,true,
3582,get,5452,true,
3595,get,5239,true,
3446,get,8850,true,
3563,get,5789,true,
3643,get,4329,true,
3588,get,5366,true,
3490,get,7954,true,
3678,get,2126,true,
3484,get,8024,true,
3489,get,7987,true,
3684,get,1987,true,
3572,get,5661,true,
3578,get,5562,true,
3619,get,4860,true,
3570,get,5707,true,
3577,get,5592,true,
3614,get,4961,true,
3575,get,5628,true,
3639,get,4401,true,
3573,get,5675,true,
3605,get,5135,true,
3480,get,8175,true,
3600,get,5238,true,
3677,get,2209,true,
3584,get,5525,true,
3565,get,5853,true,
3468,get,8940,true,
3461,get,8957,true,
3601,get,5982,true,
3627,get,5522,true,
3473,get,9667,true,
3618,get,5688,true,
3703,get,1937,true,
3675,get,3007,true,
3711,get,1911,true,
3638,get,5229,true,
3704,get,1941,true,
3673,get,3243,true,
3609,get,5884,true,
3610,get,5864,true,
3676,get,3009,true,
3683,get,2934,true,
3597,get,6102,true,
3561,get,6711,true,
3494,get,8752,true,
3612,get,5844,true,
3592,get,6184,true,
3613,get,5837,true,
3486,get,8887,true,
3629,get,5541,true,
3611,get,5871,true,
3576,get,6465,true,
3634,get,5462,true,
3753,get,969,true,
3754,get,970,true,
3733,get,1070,true,
3745,get,1042,true,
3751,get,1060,true,
3752,get,1135,true,
3719,get,1287,true,
3744,get,1249,true,
3757,get,1194,true,
3758,get,1226,true,
3759,get,1217,true,
3763,get,496,true,
3755,get,1274,true,
3728,get,2183,true,
3772,get,1275,true,
3730,get,2179,true,
3738,get,2150,true,
3790,get,1039,true,
3750,get,2106,true,
3761,get,1310,true,
3768,get,1294,true,
3723,get,2214,true,
3771,get,1288,true,
3784,get,1267,true,
3737,get,2168,true,
3766,get,1309,true,
3725,get,2221,true,
3718,get,2251,true,
3731,get,2194,true,
3765,get,1315,true,
3764,get,1330,true,
3785,get,1273,true,
3717,get,2264,true,
3767,get,1318,true,
3778,get,1737,true,
3762,get,1780,true,
3756,get,2539,true,
3735,get,2643,true,
3715,get,2734,true,
3779,get,1749,true,
3742,get,2619,true,
3780,get,1749,true,
3795,get,1328,true,
3743,get,2625,true,
3747,get,2614,true,
3776,get,1775,true,
3720,get,2727,true,
3796,get,1331,true,
3793,get,1390,true,
3798,get,1313,true,
3727,get,2712,true,
3729,get,2708,true,
3740,get,2667,true,
3783,get,1785,true,
3775,get,1802,true,
3741,get,2674,true,
3746,get,2655,true,
3736,get,2698,true,
3734,get,2709,true,
3774,get,1851,true,
3773,get,1896,true,
3792,get,2273,true,
3623,get,8231,true,
3705,get,4577,true,
3818,get,1328,true,
3732,get,3533,true,
3631,get,8132,true,
3603,get,8636,true,
3580,get,9034,true,
3791,get,2348,true,
3564,get,9324,true,
3455,get,12400,true,
3726,get,3606,true,
3466,get,12398,true,
3770,get,2706,true,
3181,get,20377,true,
3760,get,3467,true,
3801,get,1442,true,
3463,get,12433,true,
3739,get,3603,true,
3819,get,1429,true,
3782,get,2724,true,
3722,get,3692,true,
3702,get,4819,true,
3721,get,3711,true,
3716,get,3753,true,
3706,get,4730,true,
3596,get,8901,true,
3794,get,2388,true,
3452,get,12528,true,
3635,get,8230,true,
3562,get,9503,true,
3590,get,9034,true,
3805,get,1554,true,
3788,get,2658,true,
3786,get,2695,true,
3579,get,9245,true,
3809,get,1572,true,
3491,get,11629,true,
3574,get,9348,true,
3806,get,1599,true,
3781,get,2865,true,
3632,get,8363,true,
3799,get,1627,true,
3804,get,1629,true,
3787,get,2744,true,
3777,get,2910,true,
3462,get,12641,true,
3817,get,1626,true,
3622,get,8586,true,
3749,get,3773,true,
3501,get,11092,true,
3628,get,8500,true,
3566,get,9584,true,
3813,get,1676,true,
3559,get,9715,true,
3551,get,9866,true,
3681,get,5944,true,
3495,get,11739,true,
3811,get,1711,true,
3656,get,7083,true,
3589,get,9241,true,
3645,get,8199,true,
3700,get,5904,true,
3598,get,9679,true,
3812,get,2320,true,
3637,get,8859,true,
3569,get,10192,true,
3608,get,9537,true,
3602,get,9637,true,
3769,get,3654,true,
3630,get,9148,true,
3616,get,9486,true,
3642,get,8944,true,
3647,get,8840,true,
3471,get,13456,true,
3505,get,11897,true,
3581,get,10129,true,
3626,get,9353,true,
3803,get,2506,true,
3552,get,10655,true,
3621,get,9462,true,
3615,get,9574,true,
3815,get,2514,true,
3808,get,2536,true,
3807,get,2550,true,
3640,get,9059,true,
3604,get,9813,true,
3810,get,3214,true,
3467,get,14210,true,
3456,get,14288,true,
3481,get,13556,true,
3800,get,3415,true,
3848,get,2093,true,
3724,get,5822,true,
3883,get,2081,true,
3690,get,8007,true,
3852,get,2909,true,
3694,get,8103,true,
3686,get,8139,true,
3894,get,2649,true,
3891,get,2677,true,
3837,get,3790,true,
3908,get,2586,true,
3823,get,3858,true,
3821,get,3878,true,
3873,get,2840,true,
3831,get,3861,true,
3882,get,2793,true,
3866,get,2921,true,
3842,get,3849,true,
3864,get,2944,true,
3797,get,5228,true,
3846,get,3835,true,
3834,get,3941,true,
3822,get,4019,true,
3713,get,7684,true,
3816,get,4508,true,
3830,get,4063,true,
3879,get,3039,true,
3897,get,2931,true,
3836,get,4087,true,
3710,get,7832,true,
3714,get,7793,true,
3692,get,8467,true,
3887,get,3046,true,
3693,get,8522,true,
3876,get,3164,true,
3641,get,11222,true,
3862,get,3329,true,
3874,get,3270,true,
3857,get,3426,true,
3696,get,8652,true,
3880,get,3317,true,
3826,get,4419,true,
3699,get,8719,true,
3900,get,3278,true,
3867,get,3518,true,
3695,get,8850,true,
3861,get,3643,true,
3881,get,3560,true,
3820,get,4715,true,
3902,get,3499,true,
3845,get,4725,true,
3892,get,3752,true,
3905,get,3684,true,
3899,get,3887,true,
3701,get,9113,true,
3841,get,5093,true,
3840,get,5222,true,
3833,get,5695,true,
3903,get,4497,true,
3906,get,4481,true,
3878,get,4671,true,
3889,get,4600,true,
3697,get,10034,true,
3928,get,3703,true,
3927,get,3706,true,
3934,get,3000,true,
3938,get,2820,true,
3935,get,3004,true,
3901,get,4533,true,
3858,get,4829,true,
3915,get,3881,true,
3847,get,4915,true,
3980,get,1341,true,
3838,get,5723,true,
3952,get,1895,true,
3886,get,4646,true,
3832,get,5746,true,
3904,get,4528,true,
3917,get,3888,true,
3937,get,2955,true,
3960,get,1804,true,
3860,get,4836,true,
3895,get,4597,true,
3856,get,4869,true,
3884,get,4676,true,
3863,get,4824,true,
3936,get,2975,true,
3859,get,4857,true,
3871,get,4767,true,
3898,get,4617,true,
3865,get,5034,true,
3827,get,6004,true,
3869,get,5027,true,
3870,get,5018,true,
3691,get,10387,true,
3843,get,6077,true,
3825,get,6406,true,
4026,get,631,true,
3868,get,5499,true,
3994,get,1378,true,
3824,get,6544,true,
3689,get,10881,true,
3888,get,5447,true,
3708,get,10313,true,
3907,get,5382,true,
3814,get,7108,true,
3748,get,9253,true,
3633,get,13886,true,
3940,get,3542,true,
3688,get,11021,true,
3949,get,2880,true,
3950,get,2891,true,
4001,get,1741,true,
3885,get,6474,true,
4028,get,1770,true,
3910,get,5733,true,
4044,get,950,true,
3872,get,6580,true,
3998,get,1866,true,
3999,get,1869,true,
3854,get,6718,true,
3922,get,5606,true,
3685,get,11943,true,
3698,get,11914,true,
4011,get,1861,true,
3913,get,5758,true,
4000,get,1894,true,
4022,get,1855,true,
4045,get,976,true,
3957,get,3732,true,
4018,get,1869,true,
4015,get,1874,true,
3916,get,5764,true,
3956,get,3751,true,
4035,get,1246,true,
4034,get,1523,true,
4014,get,1890,true,
3709,get,11361,true,
3974,get,3422,true,
3993,get,2550,true,
4025,get,1893,true,
3990,get,2764,true,
3932,get,5602,true,
3835,get,7653,true,
3829,get,7674,true,
4016,get,1915,true,
4027,get,1907,true,
4007,get,1942,true,
3961,get,3689,true,
4013,get,1930,true,
3968,get,3561,true,
3945,get,3890,true,
3992,get,2616,true,
3988,get,2989,true,
3855,get,6811,true,
3850,get,6845,true,
4006,get,1966,true,
3958,get,3792,true,
3931,get,5656,true,
3789,get,9293,true,
3853,get,6839,true,
3965,get,3626,true,
3877,get,6682,true,
3911,get,5887,true,
3893,get,6580,true,
3929,get,5698,true,
3851,get,6875,true,
3981,get,3314,true,
3970,get,3596,true,
3844,get,7702,true,
3989,get,2947,true,
3921,get,5772,true,
4008,get,2014,true,
3946,get,3955,true,
4020,get,2001,true,
3987,get,3078,true,
4003,get,2035,true,
4021,get,2009,true,
3712,get,11472,true,
3802,get,8275,true,
3991,get,2870,true,
3995,get,2525,true,
3896,get,6615,true,
3939,get,4864,true,
4004,get,2067,true,
4119,get,784,true,
4048,get,1884,true,
4050,get,1837,true,
4036,get,2166,true,
4118,get,791,true,
3914,get,6719,true,
3964,get,4523,true,
4023,get,2830,true,
3839,get,8567,true,
4017,get,2843,true,
3996,get,2892,true,
4029,get,2608,true,
4010,get,2863,true,
4030,get,2612,true,
3963,get,4578,true,
3966,get,4513,true,
4038,get,2111,true,
4032,get,2610,true,
4012,get,2869,true,
3944,get,4835,true,
4037,get,2094,true,
4039,get,2040,true,
4031,get,3591,true,
4084,get,1930,true,
4009,get,3864,true,
4047,get,2961,true,
4123,get,1833,true,
4072,get,2018,true,
4002,get,3961,true,
4064,get,2091,true,
4070,get,939,true,
4049,get,3041,true,
4067,get,2219,true,
4080,get,2388,true,
4046,get,3439,true,
4093,get,2552,true,
3923,get,8290,true,
4113,get,2521,true,
4073,get,2663,true,
4076,get,2685,true,
4069,get,2758,true,
4040,get,3855,true,
3971,get,6295,true,
3912,get,8626,true,
3919,get,8567,true,
4120,get,2743,true,
4092,get,2894,true,
4005,get,4869,true,
4042,get,4086,true,
4107,get,2963,true,
4106,get,2981,true,
3997,get,5015,true,
4128,get,2166,true,
4156,get,931,true,
4019,get,5022,true,
3972,get,6592,true,
4150,get,1188,true,
3951,get,6999,true,
4057,get,3307,true,
4147,get,1317,true,
4060,get,3337,true,
4059,get,3371,true,
4062,get,3378,true,
3973,get,6782,true,
4132,get,2417,true,
4121,get,3243,true,
4160,get,756,true,
4087,get,4463,true,
4182,get,1249,true,
3909,get,10307,true,
4148,get,2538,true,
4178,get,1374,true,
4176,get,1430,true,
4173,get,1476,true,
3875,get,11170,true,
3984,get,7671,true,
4171,get,1614,true,
4041,get,5664,true,
3942,get,8557,true,
4189,get,1228,true,
4063,get,4659,true,
4170,get,1687,true,
4136,get,3680,true,
3985,get,7724,true,
3926,get,10298,true,
3982,get,7850,true,
4130,get,3748,true,
4134,get,3743,true,
3983,get,7867,true,
3976,get,8071,true,
4162,get,2073,true,
4051,get,4920,true,
4129,get,3822,true,
3975,get,8150,true,
3687,get,16766,true,
3967,get,8331,true,
4168,get,1923,true,
4098,get,4743,true,
3947,get,8654,true,
4125,get,3957,true,
4085,get,4863,true,
3986,get,7917,true,
4172,get,1863,true,
4043,get,5931,true,
3918,get,10616,true,
4083,get,4900,true,
4058,get,4980,true,
3941,get,9415,true,
4127,get,4016,true,
3962,get,8572,true,
4144,get,3957,true,
3948,get,8785,true,
4159,get,2344,true,
3933,get,10536,true,
4114,get,4842,true,
4138,get,3998,true,
4105,get,4883,true,
3978,get,8276,true,
3953,get,8754,true,
4078,get,4967,true,
4167,get,2162,true,
4131,get,4039,true,
4149,get,3015,true,
4169,get,2111,true,
3890,get,11514,true,
4133,get,4044,true,
3979,get,8272,true,
4052,get,5082,true,
3849,get,11809,true,
4164,get,2273,true,
4145,get,3117,true,
4137,get,4057,true,
4158,get,2573,true,
4135,get,4071,true,
4166,get,2227,true,
4181,get,1833,true,
4165,get,2280,true,
4126,get,4119,true,
3828,get,12694,true,
4091,get,5000,true,
4102,get,4974,true,
3977,get,8374,true,
3930,get,10659,true,
4033,get,6641,true,
4153,get,3012,true,
4116,get,4945,true,
4053,get,5145,true,
4141,get,4104,true,
4157,get,2676,true,
4056,get,5141,true,
3925,get,10727,true,
3954,get,8866,true,
3959,get,8783,true,
3969,get,8597,true,
4122,get,4958,true,
3920,get,10845,true,
4055,get,6226,true,
4104,get,6072,true,
4140,get,5185,true,
4074,get,6163,true,
4075,get,6184,true,
4146,get,4228,true,
4054,get,6254,true,
4188,get,2824,true,
4068,get,6216,true,
4117,get,6067,true,
4099,get,6128,true,
4061,get,6246,true,
4101,get,6127,true,
4089,get,6160,true,
4108,get,6108,true,
4177,get,3092,true,
4112,get,6103,true,
4100,get,6142,true,
4066,get,6249,true,
4139,get,5255,true,
4081,get,6214,true,
4088,get,6193,true,
3943,get,10107,true,
4094,get,6184,true,
4079,get,6226,true,
4183,get,2976,true,
4179,get,3104,true,
4065,get,6281,true,
4086,get,6227,true,
4096,get,6197,true,
4103,get,6178,true,
4184,get,2983,true,
4090,get,6228,true,
4082,get,6251,true,
4095,get,6224,true,
4152,get,4241,true,
4111,get,6180,true,
4115,get,6174,true,
4142,get,5329,true,
4161,get,4102,true,
4154,get,4661,true,
4163,get,4070,true,
4277,get,1691,true,
4279,get,2437,true,
4097,get,7718,true,
4210,get,3094,true,
4124,get,6936,true,
4248,get,2887,true,
4259,get,2967,true,
4218,get,3314,true,
4255,get,3110,true,
4207,get,3530,true,
4194,get,3786,true,
4234,get,3577,true,
4192,get,4032,true,
4206,get,3899,true,
4208,get,3884,true,
4195,get,4054,true,
4215,get,3953,true,
4204,get,4075,true,
4274,get,4395,true,
4203,get,4863,true,
4143,get,8511,true,
4196,get,4952,true,
4229,get,4574,true,
4205,get,4863,true,
4228,get,4582,true,
4237,get,4548,true,
4244,get,4528,true,
4231,get,4575,true,
4336,get,955,true,
4327,get,1632,true,
4242,get,4543,true,
4265,get,4470,true,
4271,get,4451,true,
4263,get,4482,true,
4254,get,4510,true,
4270,get,4461,true,
4328,get,1536,true,
4250,get,4537,true,
4235,get,4588,true,
4266,get,4493,true,
4227,get,4644,true,
4247,get,4559,true,
4209,get,4865,true,
4264,get,4508,true,
4193,get,5056,true,
4260,get,4528,true,
4269,get,4497,true,
4268,get,4506,true,
4236,get,4621,true,
4197,get,5027,true,
4325,get,1786,true,
4224,get,4689,true,
4217,get,4806,true,
4243,get,4607,true,
4249,get,4591,true,
4219,get,4794,true,
4191,get,5099,true,
4233,get,4657,true,
4212,get,4883,true,
4200,get,5022,true,
4201,get,5012,true,
4240,get,4640,true,
4211,get,4905,true,
4262,get,4574,true,
4245,get,4633,true,
4241,get,4651,true,
4258,get,4593,true,
4324,get,1843,true,
4329,get,1526,true,
4252,get,4623,true,
4332,get,1339,true,
4256,get,4613,true,
4321,get,2885,true,
4216,get,4875,true,
4225,get,4744,true,
4320,get,2897,true,
4199,get,5083,true,
4246,get,4670,true,
4267,get,4599,true,
4239,get,4695,true,
4230,get,4740,true,
4198,get,5111,true,
4326,get,1812,true,
4223,get,4792,true,
4261,get,4634,true,
4257,get,4657,true,
4311,get,3411,true,
4389,get,1540,true,
4390,get,1536,true,
4276,get,6085,true,
4370,get,1594,true,
4394,get,1545,true,
4282,get,5030,true,
4024,get,13072,true,
4292,get,4996,true,
4380,get,1598,true,
4307,get,4952,true,
4400,get,1545,true,
4387,get,1589,true,
4348,get,1702,true,
4382,get,1604,true,
4381,get,1609,true,
4345,get,1718,true,
4407,get,1541,true,
4310,get,4962,true,
4350,get,1709,true,
4398,get,1580,true,
4312,get,4962,true,
4222,get,6394,true,
4318,get,4934,true,
4396,get,1597,true,
4386,get,1625,true,
4355,get,1719,true,
4354,get,1722,true,
4383,get,1647,true,
4349,get,1745,true,
4299,get,5031,true,
4278,get,6161,true,
4313,get,4993,true,
4392,get,1632,true,
4296,get,5053,true,
4330,get,3141,true,
4295,get,5062,true,
4379,get,1679,true,
4151,get,9270,true,
4213,get,6554,true,
4346,get,1783,true,
4187,get,7953,true,
4202,get,6685,true,
4297,get,5076,true,
4344,get,1801,true,
4342,get,1815,true,
4341,get,1819,true,
4110,get,11201,true,
4317,get,5018,true,
4221,get,6490,true,
4272,get,6236,true,
4337,get,2738,true,
4385,get,1705,true,
4322,get,4538,true,
4388,get,1702,true,
4347,get,1821,true,
4352,get,1814,true,
4273,get,6254,true,
4308,get,5077,true,
4339,get,2632,true,
4340,get,1861,true,
4397,get,1697,true,
4286,get,5169,true,
4356,get,1821,true,
4408,get,1673,true,
4288,get,5171,true,
4214,get,6624,true,
4220,get,6557,true,
4333,get,2841,true,
4343,get,1879,true,
4185,get,8056,true,
4351,get,1858,true,
4251,get,6370,true,
4174,get,8308,true,
4334,get,2848,true,
4186,get,8053,true,
4338,get,2685,true,
3924,get,17037,true,
4323,get,3785,true,
4253,get,6383,true,
4232,get,6457,true,
4238,get,6441,true,
4109,get,11301,true,
4331,get,3208,true,
4319,get,4663,true,
4175,get,8326,true,
4335,get,2870,true,
4155,get,9338,true,
3955,get,15241,true,
4309,get,5242,true,
4406,get,2269,true,
4287,get,5754,true,
4372,get,2368,true,
4393,get,2311,true,
4395,get,2307,true,
4391,get,2318,true,
4077,get,11950,true,
4071,get,11991,true,
4403,get,2499,true,
4401,get,2531,true,
4377,get,2611,true,
4497,get,1144,true,
4425,get,1480,true,
4226,get,7800,true,
4180,get,9530,true,
4405,get,3041,true,
4384,get,3105,true,
4291,get,6519,true,
4301,get,6499,true,
4306,get,6479,true,
4487,get,1392,true,
4371,get,3230,true,
4461,get,1503,true,
4470,get,1527,true,
4302,get,6651,true,
4275,get,7831,true,
4305,get,6715,true,
4190,get,9599,true,
4418,get,1807,true,
4402,get,3430,true,
4281,get,7975,true,
4483,get,2748,true,
4527,get,1058,true,
4472,get,2799,true,
4500,get,2218,true,
4509,get,1516,true,
4514,get,1460,true,
4517,get,1458,true,
4283,get,8029,true,
4284,get,8015,true,
4511,get,1493,true,
4399,get,4540,true,
4518,get,1418,true,
4502,get,2258,true,
4416,get,3010,true,
4513,get,1503,true,
4293,get,8017,true,
4427,get,3003,true,
4303,get,7990,true,
4512,get,1533,true,
4358,get,4703,true,
4456,get,2940,true,
4506,get,2080,true,
4485,get,2863,true,
4314,get,7982,true,
4375,get,4677,true,
4294,get,8067,true,
4521,get,1400,true,
4491,get,2883,true,
4471,get,2937,true,
4289,get,8105,true,
4492,get,2897,true,
4523,get,1388,true,
4465,get,2977,true,
4431,get,3082,true,
4486,get,2931,true,
4280,get,8171,true,
4373,get,4754,true,
4524,get,1376,true,
4411,get,3168,true,
4368,get,4781,true,
4501,get,2402,true,
4507,get,2160,true,
4473,get,2993,true,
4493,get,2954,true,
4469,get,3019,true,
4421,get,3156,true,
4430,get,3137,true,
4503,get,2425,true,
4488,get,2985,true,
4363,get,4843,true,
4516,get,1676,true,
4474,get,3058,true,
4426,get,3209,true,
4481,get,3067,true,
4429,get,3219,true,
4475,get,3091,true,
4526,get,1471,true,
4489,get,3081,true,
4357,get,4961,true,
4366,get,4936,true,
4504,get,2546,true,
4362,get,4957,true,
4353,get,4986,true,
4496,get,3039,true,
4428,get,3283,true,
4316,get,8233,true,
4522,get,1633,true,
4499,get,2577,true,
4285,get,8351,true,
4508,get,2327,true,
4494,get,3112,true,
4290,get,8339,true,
4423,get,3351,true,
4298,get,8349,true,
4304,get,8352,true,
4404,get,6199,true,
4567,get,1527,true,
4530,get,1739,true,
4315,get,9622,true,
4300,get,9682,true,
4594,get,1393,true,
4490,get,4520,true,
4413,get,4742,true,
4519,get,3125,true,
4369,get,6362,true,
4364,get,6389,true,
4367,get,6381,true,
4525,get,2960,true,
4410,get,4781,true,
4460,get,4634,true,
4409,get,4794,true,
4458,get,4653,true,
4455,get,4664,true,
4479,get,4603,true,
4457,get,4678,true,
4424,get,4768,true,
4420,get,4792,true,
4443,get,4739,true,
4454,get,4711,true,
4468,get,4681,true,
4532,get,1863,true,
4583,get,1574,true,
4566,get,1690,true,
4482,get,4659,true,
4378,get,6449,true,
4467,get,4709,true,
4477,get,4681,true,
4361,get,6502,true,
4374,get,6473,true,
4476,get,4694,true,
4505,get,4089,true,
4478,get,4685,true,
4453,get,4772,true,
4359,get,6534,true,
4515,get,3353,true,
4412,get,4901,true,
4498,get,4132,true,
4495,get,4635,true,
4480,get,4709,true,
4360,get,6549,true,
4510,get,3386,true,
4376,get,6503,true,
4560,get,1843,true,
4572,get,1852,true,
4422,get,5092,true,
4603,get,2276,true,
4595,get,2348,true,
4568,get,2537,true,
4417,get,5688,true,
4569,get,2537,true,
4558,get,2592,true,
4419,get,5687,true,
4545,get,2668,true,
4559,get,2600,true,
4573,get,2537,true,
4561,get,2600,true,
4459,get,5595,true,
4463,get,5587,true,
4588,get,2494,true,
4464,get,5676,true,
4608,get,2322,true,
4598,get,3699,true,
4537,get,4037,true,
4638,get,2173,true,
4535,get,4043,true,
4446,get,6963,true,
4575,get,3882,true,
4593,get,3742,true,
4619,get,2301,true,
4610,get,2342,true,
4365,get,8704,true,
4643,get,2193,true,
4414,get,7083,true,
4543,get,4058,true,
4662,get,1378,true,
4645,get,2205,true,
4641,get,2214,true,
4648,get,2197,true,
4613,get,2353,true,
4624,get,2299,true,
4611,get,2364,true,
4586,get,3816,true,
4616,get,2351,true,
4541,get,4096,true,
4651,get,2153,true,
4606,get,2412,true,
4649,get,2218,true,
4607,get,2406,true,
4625,get,2312,true,
4587,get,3827,true,
4436,get,7067,true,
4637,get,2264,true,
4621,get,2354,true,
4636,get,2275,true,
4604,get,2459,true,
4632,get,2297,true,
4484,get,6950,true,
4612,get,2409,true,
4640,get,2279,true,
4646,get,2257,true,
4661,get,1451,true,
4634,get,2300,true,
4452,get,7052,true,
4590,get,3851,true,
4631,get,2328,true,
4584,get,3904,true,
4442,get,7093,true,
4555,get,4085,true,
4650,get,2278,true,
4647,get,2284,true,
4435,get,7125,true,
4544,get,4159,true,
4639,get,2319,true,
4635,get,2331,true,
4601,get,3822,true,
4600,get,3854,true,
4438,get,7135,true,
4440,get,7126,true,
4629,get,2368,true,
4591,get,3887,true,
4432,get,7157,true,
4437,get,7146,true,
4547,get,4170,true,
4609,get,2500,true,
4652,get,2198,true,
4451,get,7121,true,
4618,get,2465,true,
4644,get,2347,true,
4615,get,2479,true,
4630,get,2395,true,
4642,get,2357,true,
4580,get,4009,true,
4534,get,4258,true,
4433,get,7196,true,
4434,get,7199,true,
4633,get,2400,true,
4538,get,4248,true,
4605,get,2576,true,
4653,get,2148,true,
4617,get,3424,true,
4585,get,4894,true,
4445,get,8099,true,
4576,get,5022,true,
4620,get,3431,true,
4626,get,3394,true,
4531,get,5256,true,
4520,get,6586,true,
4578,get,5025,true,
4627,get,3403,true,
4540,get,5215,true,
4663,get,2524,true,
4528,get,5293,true,
4623,get,3445,true,
4546,get,5208,true,
4579,get,5035,true,
4556,get,5158,true,
4548,get,5203,true,
4628,get,3423,true,
4449,get,8162,true,
4622,get,3477,true,
4466,get,8126,true,
4533,get,5297,true,
4657,get,2580,true,
4658,get,2581,true,
4746,get,1786,true,
4664,get,3354,true,
4542,get,6064,true,
4565,get,5941,true,
4706,get,1950,true,
4667,get,3299,true,
4665,get,3400,true,
4690,get,3173,true,
4681,get,3200,true,
4441,get,10208,true,
4684,get,3192,true,
4682,get,3202,true,
4773,get,1244,true,
4717,get,3119,true,
4415,get,10305,true,
4688,get,3201,true,
4732,get,3082,true,
4707,get,3155,true,
4777,get,1209,true,
4778,get,1217,true,
4709,get,3161,true,
4655,get,4641,true,
4539,get,7317,true,
4669,get,3284,true,
4680,get,3247,true,
4730,get,3111,true,
4462,get,10195,true,
4766,get,2074,true,
4448,get,10238,true,
4597,get,6997,true,
4776,get,1254,true,
4779,get,1220,true,
4582,get,7090,true,
4699,get,3213,true,
4742,get,3092,true,
4750,get,2162,true,
4774,get,1275,true,
4552,get,7281,true,
4577,get,7169,true,
4564,get,7222,true,
4529,get,7416,true,
4678,get,3289,true,
4719,get,3175,true,
4444,get,10282,true,
4536,get,7372,true,
4740,get,3126,true,
4739,get,3131,true,
4725,get,3170,true,
4557,get,7276,true,
4666,get,4656,true,
4553,get,7308,true,
4672,get,3334,true,
4550,get,7322,true,
4562,get,7257,true,
4756,get,2156,true,
4775,get,1305,true,
4551,get,7326,true,
4686,get,3295,true,
4563,get,7261,true,
4734,get,3165,true,
4581,get,7153,true,
4596,get,7067,true,
4554,get,7317,true,
4656,get,4707,true,
4673,get,3350,true,
4708,get,3246,true,
4733,get,3180,true,
4614,get,5658,true,
4689,get,3300,true,
4589,get,7104,true,
4570,get,7252,true,
4602,get,7036,true,
4768,get,2148,true,
4549,get,7355,true,
4450,get,10314,true,
4731,get,3191,true,
4599,get,7075,true,
4592,get,7099,true,
4439,get,10353,true,
4679,get,3345,true,
4447,get,10334,true,
4703,get,3280,true,
4716,get,3247,true,
4574,get,7255,true,
4693,get,3317,true,
4670,get,3645,true,
4735,get,4329,true,
4849,get,1153,true,
4741,get,4324,true,
4744,get,4318,true,
4677,get,4505,true,
4835,get,1190,true,
4718,get,4408,true,
4851,get,1171,true,
4738,get,4357,true,
4854,get,1173,true,
4714,get,4431,true,
4697,get,4476,true,
4821,get,1233,true,
4660,get,5908,true,
4747,get,4304,true,
4743,get,4357,true,
4711,get,4446,true,
4685,get,4521,true,
4571,get,8455,true,
4827,get,1238,true,
4704,get,4477,true,
4654,get,5948,true,
4700,get,4493,true,
4659,get,5928,true,
4855,get,2735,true,
4840,get,2754,true,
4850,get,2743,true,
4858,get,2474,true,
4857,get,2755,true,
4809,get,2838,true,
4881,get,1685,true,
4795,get,2988,true,
4674,get,6254,true,
4668,get,7506,true,
4790,get,3017,true,
4745,get,6069,true,
4804,get,2996,true,
4801,get,3078,true,
4759,get,5205,true,
4876,get,1889,true,
4872,get,2185,true,
4722,get,6632,true,
4799,get,3509,true,
4763,get,5594,true,
4793,get,3532,true,
4841,get,3455,true,
4837,get,3471,true,
4760,get,5637,true,
4884,get,722,true,
4842,get,3535,true,
4885,get,792,true,
4886,get,800,true,
4798,get,3854,true,
4826,get,3814,true,
4762,get,5971,true,
4791,get,4778,true,
4828,get,4722,true,
4749,get,6936,true,
4816,get,4766,true,
4911,get,963,true,
4844,get,4740,true,
4696,get,8042,true,
4830,get,4785,true,
4782,get,4902,true,
4812,get,4839,true,
4838,get,4807,true,
4803,get,4908,true,
4810,get,4909,true,
4853,get,4846,true,
4784,get,4991,true,
4671,get,8250,true,
4692,get,8190,true,
4825,get,4934,true,
4723,get,8130,true,
4701,get,8208,true,
4829,get,4967,true,
4843,get,4953,true,
4769,get,7107,true,
4786,get,5090,true,
4695,get,8280,true,
4852,get,4989,true,
4724,get,8222,true,
4781,get,5148,true,
4698,get,8314,true,
4814,get,5094,true,
4811,get,5110,true,
4820,get,5106,true,
4805,get,5146,true,
4715,get,8330,true,
4912,get,1313,true,
4807,get,5177,true,
4845,get,5122,true,
4767,get,7295,true,
4836,get,5156,true,
4808,get,5215,true,
4683,get,8491,true,
4710,get,8434,true,
4913,get,1388,true,
4765,get,7363,true,
4728,get,8407,true,
4890,get,2315,true,
4794,get,5310,true,
4694,get,8521,true,
4815,get,5278,true,
4787,get,5347,true,
4893,get,2328,true,
4771,get,7386,true,
4713,get,8497,true,
4806,get,5328,true,
4817,get,5316,true,
4721,get,8508,true,
4702,get,8571,true,
4736,get,8488,true,
4770,get,7468,true,
4729,get,8554,true,
4691,get,8660,true,
4797,get,5451,true,
4737,get,8554,true,
4727,get,8583,true,
4720,get,9106,true,
4802,get,5959,true,
4914,get,1220,true,
4824,get,5931,true,
4920,get,1155,true,
4902,get,2480,true,
4785,get,6038,true,
4915,get,1224,true,
4918,get,1317,true,
4895,get,3142,true,
4676,get,9448,true,
4898,get,3028,true,
4922,get,1370,true,
4877,get,4957,true,
4834,get,6207,true,
4687,get,9529,true,
4889,get,3329,true,
4894,get,3318,true,
4887,get,3456,true,
4919,get,1493,true,
4833,get,6257,true,
4761,get,8418,true,
4916,get,1537,true,
4783,get,6377,true,
4923,get,1470,true,
4839,get,6270,true,
4906,get,2812,true,
4856,get,6257,true,
4792,get,6376,true,
4813,get,6340,true,
4847,get,6288,true,
4819,get,6339,true,
4712,get,9549,true,
4780,get,6433,true,
4891,get,3407,true,
4675,get,9664,true,
4726,get,9528,true,
4788,get,6435,true,
4800,get,6413,true,
4823,get,6366,true,
4818,get,6406,true,
4927,get,1506,true,
4924,get,1567,true,
4883,get,3617,true,
4896,get,3369,true,
4936,get,1408,true,
4888,get,3603,true,
4930,get,1487,true,
4928,get,1512,true,
4917,get,1695,true,
4931,get,1592,true,
4764,get,8676,true,
4926,get,1684,true,
4831,get,6561,true,
4932,get,1631,true,
4925,get,1725,true,
4921,get,1814,true,
4789,get,6699,true,
4748,get,8836,true,
4939,get,1611,true,
4772,get,8752,true,
4937,get,1744,true,
4938,get,1853,true,
4934,get,1927,true,
4965,get,1804,true,
4972,get,1755,true,
4959,get,1887,true,
4960,get,1908,true,
4952,get,2001,true,
4963,get,1939,true,
4904,get,3749,true,
4956,get,2026,true,
4964,get,1998,true,
4940,get,2540,true,
4949,get,2466,true,
4899,get,4229,true,
4947,get,2545,true,
4979,get,1837,true,
4978,get,1867,true,
4907,get,4324,true,
4955,get,2619,true,
4754,get,10010,true,
4705,get,11090,true,
4757,get,10016,true,
4822,get,7881,true,
4966,get,2594,true,
4753,get,10060,true,
4988,get,1761,true,
4832,get,7893,true,
4848,get,7885,true,
4755,get,10090,true,
4943,get,2859,true,
4987,get,1839,true,
4976,get,2540,true,
4908,get,4387,true,
4981,get,2021,true,
4909,get,4377,true,
4948,get,2828,true,
4989,get,1807,true,
4897,get,4904,true,
4974,get,2572,true,
4999,get,1691,true,
4900,get,4523,true,
4985,get,2020,true,
4942,get,2914,true,
4892,get,5038,true,
4984,get,2033,true,
4935,get,2999,true,
4933,get,3022,true,
4996,get,1723,true,
4941,get,2937,true,
4993,get,1745,true,
4970,get,2670,true,
4969,get,2682,true,
4967,get,2707,true,
4929,get,3091,true,
4905,get,4511,true,
4950,get,2853,true,
4946,get,2903,true,
4903,get,4544,true,
4982,get,2075,true,
4983,get,2074,true,
4986,get,1931,true,
4995,get,1757,true,
4990,get,1845,true,
4961,get,2767,true,
4944,get,2938,true,
4968,get,2722,true,
4977,get,2622,true,
4992,get,1807,true,
4975,get,2635,true,
4973,get,2653,true,
4962,get,2780,true,
4957,get,2806,true,
4971,get,2701,true,
4901,get,4586,true,
4910,get,4455,true,
4953,get,2865,true,
4958,get,2818,true,
4991,get,1859,true,
4951,get,2882,true,
4997,get,1790,true,
4994,get,1798,true,
4954,get,2859,true,
4945,get,2964,true,
4980,get,2142,true,
4998,get,1843,true,
4796,get,8197,true,
4860,get,6964,true,
4758,get,10321,true,
4859,get,7031,true,
4863,get,7028,true,
4879,get,7039,true,
4861,get,7132,true,
4864,get,7116,true,
4874,get,7201,true,
4870,get,7222,true,
4751,get,10622,true,
4865,get,7325,true,
4752,get,10732,true,
4878,get,7419,true,
4873,get,7452,true,
4869,get,7477,true,
4871,get,7479,true,
4875,get,7511,true,
4880,get,7566,true,
4868,get,7611,true,
4867,get,7681,true,
4882,get,7669,true,
4862,get,7793,true,
4866,get,8063,true,
4846,get,9306,true,
