index,op,latency_us,ok,error
15,get,3703,true,
14,get,3842,true,
28,get,2574,true,
16,get,4119,true,
27,get,2929,true,
23,get,3102,true,
12,get,4564,true,
1,get,5152,true,
0,get,5255,true,
4,get,4961,true,
24,get,3389,true,
9,get,4930,true,
2,get,5269,true,
8,get,5222,true,
29,get,3767,true,
11,get,6087,true,
20,get,5553,true,
26,get,5421,true,
30,get,5821,true,
22,get,6191,true,
17,get,6969,true,
5,get,8038,true,
123,get,1444,true,
113,get,2323,true,
115,get,3459,true,
119,get,3323,true,
116,get,4146,true,
110,get,5331,true,
109,get,5701,true,
114,get,5025,true,
112,get,5251,true,
126,get,3306,true,
129,get,1168,true,
128,get,1897,true,
127,get,2656,true,
111,get,6675,true,
137,get,3060,true,
122,get,9042,true,
125,get,8080,true,
130,get,6012,true,
132,get,6479,true,
131,get,6746,true,
133,get,7054,true,
135,get,9979,true,
140,get,6004,true,
134,get,10034,true,
139,get,6222,true,
138,get,10074,true,
141,get,6299,true,
51,get,19640,true,
142,get,5560,true,
107,get,17766,true,
45,get,19884,true,
136,get,11028,true,
58,get,19579,true,
95,get,19107,true,
60,get,19786,true,
97,get,19179,true,
62,get,20032,true,
77,get,19792,true,
102,get,19125,true,
46,get,20606,true,
88,get,19783,true,
65,get,20273,true,
10,get,24738,true,
52,get,20574,true,
42,get,20907,true,
57,get,20537,true,
143,get,7411,true,
3,get,26875,true,
148,get,3925,true,
96,get,22380,true,
170,get,2905,true,
173,get,2893,true,
144,get,8515,true,
147,get,4827,true,
145,get,8242,true,
174,get,2995,true,
121,get,20038,true,
89,get,22969,true,
86,get,23168,true,
162,get,3828,true,
177,get,3338,true,
175,get,3717,true,
31,get,25965,true,
160,get,4630,true,
172,get,4125,true,
163,get,4732,true,
161,get,5339,true,
7,get,29776,true,
179,get,5043,true,
25,get,28530,true,
6,get,30270,true,
100,get,25128,true,
124,get,22151,true,
99,get,25238,true,
55,get,26351,true,
13,get,32307,true,
103,get,27447,true,
93,get,28182,true,
82,get,28462,true,
74,get,29288,true,
165,get,9504,true,
73,get,29498,true,
87,get,29490,true,
84,get,29611,true,
40,get,30544,true,
166,get,9918,true,
50,get,32349,true,
150,get,12847,true,
158,get,12853,true,
206,get,9197,true,
169,get,12349,true,
157,get,13140,true,
190,get,10913,true,
181,get,12253,true,
201,get,9843,true,
167,get,12672,true,
208,get,9566,true,
155,get,13459,true,
195,get,10723,true,
67,get,33070,true,
75,get,32980,true,
159,get,13627,true,
101,get,32516,true,
108,get,31835,true,
19,get,36821,true,
193,get,11526,true,
188,get,12467,true,
199,get,11267,true,
104,get,32479,true,
205,get,10856,true,
118,get,30996,true,
21,get,37338,true,
106,get,32850,true,
39,get,35307,true,
98,get,34075,true,
85,get,34458,true,
32,get,36141,true,
41,get,35692,true,
35,get,35936,true,
18,get,38693,true,
49,get,35749,true,
33,get,36465,true,
37,get,36447,true,
241,get,9906,true,
91,get,35321,true,
214,get,12075,true,
34,get,36730,true,
235,get,10717,true,
47,get,36515,true,
227,get,11332,true,
212,get,12588,true,
153,get,16751,true,
92,get,35746,true,
184,get,15574,true,
72,get,36269,true,
224,get,11953,true,
80,get,36231,true,
117,get,33461,true,
44,get,37238,true,
61,get,36953,true,
78,get,36667,true,
43,get,37545,true,
71,get,37121,true,
38,get,38064,true,
53,get,37637,true,
56,get,37690,true,
59,get,37641,true,
63,get,37716,true,
83,get,37459,true,
240,get,12028,true,
36,get,38714,true,
204,get,14883,true,
81,get,37769,true,
198,get,15685,true,
79,get,37950,true,
242,get,12329,true,
69,get,38299,true,
187,get,17271,true,
54,get,38686,true,
94,get,38077,true,
219,get,14497,true,
76,get,38529,true,
239,get,13100,true,
66,get,38856,true,
256,get,8920,true,
216,get,15039,true,
64,get,39029,true,
221,get,14731,true,
68,get,39080,true,
70,get,39070,true,
186,get,18113,true,
196,get,16913,true,
105,get,37766,true,
243,get,13148,true,
90,get,38853,true,
228,get,14507,true,
259,get,7041,true,
48,get,39873,true,
229,get,14551,true,
254,get,12928,true,
146,get,24473,true,
218,get,18832,true,
151,get,23557,true,
220,get,18746,true,
234,get,17719,true,
304,get,6674,true,
305,get,6648,true,
211,get,19590,true,
217,get,19075,true,
223,get,18697,true,
180,get,22625,true,
210,get,19795,true,
194,get,20971,true,
233,get,17988,true,
176,get,22831,true,
178,get,22770,true,
253,get,13270,true,
222,get,18811,true,
154,get,23811,true,
209,get,19893,true,
252,get,13638,true,
290,get,7934,true,
268,get,10386,true,
197,get,20810,true,
183,get,22645,true,
120,get,40108,true,
182,get,22713,true,
152,get,23969,true,
156,get,23898,true,
238,get,17725,true,
213,get,19697,true,
302,get,7229,true,
295,get,7610,true,
289,get,8241,true,
207,get,20151,true,
245,get,14940,true,
149,get,24993,true,
203,get,20379,true,
303,get,7227,true,
236,get,17990,true,
226,get,18788,true,
164,get,23496,true,
237,get,17966,true,
296,get,7689,true,
251,get,13962,true,
189,get,21799,true,
192,get,21649,true,
230,get,18681,true,
247,get,14958,true,
171,get,23452,true,
191,get,21809,true,
215,get,20054,true,
261,get,12427,true,
291,get,9597,true,
270,get,11937,true,
328,get,6647,true,
271,get,11890,true,
249,get,16281,true,
308,get,8474,true,
274,get,11607,true,
250,get,15694,true,
200,get,22360,true,
264,get,12334,true,
266,get,12231,true,
168,get,25355,true,
185,get,24848,true,
355,get,2892,true,
352,get,2969,true,
281,get,11679,true,
357,get,2905,true,
225,get,21248,true,
258,get,13766,true,
299,get,9821,true,
337,get,6890,true,
311,get,8990,true,
292,get,10323,true,
283,get,11491,true,
354,get,3042,true,
345,get,6678,true,
248,get,17252,true,
353,get,4396,true,
410,get,2990,true,
403,get,4257,true,
343,get,9692,true,
402,get,5287,true,
301,get,12924,true,
275,get,15452,true,
408,get,4083,true,
401,get,5474,true,
342,get,9975,true,
400,get,5567,true,
363,get,6113,true,
398,get,5678,true,
359,get,6418,true,
306,get,12980,true,
244,get,21506,true,
371,get,6264,true,
358,get,6477,true,
319,get,11714,true,
356,get,6559,true,
273,get,16215,true,
393,get,6051,true,
350,get,10057,true,
415,get,4409,true,
351,get,6713,true,
372,get,6354,true,
397,get,6032,true,
386,get,6206,true,
335,get,10673,true,
336,get,10676,true,
399,get,5977,true,
366,get,6455,true,
383,get,6274,true,
389,get,6224,true,
267,get,16834,true,
390,get,6258,true,
405,get,6632,true,
288,get,16524,true,
411,get,6593,true,
387,get,8275,true,
406,get,6660,true,
364,get,8544,true,
388,get,8304,true,
349,get,12303,true,
341,get,12604,true,
368,get,8563,true,
276,get,18085,true,
344,get,12507,true,
404,get,6813,true,
279,get,17832,true,
413,get,6694,true,
370,get,8623,true,
348,get,12473,true,
409,get,6798,true,
376,get,8549,true,
433,get,3789,true,
414,get,6747,true,
435,get,2936,true,
434,get,3778,true,
407,get,7151,true,
432,get,4900,true,
375,get,8881,true,
361,get,9106,true,
263,get,19472,true,
309,get,15477,true,
262,get,19687,true,
380,get,8961,true,
382,get,8945,true,
394,get,8855,true,
360,get,9324,true,
369,get,9800,true,
232,get,27956,true,
385,get,9614,true,
362,get,9876,true,
338,get,14003,true,
392,get,9568,true,
378,get,9707,true,
391,get,9599,true,
384,get,9666,true,
367,get,9886,true,
373,get,9822,true,
374,get,9796,true,
326,get,14781,true,
438,get,3986,true,
340,get,13969,true,
381,get,10309,true,
257,get,21605,true,
396,get,10148,true,
307,get,17154,true,
365,get,10499,true,
379,get,10327,true,
395,get,10191,true,
377,get,10395,true,
475,get,3000,true,
503,get,4630,true,
511,get,4578,true,
514,get,4575,true,
419,get,11789,true,
508,get,4596,true,
430,get,11668,true,
515,get,4563,true,
318,get,20000,true,
449,get,8204,true,
293,get,21937,true,
329,get,19228,true,
504,get,4680,true,
513,get,4642,true,
465,get,8059,true,
457,get,8115,true,
499,get,5292,true,
522,get,4018,true,
510,get,4647,true,
447,get,8263,true,
479,get,5939,true,
498,get,5328,true,
524,get,4027,true,
459,get,8143,true,
418,get,11898,true,
452,get,8226,true,
442,get,8537,true,
441,get,8575,true,
486,get,5909,true,
416,get,12237,true,
485,get,5913,true,
506,get,4738,true,
496,get,5433,true,
460,get,8170,true,
450,get,8281,true,
202,get,34748,true,
500,get,4808,true,
497,get,5433,true,
269,get,24798,true,
315,get,20398,true,
489,get,5907,true,
327,get,19461,true,
423,get,11918,true,
472,get,6122,true,
467,get,8115,true,
492,get,5559,true,
282,get,23486,true,
507,get,4788,true,
468,get,6204,true,
502,get,4825,true,
512,get,4772,true,
495,get,5523,true,
491,get,5599,true,
482,get,6035,true,
451,get,8332,true,
463,get,8225,true,
484,get,6024,true,
461,get,8252,true,
523,get,4162,true,
456,get,8275,true,
272,get,24633,true,
426,get,11968,true,
255,get,27924,true,
519,get,4218,true,
525,get,3150,true,
444,get,8586,true,
518,get,4224,true,
469,get,6234,true,
429,get,11966,true,
521,get,4234,true,
454,get,8355,true,
316,get,20396,true,
285,get,23147,true,
516,get,4259,true,
333,get,19102,true,
297,get,21993,true,
455,get,8364,true,
509,get,4874,true,
440,get,8786,true,
310,get,21055,true,
431,get,11955,true,
422,get,12058,true,
421,get,12084,true,
265,get,25128,true,
505,get,4939,true,
324,get,19777,true,
483,get,6136,true,
464,get,8320,true,
280,get,23951,true,
494,get,5662,true,
458,get,8381,true,
481,get,6175,true,
471,get,6308,true,
412,get,12884,true,
466,get,8319,true,
453,get,8475,true,
517,get,4341,true,
501,get,5000,true,
332,get,19274,true,
286,get,23205,true,
294,get,22242,true,
277,get,24184,true,
520,get,4363,true,
320,get,20138,true,
490,get,6127,true,
446,get,8597,true,
476,get,6300,true,
287,get,23052,true,
424,get,12161,true,
317,get,20513,true,
334,get,19209,true,
231,get,33031,true,
493,get,5779,true,
278,get,24125,true,
445,get,8642,true,
462,get,8019,true,
246,get,29619,true,
298,get,22580,true,
532,get,3130,true,
321,get,22854,true,
314,get,23399,true,
300,get,24725,true,
322,get,22806,true,
480,get,9028,true,
323,get,22768,true,
528,get,6908,true,
596,get,6644,true,
550,get,6814,true,
529,get,6920,true,
527,get,6965,true,
585,get,6746,true,
581,get,6771,true,
609,get,6671,true,
534,get,6960,true,
573,get,6827,true,
610,get,6693,true,
590,get,6776,true,
571,get,6858,true,
547,get,6955,true,
594,get,6787,true,
548,get,6957,true,
632,get,6662,true,
611,get,6746,true,
443,get,15452,true,
582,get,6853,true,
560,get,6933,true,
554,get,6977,true,
578,get,6895,true,
533,get,7064,true,
537,get,7053,true,
630,get,6710,true,
530,get,7109,true,
535,get,7074,true,
572,get,6942,true,
589,get,6888,true,
539,get,7068,true,
574,get,6947,true,
544,get,7057,true,
567,get,6983,true,
619,get,6790,true,
640,get,6709,true,
541,get,7078,true,
588,get,6909,true,
597,get,6884,true,
622,get,6800,true,
604,get,6867,true,
551,get,7057,true,
531,get,7161,true,
608,get,6865,true,
593,get,6921,true,
579,get,6974,true,
623,get,6812,true,
570,get,7008,true,
634,get,6774,true,
641,get,6717,true,
644,get,4045,true,
526,get,7203,true,
428,get,18918,true,
580,get,6992,true,
540,get,7139,true,
260,get,32454,true,
633,get,6804,true,
599,get,6934,true,
647,get,4049,true,
577,get,7017,true,
637,get,6808,true,
621,get,6869,true,
605,get,6932,true,
603,get,6940,true,
649,get,4048,true,
543,get,7153,true,
624,get,6864,true,
617,get,6901,true,
598,get,6974,true,
636,get,6831,true,
562,get,7112,true,
600,get,6975,true,
587,get,7023,true,
620,get,6901,true,
645,get,4111,true,
346,get,25601,true,
569,get,7095,true,
602,get,6985,true,
565,get,7128,true,
552,get,7167,true,
635,get,6865,true,
566,get,7121,true,
615,get,6944,true,
576,get,7092,true,
561,get,7148,true,
626,get,6917,true,
646,get,4172,true,
606,get,7036,true,
627,get,7320,true,
659,get,861,true,
425,get,20960,true,
601,get,8923,true,
612,get,8891,true,
680,get,2101,true,
660,get,2225,true,
674,get,2140,true,
330,get,28302,true,
284,get,32187,true,
671,get,2153,true,
613,get,8932,true,
739,get,1388,true,
557,get,9141,true,
618,get,8924,true,
417,get,21083,true,
663,get,2233,true,
347,get,27598,true,
559,get,9152,true,
669,get,2218,true,
592,get,9044,true,
628,get,8916,true,
331,get,28296,true,
614,get,8983,true,
658,get,2316,true,
616,get,8983,true,
568,get,9176,true,
689,get,2180,true,
691,get,2174,true,
664,get,2306,true,
339,get,28048,true,
651,get,4211,true,
656,get,4140,true,
767,get,1770,true,
448,get,19291,true,
747,get,1881,true,
555,get,11009,true,
749,get,1872,true,
729,get,3851,true,
556,get,11027,true,
703,get,3946,true,
312,get,31749,true,
673,get,4059,true,
720,get,3902,true,
437,get,19767,true,
436,get,19806,true,
470,get,17138,true,
687,get,4021,true,
427,get,22901,true,
766,get,1831,true,
748,get,1926,true,
675,get,4077,true,
584,get,10962,true,
723,get,3925,true,
684,get,4042,true,
558,get,11060,true,
420,get,22987,true,
690,get,4038,true,
764,get,1861,true,
313,get,31651,true,
439,get,19733,true,
642,get,10222,true,
737,get,3870,true,
474,get,17132,true,
650,get,4303,true,
325,get,30660,true,
759,get,1913,true,
477,get,17122,true,
751,get,1961,true,
657,get,4237,true,
676,get,4115,true,
487,get,17011,true,
478,get,17101,true,
765,get,1895,true,
685,get,4091,true,
473,get,17181,true,
639,get,10817,true,
488,get,17017,true,
677,get,4136,true,
743,get,2030,true,
553,get,11181,true,
735,get,4583,true,
701,get,4848,true,
706,get,5542,true,
694,get,6223,true,
782,get,2234,true,
795,get,2222,true,
752,get,4171,true,
731,get,6167,true,
753,get,4293,true,
702,get,6652,true,
705,get,6667,true,
698,get,6703,true,
718,get,6708,true,
563,get,13826,true,
742,get,4770,true,
755,get,4730,true,
750,get,4778,true,
713,get,6837,true,
819,get,2202,true,
804,get,2884,true,
722,get,6872,true,
821,get,1809,true,
807,get,3337,true,
811,get,3333,true,
808,get,3345,true,
813,get,3341,true,
709,get,7368,true,
762,get,5273,true,
776,get,3722,true,
757,get,5605,true,
648,get,11738,true,
631,get,14540,true,
629,get,14586,true,
595,get,14718,true,
727,get,7713,true,
542,get,14930,true,
815,get,3762,true,
538,get,14952,true,
661,get,7997,true,
728,get,8944,true,
812,get,4985,true,
781,get,5066,true,
714,get,8996,true,
809,get,4999,true,
783,get,5062,true,
721,get,8983,true,
683,get,9096,true,
814,get,4999,true,
823,get,2844,true,
736,get,8917,true,
806,get,5024,true,
704,get,9051,true,
856,get,1240,true,
575,get,16069,true,
708,get,9042,true,
707,get,9051,true,
775,get,5133,true,
845,get,1678,true,
834,get,2250,true,
843,get,1698,true,
803,get,5058,true,
699,get,9087,true,
840,get,1714,true,
638,get,15852,true,
688,get,9124,true,
794,get,5081,true,
801,get,5067,true,
672,get,9186,true,
717,get,9044,true,
734,get,8998,true,
846,get,1700,true,
607,get,15987,true,
693,get,9128,true,
847,get,1447,true,
643,get,13159,true,
763,get,6983,true,
777,get,5159,true,
710,get,9090,true,
810,get,5089,true,
625,get,15946,true,
711,get,9095,true,
761,get,7014,true,
667,get,9264,true,
849,get,1421,true,
790,get,5151,true,
724,get,9076,true,
654,get,9374,true,
855,get,1336,true,
681,get,9215,true,
791,get,5167,true,
697,get,9169,true,
854,get,1351,true,
586,get,16131,true,
774,get,5234,true,
848,get,1466,true,
719,get,9121,true,
818,get,5075,true,
732,get,9093,true,
546,get,16296,true,
725,get,9114,true,
740,get,7172,true,
738,get,8676,true,
851,get,1410,true,
695,get,9218,true,
768,get,6949,true,
798,get,5198,true,
666,get,9339,true,
850,get,1468,true,
670,get,9224,true,
652,get,9718,true,
744,get,7412,true,
549,get,16616,true,
712,get,9551,true,
730,get,9558,true,
653,get,9916,true,
857,get,1873,true,
756,get,7663,true,
696,get,9878,true,
826,get,3654,true,
793,get,5968,true,
741,get,8017,true,
787,get,6063,true,
799,get,6105,true,
805,get,6146,true,
800,get,6224,true,
686,get,10298,true,
933,get,643,true,
831,get,3546,true,
825,get,4151,true,
726,get,10346,true,
796,get,6440,true,
700,get,11466,true,
914,get,2592,true,
830,get,5074,true,
665,get,11906,true,
868,get,2721,true,
942,get,1612,true,
852,get,4002,true,
678,get,11869,true,
692,get,11825,true,
872,get,2737,true,
883,get,2720,true,
838,get,4900,true,
925,get,2606,true,
926,get,2607,true,
916,get,2644,true,
837,get,4940,true,
758,get,9730,true,
892,get,2723,true,
778,get,7885,true,
885,get,2755,true,
858,get,2816,true,
859,get,2822,true,
662,get,12009,true,
921,get,2659,true,
906,get,2708,true,
668,get,11990,true,
679,get,11933,true,
655,get,12098,true,
853,get,4082,true,
924,get,2672,true,
779,get,7925,true,
927,get,2639,true,
915,get,2703,true,
784,get,7909,true,
789,get,7905,true,
873,get,2829,true,
844,get,4508,true,
887,get,2802,true,
827,get,5521,true,
817,get,7836,true,
788,get,7925,true,
822,get,5704,true,
682,get,11966,true,
564,get,18961,true,
797,get,7910,true,
771,get,7989,true,
746,get,9868,true,
786,get,7945,true,
715,get,11885,true,
754,get,9849,true,
716,get,11890,true,
591,get,18888,true,
770,get,8007,true,
792,get,7941,true,
802,get,7919,true,
893,get,2887,true,
836,get,5196,true,
922,get,3805,true,
909,get,3846,true,
867,get,3975,true,
769,get,9160,true,
939,get,3058,true,
932,get,3459,true,
949,get,2659,true,
888,get,4027,true,
785,get,9156,true,
943,get,2895,true,
901,get,4008,true,
913,get,3975,true,
948,get,2729,true,
929,get,3691,true,
912,get,3988,true,
876,get,4119,true,
894,get,4083,true,
920,get,4024,true,
944,get,2968,true,
923,get,4060,true,
931,get,3699,true,
940,get,3251,true,
918,get,4115,true,
772,get,9382,true,
870,get,4265,true,
874,get,4273,true,
862,get,4322,true,
828,get,6712,true,
816,get,9332,true,
899,get,4275,true,
866,get,4385,true,
946,get,3140,true,
875,get,4392,true,
881,get,4407,true,
842,get,6127,true,
947,get,3115,true,
905,get,4386,true,
880,get,4480,true,
879,get,4515,true,
902,get,4463,true,
891,get,4501,true,
841,get,6257,true,
935,get,3900,true,
877,get,4607,true,
895,get,4571,true,
824,get,7468,true,
820,get,8846,true,
865,get,4658,true,
900,get,4623,true,
583,get,20745,true,
904,get,4632,true,
897,get,4675,true,
832,get,7033,true,
930,get,4315,true,
936,get,3993,true,
884,get,4774,true,
896,get,4745,true,
745,get,11853,true,
898,get,4799,true,
941,get,3824,true,
938,get,4001,true,
903,get,4850,true,
928,get,4570,true,
908,get,4862,true,
945,get,3761,true,
970,get,3710,true,
861,get,6522,true,
1002,get,3620,true,
1012,get,2478,true,
863,get,6560,true,
989,get,3690,true,
878,get,6531,true,
860,get,6578,true,
1028,get,2326,true,
829,get,8949,true,
1003,get,3696,true,
886,get,6548,true,
917,get,6463,true,
833,get,8857,true,
1011,get,2568,true,
1029,get,2361,true,
910,get,6511,true,
1010,get,2590,true,
976,get,3820,true,
1065,get,1767,true,
1025,get,2479,true,
1022,get,2517,true,
995,get,3794,true,
986,get,3818,true,
1049,get,2059,true,
1064,get,1846,true,
990,get,4019,true,
1046,get,2342,true,
958,get,4145,true,
1055,get,2392,true,
1066,get,2228,true,
960,get,4668,true,
982,get,4588,true,
839,get,9540,true,
1019,get,3328,true,
1063,get,2616,true,
1006,get,4424,true,
1007,get,3487,true,
937,get,6583,true,
864,get,7462,true,
999,get,4574,true,
981,get,4659,true,
1013,get,3433,true,
1021,get,3382,true,
993,get,4647,true,
988,get,4751,true,
1052,get,2969,true,
1017,get,3611,true,
1101,get,825,true,
1050,get,3295,true,
1045,get,3393,true,
1058,get,3198,true,
1030,get,3688,true,
954,get,5230,true,
1061,get,3162,true,
1099,get,1073,true,
1091,get,1322,true,
997,get,5103,true,
1102,get,866,true,
1069,get,3026,true,
1100,get,1094,true,
961,get,5657,true,
1024,get,4255,true,
959,get,5670,true,
967,get,5657,true,
979,get,5611,true,
1000,get,5560,true,
1016,get,4371,true,
962,get,5690,true,
835,get,10660,true,
1018,get,4361,true,
968,get,5669,true,
998,get,5589,true,
973,get,5661,true,
966,get,5688,true,
1023,get,4327,true,
969,get,5682,true,
1041,get,4025,true,
972,get,5676,true,
977,get,5661,true,
911,get,8371,true,
1026,get,4270,true,
780,get,14574,true,
953,get,6765,true,
1110,get,2046,true,
1134,get,1082,true,
871,get,9495,true,
1140,get,1061,true,
1126,get,1549,true,
773,get,14636,true,
1128,get,1554,true,
1103,get,2104,true,
1152,get,1052,true,
1153,get,1051,true,
1150,get,1060,true,
1143,get,1090,true,
1145,get,1084,true,
1068,get,4631,true,
1111,get,2115,true,
951,get,6857,true,
1060,get,4793,true,
1009,get,5606,true,
1119,get,1885,true,
536,get,25797,true,
1059,get,4834,true,
1122,get,1664,true,
1149,get,1126,true,
1115,get,2121,true,
952,get,6896,true,
1109,get,2173,true,
1107,get,2190,true,
987,get,6782,true,
1118,get,2013,true,
1121,get,1709,true,
1124,get,1688,true,
957,get,6898,true,
950,get,7232,true,
1067,get,4735,true,
1130,get,1679,true,
1117,get,2074,true,
1127,get,1715,true,
1120,get,1774,true,
992,get,6837,true,
934,get,9056,true,
1051,get,5074,true,
1057,get,4984,true,
955,get,6981,true,
971,get,6918,true,
1133,get,1301,true,
1151,get,1250,true,
1081,get,3150,true,
1116,get,2222,true,
1129,get,1769,true,
1047,get,5187,true,
1131,get,1762,true,
1135,get,1334,true,
1054,get,5103,true,
1123,get,1818,true,
980,get,6940,true,
975,get,6954,true,
1056,get,5058,true,
996,get,6913,true,
1104,get,2365,true,
1106,get,2366,true,
907,get,9690,true,
994,get,6939,true,
1113,get,2316,true,
1071,get,4800,true,
1048,get,5240,true,
1114,get,2329,true,
1112,get,2366,true,
919,get,9694,true,
1105,get,2407,true,
733,get,18798,true,
1132,get,1849,true,
1008,get,5885,true,
545,get,26015,true,
890,get,9808,true,
1125,get,1901,true,
956,get,7511,true,
869,get,10248,true,
1108,get,2813,true,
991,get,7405,true,
978,get,7444,true,
1137,get,2568,true,
1169,get,1448,true,
889,get,10983,true,
1167,get,1480,true,
963,get,8271,true,
965,get,8265,true,
1155,get,1563,true,
1146,get,2588,true,
1032,get,6766,true,
1001,get,8178,true,
1138,get,2632,true,
1141,get,2620,true,
1148,get,2611,true,
1136,get,2654,true,
1139,get,2643,true,
1070,get,6139,true,
1014,get,7042,true,
1144,get,2657,true,
984,get,8286,true,
1142,get,2673,true,
1031,get,6868,true,
1004,get,8261,true,
974,get,8346,true,
983,get,8332,true,
1147,get,3027,true,
1162,get,2009,true,
1159,get,2023,true,
1160,get,2030,true,
1178,get,1950,true,
1191,get,2717,true,
1213,get,2606,true,
985,get,9547,true,
1192,get,2706,true,
1189,get,2739,true,
1226,get,2548,true,
1154,get,2907,true,
1175,get,2799,true,
1179,get,2777,true,
1005,get,9464,true,
1199,get,2690,true,
1062,get,7603,true,
882,get,12383,true,
1158,get,2911,true,
964,get,9643,true,
1182,get,3164,true,
1200,get,3099,true,
1214,get,3044,true,
1184,get,3228,true,
1193,get,3172,true,
1166,get,3335,true,
1204,get,3138,true,
1183,get,3266,true,
1210,get,3159,true,
1216,get,3135,true,
1171,get,3354,true,
1074,get,6400,true,
1211,get,3169,true,
1044,get,8441,true,
1181,get,3335,true,
1187,get,3309,true,
1264,get,1422,true,
1172,get,3414,true,
760,get,19945,true,
1170,get,3442,true,
1072,get,6540,true,
1196,get,3354,true,
1053,get,8561,true,
1233,get,3027,true,
1186,get,3712,true,
1228,get,3508,true,
1036,get,9013,true,
1205,get,3700,true,
1168,get,3908,true,
1190,get,3897,true,
1230,get,3731,true,
1084,get,7574,true,
1209,get,4407,true,
1195,get,4477,true,
1073,get,7657,true,
1165,get,4641,true,
1078,get,7630,true,
1263,get,2644,true,
1180,get,4579,true,
1239,get,3169,true,
1212,get,4427,true,
1079,get,7635,true,
1194,get,4509,true,
1176,get,4613,true,
1164,get,4670,true,
1082,get,7626,true,
1177,get,4613,true,
1235,get,3950,true,
1038,get,9827,true,
1174,get,4635,true,
1163,get,4699,true,
1157,get,4724,true,
1188,get,4581,true,
1173,get,4646,true,
1161,get,4716,true,
1156,get,4747,true,
1020,get,10144,true,
1229,get,4530,true,
1238,get,3948,true,
1244,get,3920,true,
1076,get,8432,true,
1223,get,5149,true,
1297,get,1992,true,
1281,get,2167,true,
1294,get,2039,true,
1280,get,2204,true,
1252,get,3883,true,
1097,get,8296,true,
1291,get,2071,true,
1282,get,2171,true,
1220,get,5190,true,
1266,get,2618,true,
1096,get,8312,true,
1292,get,2073,true,
1203,get,5280,true,
1043,get,10540,true,
1037,get,10635,true,
1274,get,2609,true,
1241,get,3977,true,
1202,get,5291,true,
1301,get,1961,true,
1295,get,2070,true,
1201,get,5297,true,
1285,get,2157,true,
1306,get,1666,true,
1299,get,2020,true,
1218,get,5230,true,
1219,get,5232,true,
1271,get,2647,true,
1098,get,8166,true,
1248,get,3958,true,
1286,get,2162,true,
1094,get,8383,true,
1293,get,2097,true,
1208,get,5294,true,
1267,get,2666,true,
1215,get,5268,true,
1185,get,5423,true,
1302,get,1850,true,
1255,get,3939,true,
1253,get,3858,true,
1249,get,3981,true,
1015,get,11006,true,
1296,get,2114,true,
1027,get,10858,true,
1224,get,5280,true,
1287,get,2230,true,
1242,get,4078,true,
1256,get,4724,true,
1307,get,2420,true,
1095,get,9197,true,
1234,get,5602,true,
1207,get,6112,true,
1225,get,6047,true,
1257,get,4718,true,
1075,get,9340,true,
1279,get,3468,true,
1240,get,4855,true,
1254,get,4768,true,
1033,get,11591,true,
1324,get,1691,true,
1221,get,6086,true,
1089,get,9269,true,
1090,get,9266,true,
1326,get,1692,true,
1198,get,6194,true,
1217,get,6108,true,
1308,get,2458,true,
1289,get,2990,true,
1276,get,3506,true,
1298,get,2912,true,
1035,get,11587,true,
1288,get,2999,true,
1300,get,2881,true,
1303,get,2647,true,
1206,get,6180,true,
1261,get,4396,true,
1272,get,3543,true,
1290,get,3009,true,
1092,get,9285,true,
1237,get,4935,true,
1379,get,3916,true,
1385,get,3876,true,
1384,get,3893,true,
1393,get,3102,true,
1394,get,3100,true,
1401,get,3081,true,
1088,get,12369,true,
1361,get,3960,true,
1258,get,7848,true,
1368,get,3968,true,
1354,get,3995,true,
1402,get,3104,true,
1275,get,6611,true,
1039,get,14622,true,
1040,get,14596,true,
1382,get,3948,true,
1262,get,7498,true,
1344,get,4045,true,
1093,get,12376,true,
1338,get,4061,true,
1374,get,3990,true,
1409,get,3123,true,
1305,get,5689,true,
1034,get,14730,true,
1353,get,4036,true,
1407,get,3137,true,
1085,get,12450,true,
1304,get,5708,true,
1355,get,4041,true,
1359,get,4036,true,
1380,get,3992,true,
1362,get,4033,true,
1348,get,4059,true,
1314,get,4888,true,
1077,get,12512,true,
1087,get,12451,true,
1346,get,4079,true,
1405,get,3165,true,
1269,get,6689,true,
1327,get,4861,true,
1369,get,4040,true,
1277,get,6667,true,
1334,get,4851,true,
1390,get,3220,true,
1366,get,4058,true,
1278,get,6679,true,
1375,get,4043,true,
1330,get,4872,true,
1345,get,4104,true,
1352,get,4092,true,
1357,get,4085,true,
1284,get,6240,true,
1408,get,3191,true,
1350,get,4111,true,
1358,get,4096,true,
1333,get,4890,true,
1222,get,9298,true,
1411,get,3196,true,
1083,get,12535,true,
1372,get,4085,true,
1342,get,4147,true,
1317,get,4946,true,
1335,get,4900,true,
1245,get,8078,true,
1412,get,3213,true,
1080,get,12578,true,
1386,get,4028,true,
1403,get,3244,true,
1313,get,4977,true,
1397,get,3262,true,
1315,get,4983,true,
1360,get,4145,true,
1312,get,4998,true,
1227,get,9331,true,
1388,get,3308,true,
1376,get,4117,true,
1268,get,6794,true,
1395,get,3302,true,
1343,get,4200,true,
1260,get,7691,true,
1316,get,5002,true,
1042,get,14727,true,
1336,get,4951,true,
1378,get,4136,true,
1381,get,4124,true,
1396,get,3312,true,
1310,get,5611,true,
1347,get,4206,true,
1321,get,5002,true,
1283,get,6353,true,
1392,get,3327,true,
1413,get,3281,true,
1337,get,4827,true,
1351,get,4204,true,
1270,get,6822,true,
1319,get,5016,true,
1325,get,5004,true,
1265,get,6827,true,
1309,get,5660,true,
1373,get,4176,true,
1243,get,8168,true,
1086,get,12616,true,
1370,get,4183,true,
1383,get,4135,true,
1339,get,4249,true,
1320,get,5025,true,
1311,get,5059,true,
1323,get,5025,true,
1377,get,4173,true,
1231,get,8986,true,
1417,get,3297,true,
1328,get,5018,true,
1246,get,8169,true,
1273,get,6847,true,
1404,get,3337,true,
1247,get,8171,true,
1318,get,5053,true,
1371,get,4203,true,
1232,get,8996,true,
1398,get,3356,true,
1197,get,9545,true,
1414,get,3323,true,
1332,get,5031,true,
1322,get,5054,true,
1400,get,3359,true,
1391,get,3386,true,
1365,get,4228,true,
1364,get,4232,true,
1331,get,5050,true,
1356,get,4263,true,
1416,get,3535,true,
1341,get,4510,true,
1236,get,8544,true,
1329,get,5417,true,
1543,get,2344,true,
1539,get,2353,true,
1440,get,2563,true,
1479,get,2473,true,
1422,get,2615,true,
1450,get,2543,true,
1550,get,2331,true,
1494,get,2453,true,
1468,get,2527,true,
1488,get,2473,true,
1472,get,2519,true,
1435,get,2593,true,
1546,get,2373,true,
1533,get,2395,true,
1516,get,2422,true,
1530,get,2403,true,
1553,get,2087,true,
1498,get,2453,true,
1250,get,10554,true,
1492,get,2480,true,
1387,get,6523,true,
1496,get,2475,true,
1259,get,10488,true,
1535,get,2408,true,
1495,get,2486,true,
1510,get,2451,true,
1493,get,2490,true,
1548,get,2398,true,
1499,get,2475,true,
1438,get,2635,true,
1486,get,2529,true,
1534,get,2448,true,
1525,get,2465,true,
1515,get,2414,true,
1389,get,5837,true,
1542,get,2449,true,
1544,get,2450,true,
1399,get,5814,true,
1500,get,2526,true,
1541,get,2463,true,
1418,get,5780,true,
1528,get,2488,true,
1454,get,2537,true,
1509,get,2515,true,
1431,get,2717,true,
1547,get,2465,true,
1490,get,2574,true,
1481,get,2597,true,
1458,get,2655,true,
1512,get,2525,true,
1513,get,2528,true,
1420,get,5786,true,
1545,get,2479,true,
1251,get,10636,true,
1507,get,2543,true,
1508,get,2544,true,
1474,get,2633,true,
1536,get,2503,true,
1517,get,2534,true,
1427,get,2754,true,
1511,get,2544,true,
1503,get,2563,true,
1473,get,2651,true,
1501,get,2571,true,
1523,get,2535,true,
1518,get,2548,true,
1415,get,5834,true,
1419,get,5827,true,
1462,get,2686,true,
1464,get,2685,true,
1349,get,6769,true,
1526,get,2543,true,
1340,get,6797,true,
1506,get,2576,true,
1505,get,2577,true,
1424,get,2791,true,
1504,get,2585,true,
1538,get,2537,true,
1554,get,2143,true,
1502,get,2594,true,
1520,get,2564,true,
1448,get,2728,true,
1406,get,5878,true,
1552,get,2299,true,
1514,get,2582,true,
1367,get,6760,true,
1524,get,2571,true,
1410,get,5877,true,
1532,get,2560,true,
1521,get,2580,true,
1421,get,2816,true,
1527,get,2573,true,
1363,get,6777,true,
1460,get,2729,true,
1459,get,2729,true,
1457,get,2739,true,
1551,get,2345,true,
1428,get,2818,true,
1497,get,2635,true,
1531,get,2584,true,
1433,get,2797,true,
1522,get,2596,true,
1537,get,2573,true,
1519,get,2604,true,
1423,get,2840,true,
1540,get,2578,true,
1456,get,2761,true,
1426,get,2867,true,
1425,get,2957,true,
1455,get,3250,true,
1467,get,3247,true,
1466,get,3252,true,
1470,get,3264,true,
1453,get,3302,true,
1471,get,3268,true,
1469,get,3295,true,
1529,get,3167,true,
1449,get,3359,true,
1549,get,3145,true,
1463,get,3342,true,
1482,get,4254,true,
1578,get,1737,true,
1444,get,4343,true,
1432,get,4382,true,
1441,get,4350,true,
1485,get,4257,true,
1429,get,4402,true,
1465,get,4316,true,
1484,get,4270,true,
1487,get,4259,true,
1477,get,4292,true,
1436,get,4404,true,
1596,get,1922,true,
1603,get,2194,true,
1443,get,4902,true,
1671,get,1561,true,
1480,get,4998,true,
1451,get,5177,true,
1588,get,2598,true,
1626,get,3279,true,
1573,get,3433,true,
1577,get,3442,true,
1604,get,3370,true,
1693,get,817,true,
1683,get,1718,true,
1670,get,2743,true,
1651,get,3335,true,
1585,get,3479,true,
1605,get,3433,true,
1434,get,6152,true,
1560,get,3612,true,
1628,get,3454,true,
1625,get,3458,true,
1627,get,3467,true,
1686,get,1810,true,
1662,get,3390,true,
1637,get,3464,true,
1565,get,3636,true,
1555,get,3790,true,
1644,get,3601,true,
1587,get,3721,true,
1682,get,2083,true,
1674,get,3074,true,
1663,get,3562,true,
1452,get,6454,true,
1665,get,3169,true,
1557,get,3919,true,
1476,get,6412,true,
1620,get,4068,true,
1675,get,3391,true,
1678,get,3396,true,
1695,get,1710,true,
1595,get,5080,true,
1698,get,1687,true,
1591,get,5105,true,
1703,get,1644,true,
1652,get,5000,true,
1621,get,5051,true,
1699,get,1689,true,
1677,get,3435,true,
1622,get,5061,true,
1694,get,1777,true,
1676,get,3442,true,
1613,get,5086,true,
1584,get,5161,true,
1645,get,5038,true,
1661,get,5015,true,
1647,get,5044,true,
1688,get,2924,true,
1654,get,5034,true,
1656,get,5034,true,
1685,get,3446,true,
1629,get,5086,true,
1636,get,5077,true,
1592,get,5158,true,
1660,get,5039,true,
1638,get,5080,true,
1659,get,5046,true,
1684,get,3463,true,
1687,get,3238,true,
1650,get,5072,true,
1579,get,5225,true,
1478,get,7766,true,
1680,get,3490,true,
1590,get,5190,true,
1690,get,2934,true,
1704,get,1713,true,
1586,get,5210,true,
1614,get,5154,true,
1566,get,5278,true,
1642,get,5109,true,
1679,get,3513,true,
1646,get,5112,true,
1619,get,5153,true,
1593,get,5203,true,
1632,get,5134,true,
1607,get,5184,true,
1641,get,5130,true,
1581,get,5267,true,
1673,get,4509,true,
1610,get,5220,true,
1702,get,1824,true,
1655,get,5182,true,
1634,get,5269,true,
1691,get,3071,true,
1633,get,5453,true,
1439,get,8232,true,
1640,get,5497,true,
1692,get,3073,true,
1483,get,8194,true,
1710,get,2100,true,
1572,get,5755,true,
1575,get,5766,true,
1711,get,2190,true,
1668,get,5111,true,
1696,get,2388,true,
1571,get,5856,true,
1442,get,8476,true,
1708,get,2278,true,
1672,get,5120,true,
1701,get,2411,true,
1446,get,8581,true,
1574,get,6072,true,
1583,get,6096,true,
1558,get,6173,true,
1563,get,6174,true,
1489,get,8697,true,
1667,get,5527,true,
1562,get,6272,true,
1559,get,6293,true,
1445,get,8861,true,
1689,get,3976,true,
1580,get,6266,true,
1561,get,6326,true,
1564,get,6342,true,
1631,get,6229,true,
1437,get,10900,true,
1705,get,4717,true,
1802,get,2045,true,
1805,get,2026,true,
1681,get,6541,true,
1715,get,4522,true,
1594,get,8237,true,
1810,get,1955,true,
1758,get,3078,true,
1804,get,2068,true,
1714,get,4567,true,
1624,get,8208,true,
1720,get,4463,true,
1742,get,3130,true,
1669,get,7617,true,
1771,get,3068,true,
1700,get,4855,true,
1639,get,8200,true,
1793,get,2478,true,
1796,get,2367,true,
1725,get,3215,true,
1797,get,2283,true,
1728,get,3205,true,
1761,get,3116,true,
1740,get,3174,true,
1741,get,3169,true,
1801,get,2167,true,
1597,get,8302,true,
1730,get,3211,true,
1734,get,3199,true,
1657,get,8208,true,
1755,get,3150,true,
1799,get,2257,true,
1782,get,2743,true,
1790,get,2557,true,
1784,get,2713,true,
1786,get,2650,true,
1475,get,10932,true,
1769,get,3133,true,
1649,get,8243,true,
1739,get,3215,true,
1729,get,3244,true,
1783,get,2749,true,
1589,get,8360,true,
1808,get,2128,true,
1806,get,2143,true,
1788,get,2623,true,
1787,get,2658,true,
1611,get,8329,true,
1724,get,3295,true,
1601,get,8352,true,
1658,get,8261,true,
1800,get,2286,true,
1775,get,3122,true,
1612,get,8342,true,
1781,get,2827,true,
1623,get,8328,true,
1760,get,3203,true,
1780,get,2863,true,
1768,get,3186,true,
1759,get,3213,true,
1776,get,3123,true,
1744,get,3259,true,
1732,get,3295,true,
1712,get,4856,true,
1803,get,2221,true,
1762,get,3218,true,
1726,get,3330,true,
1756,get,3243,true,
1738,get,3292,true,
1664,get,7811,true,
1743,get,3282,true,
1791,get,2641,true,
1615,get,8386,true,
1731,get,3324,true,
1653,get,8327,true,
1598,get,8428,true,
1736,get,3321,true,
1727,get,3353,true,
1770,get,3234,true,
1737,get,3321,true,
1764,get,3255,true,
1765,get,3255,true,
1707,get,4934,true,
1779,get,2969,true,
1630,get,8391,true,
1754,get,3290,true,
1767,get,3257,true,
1716,get,4684,true,
1766,get,3274,true,
1777,get,3182,true,
1757,get,3300,true,
1635,get,8401,true,
1617,get,8428,true,
1778,get,3136,true,
1792,get,2677,true,
1795,get,2637,true,
1666,get,7856,true,
1461,get,11126,true,
1785,get,2853,true,
1745,get,3353,true,
1733,get,3396,true,
1606,get,8479,true,
1774,get,3286,true,
1746,get,3360,true,
1609,get,8481,true,
1600,get,8496,true,
1576,get,8579,true,
1773,get,3301,true,
1747,get,3372,true,
1772,get,3309,true,
1697,get,5135,true,
1491,get,11078,true,
1602,get,8510,true,
1556,get,8642,true,
1735,get,3422,true,
1430,get,11249,true,
1569,get,8619,true,
1608,get,8516,true,
1709,get,5009,true,
1568,get,8624,true,
1570,get,8630,true,
1616,get,8515,true,
1567,get,8638,true,
1599,get,8553,true,
1447,get,11225,true,
1798,get,2968,true,
1719,get,5240,true,
1751,get,3893,true,
1789,get,3299,true,
1648,get,8980,true,
1718,get,5291,true,
1713,get,5455,true,
1809,get,2928,true,
1763,get,4019,true,
1717,get,5544,true,
1750,get,4253,true,
1618,get,9394,true,
1722,get,5643,true,
1582,get,9531,true,
1748,get,4365,true,
1706,get,6018,true,
1881,get,2521,true,
1721,get,7174,true,
1879,get,2590,true,
1880,get,2644,true,
1882,get,2661,true,
1890,get,2661,true,
1753,get,5980,true,
1867,get,2775,true,
1837,get,2927,true,
1904,get,2797,true,
1937,get,2292,true,
1821,get,3100,true,
1863,get,3017,true,
1883,get,2984,true,
1887,get,2974,true,
1824,get,3160,true,
1877,get,3034,true,
1827,get,3201,true,
1927,get,2943,true,
1921,get,2965,true,
1794,get,5668,true,
1915,get,2984,true,
1942,get,2438,true,
1862,get,3153,true,
1920,get,3009,true,
1884,get,3117,true,
1807,get,5338,true,
1840,get,3259,true,
1829,get,3311,true,
1752,get,6441,true,
1891,get,3155,true,
1924,get,3076,true,
1823,get,3353,true,
1876,get,3216,true,
1723,get,7507,true,
1928,get,3099,true,
1886,get,3209,true,
1864,get,3299,true,
1943,get,2563,true,
1749,get,6549,true,
1938,get,2686,true,
1925,get,3192,true,
1643,get,11644,true,
1835,get,3437,true,
1836,get,3439,true,
1833,get,3533,true,
1900,get,3420,true,
1872,get,3547,true,
1944,get,2826,true,
1939,get,3038,true,
1885,get,3664,true,
1926,get,3555,true,
1873,get,3705,true,
1910,get,3997,true,
1909,get,4072,true,
1830,get,4296,true,
1866,get,4212,true,
1941,get,3570,true,
1919,get,4274,true,
1889,get,4431,true,
1907,get,4393,true,
1825,get,4645,true,
1811,get,4711,true,
1854,get,4592,true,
1906,get,4509,true,
1946,get,3699,true,
1916,get,4536,true,
1817,get,4844,true,
1814,get,4886,true,
1839,get,4812,true,
1819,get,4910,true,
1834,get,4873,true,
1816,get,4942,true,
1832,get,5144,true,
1812,get,5267,true,
1895,get,5049,true,
1893,get,5065,true,
1869,get,5142,true,
1815,get,5335,true,
1901,get,5100,true,
1903,get,5119,true,
1857,get,5249,true,
1935,get,5061,true,
1820,get,5415,true,
1913,get,5235,true,
1861,get,5382,true,
1858,get,5399,true,
1826,get,5503,true,
1940,get,4731,true,
1842,get,5552,true,
1845,get,5597,true,
1838,get,5638,true,
1899,get,5524,true,
1929,get,5554,true,
1855,get,5803,true,
1959,get,3036,true,
1852,get,5846,true,
1930,get,5757,true,
1894,get,5856,true,
1856,get,6030,true,
1844,get,6075,true,
1874,get,6023,true,
1905,get,6004,true,
1843,get,6173,true,
1878,get,6086,true,
1918,get,6028,true,
1914,get,6117,true,
1892,get,6250,true,
1947,get,5309,true,
1875,get,6362,true,
1923,get,6313,true,
1853,get,6566,true,
1841,get,6604,true,
1936,get,6397,true,
1952,get,5480,true,
1850,get,6743,true,
1860,get,6825,true,
1849,get,6860,true,
1846,get,7005,true,
1945,get,6144,true,
1871,get,6973,true,
1870,get,6976,true,
1851,get,7067,true,
1865,get,7043,true,
1912,get,6962,true,
1950,get,6111,true,
1933,get,7095,true,
1868,get,7316,true,
1932,get,7156,true,
1902,get,7241,true,
1934,get,7218,true,
1859,get,7460,true,
1831,get,7576,true,
1949,get,6511,true,
1911,get,7551,true,
1951,get,6550,true,
1813,get,7848,true,
1908,get,7593,true,
1898,get,7690,true,
1922,get,7660,true,
1931,get,7683,true,
1847,get,7923,true,
1818,get,8054,true,
1848,get,8029,true,
1897,get,7921,true,
1953,get,5612,true,
1896,get,8127,true,
1954,get,5617,true,
1958,get,5500,true,
1822,get,8587,true,
1992,get,5149,true,
1964,get,5490,true,
1955,get,5857,true,
1961,get,5626,true,
1987,get,5240,true,
1917,get,8351,true,
1957,get,5781,true,
1969,get,5427,true,
1956,get,5811,true,
1888,get,8435,true,
1828,get,8599,true,
1963,get,5627,true,
1948,get,7497,true,
1981,get,5934,true,
1990,get,5872,true,
1985,get,5948,true,
1979,get,6027,true,
1966,get,6181,true,
1997,get,5866,true,
1999,get,5723,true,
1978,get,6076,true,
1972,get,6130,true,
1988,get,6025,true,
1976,get,6769,true,
1962,get,7031,true,
1980,get,6740,true,
1998,get,6482,true,
1965,get,6935,true,
2005,get,6222,true,
1995,get,6901,true,
1960,get,7487,true,
1994,get,6995,true,
1977,get,7198,true,
1967,get,7350,true,
1975,get,7268,true,
2095,get,3003,true,
2045,get,5352,true,
2097,get,2983,true,
2046,get,5300,true,
2027,get,5946,true,
2013,get,6561,true,
2018,get,6412,true,
2029,get,5931,true,
2028,get,5945,true,
2084,get,3626,true,
1984,get,7847,true,
2024,get,6280,true,
2009,get,6869,true,
2072,get,4111,true,
2053,get,5065,true,
2047,get,5310,true,
2085,get,3603,true,
2061,get,4753,true,
1971,get,7988,true,
2000,get,7535,true,
1982,get,8395,true,
2073,get,4881,true,
2074,get,4881,true,
2124,get,2630,true,
2113,get,3382,true,
2062,get,5511,true,
2051,get,5968,true,
2052,get,5902,true,
2057,get,5788,true,
2109,get,3427,true,
2096,get,3930,true,
2112,get,3423,true,
2049,get,6106,true,
2099,get,3715,true,
2063,get,5461,true,
2101,get,3707,true,
2036,get,7002,true,
2075,get,5323,true,
2086,get,4764,true,
2043,get,6813,true,
2064,get,5832,true,
2034,get,7144,true,
2048,get,6592,true,
1993,get,9218,true,
1973,get,9538,true,
1974,get,9633,true,
2083,get,5344,true,
2079,get,5556,true,
2050,get,6941,true,
2082,get,5541,true,
2080,get,5572,true,
2081,get,5617,true,
2060,get,6639,true,
2103,get,4942,true,
2092,get,5610,true,
2087,get,5748,true,
2104,get,4955,true,
2076,get,6390,true,
2100,get,5212,true,
2054,get,7389,true,
2098,get,5268,true,
2106,get,4962,true,
2107,get,4971,true,
2066,get,6868,true,
2078,get,6249,true,
2125,get,4173,true,
2110,get,4970,true,
2108,get,4978,true,
2065,get,6922,true,
2091,get,5696,true,
2114,get,4920,true,
2130,get,3544,true,
2116,get,4385,true,
2115,get,5094,true,
2070,get,6845,true,
2069,get,6863,true,
2067,get,7065,true,
2121,get,4483,true,
2119,get,4552,true,
2111,get,5307,true,
2117,get,4688,true,
2123,get,4625,true,
2105,get,5463,true,
2102,get,5742,true,
2094,get,6414,true,
2004,get,10652,true,
2059,get,8129,true,
2120,get,5180,true,
2128,get,4484,true,
2090,get,6851,true,
2002,get,10878,true,
2093,get,6737,true,
2068,get,7890,true,
2071,get,7650,true,
2008,get,10534,true,
2003,get,11037,true,
2118,get,5565,true,
2001,get,11173,true,
1996,get,11523,true,
1989,get,11632,true,
1983,get,11715,true,
2010,get,10676,true,
2016,get,10382,true,
2007,get,10782,true,
2015,get,10430,true,
1991,get,11744,true,
2014,get,10619,true,
2012,get,10703,true,
1986,get,12014,true,
1968,get,12384,true,
2019,get,10793,true,
1970,get,12361,true,
2023,get,10814,true,
2132,get,5359,true,
2131,get,5676,true,
2127,get,5709,true,
2017,get,11436,true,
2032,get,10921,true,
2170,get,4228,true,
2164,get,4260,true,
2160,get,4302,true,
2174,get,3892,true,
2033,get,10982,true,
2142,get,5148,true,
2153,get,5128,true,
2088,get,8547,true,
2129,get,6533,true,
2021,get,11731,true,
2135,get,6118,true,
2122,get,7238,true,
2173,get,4541,true,
2145,get,5416,true,
2133,get,6219,true,
2031,get,11303,true,
2146,get,5438,true,
2163,get,4614,true,
2165,get,4605,true,
2037,get,11165,true,
2141,get,5507,true,
2025,get,11726,true,
2151,get,5443,true,
2140,get,5551,true,
2154,get,5447,true,
2150,get,5455,true,
2138,get,5613,true,
2149,get,5471,true,
2038,get,11176,true,
2022,get,11803,true,
2089,get,8855,true,
2126,get,6642,true,
2161,get,4690,true,
2148,get,5488,true,
2136,get,6186,true,
2030,get,11418,true,
2042,get,11078,true,
2147,get,5501,true,
2155,get,5482,true,
2162,get,4699,true,
2157,get,5492,true,
2026,get,11534,true,
2144,get,5533,true,
2156,get,5510,true,
2040,get,11204,true,
2039,get,11226,true,
2152,get,5526,true,
2143,get,5549,true,
2020,get,11900,true,
2139,get,5652,true,
2137,get,6416,true,
2158,get,5212,true,
2159,get,4970,true,
2134,get,6654,true,
2058,get,11368,true,
2206,get,4077,true,
2006,get,13448,true,
2055,get,11455,true,
2168,get,5654,true,
2166,get,5663,true,
2167,get,5684,true,
2171,get,5712,true,
2181,get,5070,true,
2044,get,12079,true,
2041,get,12344,true,
2035,get,12520,true,
2056,get,12017,true,
2182,get,5552,true,
2202,get,5013,true,
2210,get,5249,true,
2197,get,5352,true,
2204,get,5326,true,
2285,get,2921,true,
2233,get,4719,true,
2325,get,683,true,
2289,get,2913,true,
2278,get,2960,true,
2234,get,4735,true,
2235,get,4688,true,
2224,get,5128,true,
2326,get,711,true,
2196,get,6066,true,
2185,get,6672,true,
2186,get,6647,true,
2191,get,6095,true,
2226,get,5095,true,
2239,get,4579,true,
2228,get,4935,true,
2230,get,4930,true,
2244,get,4364,true,
2200,get,6076,true,
2232,get,4796,true,
2287,get,2980,true,
2243,get,4477,true,
2195,get,6109,true,
2077,get,12462,true,
2194,get,6117,true,
2184,get,6811,true,
2214,get,5859,true,
2180,get,7172,true,
2225,get,5170,true,
2203,get,6109,true,
2198,get,6127,true,
2188,get,6676,true,
2227,get,5029,true,
2324,get,1114,true,
2231,get,4989,true,
2276,get,3801,true,
2205,get,6863,true,
2201,get,6871,true,
2213,get,6657,true,
2293,get,3758,true,
2286,get,3780,true,
2296,get,3745,true,
2245,get,5135,true,
2275,get,3825,true,
2277,get,3822,true,
2249,get,4889,true,
2279,get,3816,true,
2211,get,6699,true,
2288,get,3800,true,
2283,get,3816,true,
2215,get,6651,true,
2274,get,3850,true,
2241,get,5399,true,
2238,get,5427,true,
2281,get,3827,true,
2240,get,5428,true,
2272,get,3869,true,
2229,get,5785,true,
2257,get,4217,true,
2242,get,5394,true,
2183,get,7633,true,
2236,get,5503,true,
2220,get,6439,true,
2295,get,3801,true,
2199,get,6943,true,
2282,get,3846,true,
2237,get,5494,true,
2280,get,3854,true,
2263,get,4161,true,
2327,get,1611,true,
2255,get,4287,true,
2221,get,6188,true,
2193,get,6909,true,
2273,get,3815,true,
2189,get,7846,true,
2248,get,5351,true,
2247,get,5380,true,
2190,get,7870,true,
2251,get,5313,true,
2329,get,1458,true,
2254,get,4944,true,
2011,get,16600,true,
2252,get,5488,true,
2187,get,8370,true,
2302,get,4661,true,
2291,get,4775,true,
2208,get,7882,true,
2304,get,4775,true,
2299,get,4801,true,
2298,get,4929,true,
2301,get,5326,true,
2315,get,5286,true,
2378,get,2519,true,
2323,get,4690,true,
2269,get,6412,true,
2322,get,4775,true,
2405,get,2092,true,
2250,get,7322,true,
2312,get,5372,true,
2271,get,6448,true,
2321,get,5174,true,
2380,get,2589,true,
2331,get,3497,true,
2367,get,2835,true,
2256,get,7020,true,
2253,get,7535,true,
2290,get,6606,true,
2308,get,6339,true,
2379,get,2820,true,
2383,get,2810,true,
2399,get,2790,true,
2410,get,2084,true,
2294,get,6624,true,
2330,get,3726,true,
2219,get,9335,true,
2316,get,5608,true,
2266,get,6738,true,
2218,get,9354,true,
2403,get,2400,true,
2328,get,3740,true,
2354,get,3653,true,
2176,get,10855,true,
2314,get,5651,true,
2319,get,5573,true,
2207,get,9754,true,
2222,get,8932,true,
2216,get,9474,true,
2415,get,1837,true,
2397,get,2832,true,
2192,get,9816,true,
2178,get,10868,true,
2212,get,9575,true,
2404,get,2418,true,
2401,get,2456,true,
2360,get,3660,true,
2398,get,2845,true,
2270,get,6762,true,
2402,get,2454,true,
2414,get,1892,true,
2246,get,7999,true,
2209,get,9767,true,
2261,get,7053,true,
2265,get,6791,true,
2407,get,2335,true,
2309,get,6268,true,
2418,get,1331,true,
2303,get,6656,true,
2313,get,5710,true,
2337,get,3771,true,
2340,get,3760,true,
2223,get,8908,true,
2217,get,9481,true,
2358,get,3710,true,
2306,get,6454,true,
2377,get,2918,true,
2320,get,5527,true,
2260,get,7096,true,
2284,get,6744,true,
2177,get,10931,true,
2307,get,6464,true,
2408,get,2304,true,
2318,get,5665,true,
2370,get,2959,true,
2305,get,6688,true,
2300,get,6700,true,
2311,get,5759,true,
2179,get,10932,true,
2317,get,5677,true,
2264,get,6847,true,
2384,get,2938,true,
2172,get,11397,true,
2412,get,2044,true,
2175,get,10966,true,
2411,get,2079,true,
2262,get,7109,true,
2416,get,1921,true,
2373,get,2976,true,
2310,get,5797,true,
2169,get,11414,true,
2268,get,6862,true,
2267,get,6864,true,
2417,get,1808,true,
2292,get,6767,true,
2390,get,2957,true,
2391,get,2955,true,
2409,get,2331,true,
2413,get,2004,true,
2336,get,3849,true,
2406,get,2426,true,
2363,get,3025,true,
2375,get,3001,true,
2259,get,7168,true,
2297,get,6784,true,
2333,get,4538,true,
2365,get,3696,true,
2344,get,4502,true,
2335,get,4528,true,
2345,get,4504,true,
2356,get,4468,true,
2338,get,4531,true,
2355,get,4475,true,
2359,get,4466,true,
2343,get,4521,true,
2332,get,4556,true,
2342,get,4527,true,
2351,get,4499,true,
2341,get,4652,true,
2346,get,4740,true,
2372,get,4526,true,
2349,get,5497,true,
2347,get,5501,true,
2419,get,2179,true,
2362,get,5557,true,
2371,get,4811,true,
2334,get,5752,true,
2395,get,5240,true,
2368,get,5298,true,
2429,get,2694,true,
2393,get,5284,true,
2422,get,2790,true,
2394,get,5307,true,
2381,get,5344,true,
2350,get,6184,true,
2389,get,5353,true,
2424,get,2833,true,
2376,get,5402,true,
2463,get,3099,true,
2460,get,3104,true,
2459,get,3112,true,
2348,get,6818,true,
2392,get,5976,true,
2441,get,3169,true,
2466,get,3120,true,
2464,get,3128,true,
2447,get,3168,true,
2465,get,3137,true,
2425,get,3467,true,
2431,get,3224,true,
2421,get,3502,true,
2428,get,3458,true,
2258,get,10238,true,
2382,get,6046,true,
2353,get,6856,true,
2385,get,6039,true,
2420,get,3539,true,
2400,get,6013,true,
2451,get,3213,true,
2461,get,3190,true,
2462,get,3190,true,
2357,get,6868,true,
2456,get,3220,true,
2446,get,3334,true,
2454,get,3326,true,
2515,get,3289,true,
2491,get,3397,true,
2443,get,3511,true,
2457,get,3494,true,
2449,get,3519,true,
2458,get,3557,true,
2442,get,3655,true,
2527,get,2870,true,
2438,get,3722,true,
2484,get,3675,true,
2432,get,3842,true,
2448,get,3818,true,
2444,get,3826,true,
2512,get,3761,true,
2531,get,3070,true,
2440,get,3931,true,
2504,get,3804,true,
2534,get,2988,true,
2511,get,3815,true,
2509,get,3821,true,
2536,get,2302,true,
2455,get,3960,true,
2508,get,3888,true,
2523,get,3218,true,
2494,get,3938,true,
2550,get,1521,true,
2532,get,3244,true,
2361,get,7748,true,
2535,get,3084,true,
2439,get,4244,true,
2571,get,2850,true,
2479,get,5986,true,
2480,get,5985,true,
2469,get,6007,true,
2548,get,3591,true,
2545,get,3645,true,
2489,get,5996,true,
2565,get,2910,true,
2506,get,5969,true,
2497,get,5988,true,
2468,get,6057,true,
2500,get,5991,true,
2542,get,4077,true,
2434,get,6156,true,
2427,get,6389,true,
2556,get,2982,true,
2352,get,9787,true,
2490,get,6038,true,
2513,get,5995,true,
2430,get,6379,true,
2530,get,5309,true,
2529,get,5315,true,
2478,get,6074,true,
2547,get,3677,true,
2488,get,6066,true,
2538,get,4332,true,
2520,get,5384,true,
2487,get,6079,true,
2499,get,6057,true,
2339,get,9877,true,
2557,get,3032,true,
2476,get,6116,true,
2364,get,9063,true,
2436,get,6213,true,
2502,get,6076,true,
2575,get,2969,true,
2435,get,6230,true,
2396,get,9017,true,
2549,get,3705,true,
2516,get,6067,true,
2574,get,2986,true,
2486,get,6133,true,
2517,get,6074,true,
2374,get,9080,true,
2492,get,6133,true,
2539,get,4400,true,
2369,get,9106,true,
2433,get,6274,true,
2452,get,6233,true,
2599,get,2296,true,
2445,get,6250,true,
2526,get,5431,true,
2366,get,9135,true,
2561,get,3095,true,
2546,get,3797,true,
2437,get,6292,true,
2483,get,6187,true,
2498,get,6166,true,
2559,get,3121,true,
2595,get,2377,true,
2521,get,5466,true,
2485,get,6201,true,
2482,get,6220,true,
2608,get,2169,true,
2544,get,3870,true,
2474,get,6242,true,
2602,get,2321,true,
2553,get,3741,true,
2600,get,2360,true,
2554,get,3177,true,
2518,get,6172,true,
2540,get,4382,true,
2477,get,6261,true,
2473,get,6269,true,
2543,get,3911,true,
2528,get,5510,true,
2505,get,6219,true,
2585,get,2812,true,
2558,get,3192,true,
2453,get,6335,true,
2552,get,3809,true,
2496,get,6253,true,
2481,get,6288,true,
2471,get,6307,true,
2493,get,6281,true,
2507,get,6255,true,
2577,get,3154,true,
2475,get,6328,true,
2450,get,6381,true,
2519,get,6226,true,
2510,get,6265,true,
2470,get,6519,true,
2551,get,4046,true,
2587,get,2937,true,
2576,get,4226,true,
2612,get,1393,true,
2659,get,1233,true,
2685,get,3195,true,
2674,get,3233,true,
2596,get,5626,true,
2541,get,7602,true,
2628,get,3420,true,
2601,get,5593,true,
2688,get,3220,true,
2693,get,3214,true,
2657,get,3342,true,
2603,get,5565,true,
2621,get,3482,true,
2592,get,5769,true,
2697,get,3210,true,
2589,get,5892,true,
2611,get,3542,true,
2495,get,9506,true,
2630,get,3468,true,
2555,get,6475,true,
2654,get,3398,true,
2666,get,3357,true,
2646,get,3435,true,
2699,get,3242,true,
2567,get,6451,true,
2566,get,6458,true,
2533,get,8810,true,
2588,get,5959,true,
2664,get,3399,true,
2635,get,3506,true,
2631,get,3521,true,
2615,get,3594,true,
2386,get,12509,true,
2525,get,8858,true,
2692,get,3325,true,
2704,get,3105,true,
2670,get,3412,true,
2638,get,3529,true,
2604,get,5661,true,
2652,get,3489,true,
2593,get,5882,true,
2639,get,3545,true,
2573,get,6503,true,
2668,get,3444,true,
2641,get,3548,true,
2579,get,6394,true,
2578,get,6487,true,
2503,get,9619,true,
2605,get,5701,true,
2569,get,6544,true,
2467,get,9701,true,
2623,get,3642,true,
2634,get,3601,true,
2583,get,6252,true,
2702,get,3190,true,
2562,get,6597,true,
2598,get,5827,true,
2661,get,3526,true,
2617,get,3693,true,
2643,get,3602,true,
2613,get,3722,true,
2620,get,3704,true,
2673,get,3505,true,
2514,get,9664,true,
2522,get,8985,true,
2524,get,8987,true,
2629,get,3679,true,
2660,get,3566,true,
2658,get,3580,true,
2671,get,3532,true,
2655,get,3590,true,
2472,get,9763,true,
2614,get,3753,true,
2642,get,3643,true,
2563,get,6653,true,
2678,get,3525,true,
2667,get,3566,true,
2665,get,3573,true,
2645,get,3644,true,
2581,get,6409,true,
2703,get,3264,true,
2590,get,6087,true,
2607,get,5764,true,
2610,get,5617,true,
2672,get,3563,true,
2626,get,3724,true,
2684,get,3524,true,
2584,get,6338,true,
2618,get,3764,true,
2580,get,6513,true,
2616,get,3775,true,
2698,get,3469,true,
2694,get,3493,true,
2649,get,3659,true,
2663,get,3610,true,
2388,get,12702,true,
2597,get,5948,true,
2653,get,3655,true,
2651,get,3664,true,
2640,get,3351,true,
2423,get,11023,true,
2690,get,4463,true,
2675,get,4542,true,
2609,get,6705,true,
2706,get,3413,true,
2656,get,4683,true,
2564,get,7806,true,
2606,get,6974,true,
2707,get,3625,true,
2627,get,5090,true,
2686,get,4906,true,
2582,get,7756,true,
2568,get,8068,true,
2537,get,9517,true,
2570,get,8142,true,
2387,get,14186,true,
2644,get,5166,true,
2591,get,7554,true,
2700,get,4990,true,
2619,get,5294,true,
2681,get,5071,true,
2594,get,7494,true,
2669,get,5111,true,
2572,get,8288,true,
2586,get,7929,true,
2622,get,5414,true,
2426,get,11802,true,
2648,get,5329,true,
2701,get,5133,true,
2689,get,5507,true,
2679,get,5558,true,
2647,get,5697,true,
2633,get,5764,true,
2718,get,2329,true,
2691,get,5577,true,
2680,get,5626,true,
2501,get,11828,true,
2662,get,5700,true,
2560,get,8807,true,
2636,get,5958,true,
2677,get,7005,true,
2728,get,3680,true,
2696,get,6936,true,
2726,get,3699,true,
2727,get,3696,true,
2732,get,3685,true,
2625,get,7213,true,
2760,get,3569,true,
2774,get,3524,true,
2780,get,3515,true,
2722,get,3743,true,
2750,get,3620,true,
2799,get,3485,true,
2725,get,3740,true,
2815,get,2138,true,
2796,get,3496,true,
2716,get,3783,true,
2729,get,3734,true,
2781,get,3541,true,
2777,get,3553,true,
2746,get,3667,true,
2828,get,1986,true,
2737,get,3707,true,
2797,get,3523,true,
2802,get,3513,true,
2745,get,3681,true,
2721,get,3793,true,
2803,get,3520,true,
2807,get,2580,true,
2740,get,3710,true,
2751,get,3670,true,
2784,get,3566,true,
2734,get,3741,true,
2779,get,3582,true,
2736,get,3745,true,
2763,get,3635,true,
2800,get,3547,true,
2823,get,2058,true,
2683,get,7088,true,
2695,get,7046,true,
2798,get,3561,true,
2747,get,3711,true,
2637,get,7265,true,
2720,get,3837,true,
2778,get,3613,true,
2770,get,3633,true,
2687,get,7096,true,
2775,get,3621,true,
2782,get,3613,true,
2738,get,3771,true,
2733,get,3795,true,
2682,get,7123,true,
2650,get,7238,true,
2735,get,3794,true,
2801,get,3589,true,
2717,get,3880,true,
2757,get,3710,true,
2705,get,6013,true,
2715,get,3893,true,
2624,get,7353,true,
2795,get,3619,true,
2676,get,7315,true,
2771,get,4591,true,
2761,get,4631,true,
2753,get,4674,true,
2632,get,8265,true,
2841,get,2477,true,
2817,get,3172,true,
2826,get,3031,true,
2812,get,3446,true,
2816,get,3189,true,
2756,get,4685,true,
2836,get,2567,true,
2827,get,3048,true,
2724,get,4829,true,
2789,get,4595,true,
2755,get,4698,true,
2731,get,4803,true,
2759,get,4690,true,
2835,get,2600,true,
2719,get,4868,true,
2749,get,4739,true,
2837,get,2563,true,
2769,get,4656,true,
2810,get,3593,true,
2845,get,2547,true,
2877,get,2484,true,
2710,get,6341,true,
2765,get,6118,true,
2919,get,1448,true,
2847,get,2595,true,
2851,get,2576,true,
2911,get,1500,true,
2886,get,2490,true,
2898,get,2466,true,
2739,get,6237,true,
2897,get,2470,true,
2867,get,2548,true,
2871,get,2539,true,
2908,get,1528,true,
2924,get,1477,true,
2766,get,6141,true,
2791,get,6084,true,
2880,get,2522,true,
2902,get,2479,true,
2865,get,2566,true,
2862,get,2581,true,
2813,get,4927,true,
2855,get,2596,true,
2811,get,5032,true,
2712,get,6392,true,
2860,get,2589,true,
2822,get,4590,true,
2873,get,2556,true,
2773,get,6139,true,
2901,get,2492,true,
2764,get,6170,true,
2869,get,2572,true,
2711,get,6404,true,
2887,get,2531,true,
2785,get,6117,true,
2907,get,2342,true,
2868,get,2581,true,
2814,get,4857,true,
2708,get,6433,true,
2904,get,2495,true,
2848,get,2649,true,
2926,get,1509,true,
2922,get,1523,true,
2854,get,2630,true,
2861,get,2618,true,
2788,get,6129,true,
2925,get,1519,true,
2872,get,2583,true,
2821,get,4625,true,
2850,get,2657,true,
2866,get,2603,true,
2754,get,6241,true,
2787,get,6135,true,
2863,get,2615,true,
2772,get,6173,true,
2923,get,1540,true,
2804,get,6112,true,
2762,get,6218,true,
2832,get,4468,true,
2857,get,2643,true,
2783,get,6157,true,
2767,get,6195,true,
2818,get,4727,true,
2819,get,4653,true,
2829,get,4497,true,
2896,get,2550,true,
2744,get,6303,true,
2752,get,6270,true,
2743,get,6305,true,
2742,get,6309,true,
2794,get,6148,true,
2891,get,2570,true,
2900,get,2549,true,
2881,get,2596,true,
2805,get,6098,true,
2905,get,2538,true,
2786,get,6171,true,
2730,get,6371,true,
2709,get,6480,true,
2713,get,6453,true,
2792,get,6164,true,
2723,get,6409,true,
2793,get,6164,true,
2748,get,6306,true,
2894,get,2976,true,
2875,get,3118,true,
2758,get,6840,true,
2912,get,2254,true,
2852,get,3431,true,
2906,get,3624,true,
2776,get,7397,true,
2899,get,3799,true,
2840,get,5590,true,
2929,get,3083,true,
2917,get,3120,true,
2849,get,4259,true,
2741,get,7912,true,
2879,get,4198,true,
2842,get,5750,true,
2838,get,5822,true,
2893,get,4317,true,
2914,get,3374,true,
2820,get,6460,true,
2916,get,3416,true,
2833,get,6322,true,
2844,get,5889,true,
2883,get,4535,true,
2714,get,8422,true,
2910,get,3633,true,
2768,get,8258,true,
2889,get,4676,true,
2859,get,4753,true,
2839,get,6190,true,
2878,get,4808,true,
2920,get,3792,true,
2892,get,4810,true,
2876,get,5010,true,
2931,get,3766,true,
2903,get,4972,true,
2927,get,3982,true,
2918,get,4027,true,
2790,get,8623,true,
2930,get,4072,true,
2895,get,5100,true,
2890,get,5182,true,
2913,get,4215,true,
2830,get,7219,true,
2928,get,4279,true,
2843,get,6811,true,
2921,get,4379,true,
2874,get,5438,true,
2834,get,7345,true,
2888,get,5463,true,
3011,get,2956,true,
3010,get,3027,true,
3014,get,3023,true,
3005,get,3058,true,
3012,get,3067,true,
2806,get,8362,true,
2985,get,3103,true,
2946,get,3167,true,
3023,get,1868,true,
3024,get,1992,true,
2977,get,3543,true,
2970,get,3554,true,
2996,get,3520,true,
2948,get,3587,true,
2965,get,3564,true,
3026,get,1971,true,
3025,get,1984,true,
2981,get,3554,true,
3009,get,3521,true,
2882,get,6120,true,
3029,get,1930,true,
3008,get,3525,true,
3034,get,1736,true,
2958,get,3602,true,
3006,get,3536,true,
2969,get,3585,true,
2825,get,8159,true,
2909,get,5147,true,
2915,get,5119,true,
3013,get,3533,true,
2984,get,3578,true,
2947,get,3628,true,
2808,get,8727,true,
2831,get,8054,true,
2932,get,3724,true,
2870,get,6283,true,
2853,get,6383,true,
2864,get,6394,true,
2809,get,9002,true,
2884,get,6541,true,
2933,get,4634,true,
2956,get,4613,true,
3027,get,2980,true,
2938,get,4664,true,
2885,get,7160,true,
2966,get,4635,true,
2945,get,4704,true,
3002,get,4630,true,
2997,get,4655,true,
3035,get,2805,true,
2858,get,7304,true,
3015,get,4641,true,
3041,get,2610,true,
2856,get,7329,true,
3030,get,2981,true,
3021,get,3574,true,
3049,get,2283,true,
2824,get,9334,true,
3020,get,3955,true,
3036,get,3021,true,
3053,get,2643,true,
2962,get,5174,true,
2992,get,5147,true,
3031,get,3445,true,
2995,get,5454,true,
2980,get,5562,true,
2846,get,8463,true,
3084,get,3556,true,
3114,get,2458,true,
2994,get,7127,true,
3033,get,5330,true,
3001,get,7133,true,
2943,get,7214,true,
3086,get,3604,true,
2964,get,7186,true,
3123,get,2431,true,
3050,get,4757,true,
3032,get,5447,true,
3126,get,2081,true,
2978,get,7245,true,
2950,get,7302,true,
2967,get,7584,true,
3000,get,7542,true,
3022,get,6339,true,
2987,get,7576,true,
3128,get,2385,true,
2959,get,7622,true,
3046,get,5342,true,
3062,get,4741,true,
3118,get,2910,true,
2971,get,7622,true,
3066,get,4543,true,
3070,get,4510,true,
3116,get,2934,true,
3127,get,2459,true,
2940,get,7690,true,
3003,get,7603,true,
3054,get,5075,true,
3037,get,5756,true,
2975,get,7650,true,
3072,get,4526,true,
3019,get,6955,true,
2963,get,7675,true,
2983,get,7653,true,
3130,get,2098,true,
3122,get,2924,true,
3120,get,2968,true,
2954,get,7710,true,
3071,get,4566,true,
2953,get,7715,true,
3113,get,3007,true,
3038,get,5714,true,
3055,get,5120,true,
3028,get,6073,true,
3051,get,5234,true,
2934,get,7777,true,
3018,get,7089,true,
2986,get,7701,true,
3073,get,4565,true,
3052,get,5231,true,
2951,get,7758,true,
2989,get,7713,true,
3043,get,5599,true,
3101,get,3990,true,
2939,get,7798,true,
3059,get,4980,true,
3124,get,2846,true,
3091,get,4177,true,
3095,get,4170,true,
2957,get,7786,true,
2982,get,7756,true,
2968,get,7777,true,
3017,get,7228,true,
2937,get,7838,true,
3047,get,5504,true,
2936,get,7845,true,
3117,get,3090,true,
2990,get,7772,true,
2952,get,7825,true,
3105,get,3240,true,
3069,get,4689,true,
3048,get,5367,true,
2960,get,7832,true,
2988,get,7796,true,
3103,get,3935,true,
3045,get,5583,true,
2944,get,7873,true,
2942,get,7882,true,
3060,get,5045,true,
2999,get,7811,true,
3039,get,5826,true,
3104,get,3862,true,
3004,get,7815,true,
3016,get,7399,true,
3119,get,3155,true,
3056,get,5217,true,
3115,get,3181,true,
2973,get,7876,true,
2941,get,7931,true,
3040,get,5830,true,
2935,get,8710,true,
3061,get,5791,true,
3129,get,3162,true,
3067,get,5571,true,
2998,get,8625,true,
3058,get,5897,true,
3068,get,5565,true,
2979,get,8659,true,
3121,get,3917,true,
3108,get,4066,true,
3057,get,6007,true,
3042,get,6541,true,
3064,get,5760,true,
2949,get,8681,true,
2976,get,8851,true,
3081,get,5314,true,
3082,get,5344,true,
3063,get,6014,true,
3065,get,5929,true,
2974,get,9383,true,
3144,get,2739,true,
3132,get,2868,true,
3148,get,2404,true,
3163,get,2343,true,
3098,get,6385,true,
3140,get,2810,true,
3161,get,2355,true,
3093,get,6414,true,
3137,get,2828,true,
3146,get,2436,true,
3196,get,2240,true,
3159,get,2381,true,
3110,get,5391,true,
3145,get,2743,true,
3135,get,2859,true,
3125,get,4870,true,
3158,get,2393,true,
3131,get,4218,true,
3138,get,2852,true,
3153,get,2419,true,
3134,get,2872,true,
3224,get,2121,true,
3077,get,6477,true,
3142,get,2799,true,
3157,get,2408,true,
3133,get,2894,true,
3099,get,6395,true,
3149,get,2445,true,
3085,get,6476,true,
3139,get,2870,true,
3136,get,2877,true,
3106,get,5457,true,
3112,get,5379,true,
3143,get,2809,true,
3107,get,5459,true,
3111,get,5387,true,
3079,get,6506,true,
3236,get,2699,true,
3190,get,3628,true,
3200,get,3593,true,
3245,get,1386,true,
3255,get,1368,true,
3229,get,2721,true,
3243,get,2454,true,
3232,get,2712,true,
3247,get,1412,true,
3234,get,2704,true,
3261,get,1385,true,
3170,get,3736,true,
3281,get,1351,true,
3182,get,3699,true,
3215,get,3577,true,
3246,get,1429,true,
3154,get,3807,true,
3162,get,3786,true,
3189,get,3684,true,
3233,get,2763,true,
3109,get,6817,true,
3256,get,1420,true,
3237,get,2751,true,
3240,get,2561,true,
3239,get,2522,true,
3184,get,3705,true,
3235,get,2764,true,
3187,get,3702,true,
3160,get,3803,true,
3244,get,1995,true,
3188,get,3704,true,
3174,get,3756,true,
3167,get,3788,true,
3226,get,2803,true,
3192,get,3695,true,
3194,get,3690,true,
3248,get,1463,true,
3180,get,3745,true,
3181,get,3740,true,
3199,get,3674,true,
3195,get,3690,true,
3217,get,3780,true,
3203,get,4718,true,
3074,get,9222,true,
3078,get,9242,true,
3075,get,9258,true,
3089,get,9457,true,
2955,get,13075,true,
3094,get,9479,true,
3216,get,5223,true,
2972,get,13088,true,
2993,get,13089,true,
3088,get,9547,true,
3092,get,9553,true,
3191,get,5385,true,
3223,get,5268,true,
3083,get,9596,true,
3202,get,5373,true,
3227,get,4529,true,
3087,get,9614,true,
3219,get,5336,true,
3164,get,5548,true,
3096,get,9620,true,
3250,get,3216,true,
2991,get,13204,true,
3076,get,10026,true,
3152,get,5975,true,
3198,get,5816,true,
2961,get,13620,true,
3206,get,5797,true,
3097,get,10018,true,
3102,get,9828,true,
3044,get,11489,true,
3178,get,5934,true,
3173,get,5955,true,
3209,get,5833,true,
3080,get,10111,true,
3277,get,3629,true,
3007,get,13644,true,
3100,get,10061,true,
3201,get,6051,true,
3204,get,6078,true,
3183,get,6297,true,
3150,get,6433,true,
3207,get,6213,true,
3151,get,6427,true,
3147,get,6515,true,
3230,get,5429,true,
3231,get,5533,true,
3238,get,5529,true,
3228,get,5583,true,
3225,get,5677,true,
3186,get,6605,true,
3205,get,6536,true,
3212,get,6616,true,
3156,get,6860,true,
3165,get,6847,true,
3166,get,6957,true,
3169,get,6950,true,
3197,get,6869,true,
3171,get,7009,true,
3141,get,7483,true,
3220,get,6923,true,
3214,get,6952,true,
3210,get,6978,true,
3168,get,7216,true,
3213,get,7080,true,
3176,get,7265,true,
3179,get,7254,true,
3211,get,7142,true,
3177,get,7432,true,
3208,get,7327,true,
3175,get,7463,true,
3155,get,7688,true,
3090,get,11731,true,
3218,get,7454,true,
3172,get,7640,true,
3221,get,7455,true,
3222,get,7455,true,
3193,get,7573,true,
3249,get,5348,true,
3185,get,7619,true,
3258,get,5565,true,
3275,get,5534,true,
3266,get,5556,true,
3242,get,6674,true,
3276,get,5560,true,
3241,get,6700,true,
3280,get,5600,true,
3318,get,4263,true,
3274,get,5698,true,
3291,get,4361,true,
3268,get,5754,true,
3289,get,4405,true,
3271,get,5785,true,
3253,get,5852,true,
3301,get,4443,true,
3321,get,4433,true,
3265,get,5884,true,
3312,get,4487,true,
3323,get,4301,true,
3273,get,5914,true,
3329,get,3132,true,
3324,get,3668,true,
3251,get,6194,true,
3278,get,6140,true,
3297,get,4776,true,
3336,get,3061,true,
3299,get,4769,true,
3264,get,6171,true,
3252,get,6204,true,
3269,get,6170,true,
3254,get,6196,true,
3257,get,6192,true,
3270,get,6175,true,
3328,get,3178,true,
3288,get,5362,true,
3282,get,5483,true,
3316,get,5434,true,
3300,get,5483,true,
3322,get,5475,true,
3262,get,6937,true,
3320,get,5512,true,
3284,get,5599,true,
3319,get,5584,true,
3259,get,7043,true,
3334,get,3943,true,
3302,get,5636,true,
3313,get,5664,true,
3298,get,5733,true,
3310,get,5716,true,
3303,get,5728,true,
3309,get,5914,true,
3407,get,1759,true,
3260,get,7334,true,
3315,get,5929,true,
3402,get,2043,true,
3399,get,2064,true,
3285,get,6034,true,
3279,get,7367,true,
3400,get,2118,true,
3317,get,5996,true,
3357,get,3909,true,
3397,get,2267,true,
3392,get,2468,true,
3395,get,2313,true,
3393,get,2505,true,
3372,get,3935,true,
3455,get,840,true,
3389,get,3236,true,
3353,get,4589,true,
3283,get,6878,true,
3449,get,1218,true,
3351,get,4700,true,
3460,get,912,true,
3411,get,2625,true,
3388,get,3430,true,
3366,get,4353,true,
3384,get,4450,true,
3401,get,3906,true,
3354,get,5621,true,
3383,get,4536,true,
3404,get,3670,true,
3448,get,2191,true,
3394,get,4104,true,
3382,get,4583,true,
3385,get,4475,true,
3343,get,6071,true,
3378,get,4776,true,
3370,get,5079,true,
3305,get,7848,true,
3286,get,7900,true,
3466,get,1684,true,
3380,get,4673,true,
3467,get,1676,true,
3368,get,5205,true,
3296,get,7878,true,
3379,get,4683,true,
3340,get,6128,true,
3360,get,5619,true,
3346,get,6082,true,
3390,get,4349,true,
3458,get,1931,true,
3457,get,1936,true,
3468,get,1667,true,
3342,get,6121,true,
3381,get,4679,true,
3347,get,5752,true,
3391,get,4359,true,
3454,get,1976,true,
3292,get,7926,true,
3348,get,5755,true,
3431,get,3469,true,
3440,get,2782,true,
3439,get,2827,true,
3331,get,6632,true,
3422,get,3770,true,
3293,get,8303,true,
3464,get,2155,true,
3408,get,4117,true,
3415,get,3986,true,
3374,get,5469,true,
3414,get,4868,true,
3403,get,5308,true,
3332,get,7571,true,
3341,get,7482,true,
3349,get,7084,true,
3459,get,3291,true,
3294,get,9272,true,
3325,get,7924,true,
3387,get,5811,true,
3452,get,3539,true,
3445,get,3723,true,
3456,get,3346,true,
3413,get,4933,true,
3432,get,4513,true,
3363,get,6835,true,
3272,get,10685,true,
3398,get,5405,true,
3386,get,5924,true,
3419,get,4864,true,
3267,get,10913,true,
3290,get,9540,true,
3412,get,5213,true,
3426,get,4771,true,
3410,get,5311,true,
3335,get,7842,true,
3477,get,2636,true,
3442,get,4054,true,
3356,get,7366,true,
3369,get,6958,true,
3377,get,6670,true,
3418,get,5282,true,
3484,get,1915,true,
3421,get,5535,true,
3327,get,8662,true,
3453,get,4310,true,
3311,get,10029,true,
3330,get,8424,true,
3450,get,4378,true,
3515,get,1821,true,
3339,get,8331,true,
3461,get,4080,true,
3437,get,5288,true,
3430,get,5319,true,
3444,get,4580,true,
3427,get,5364,true,
3470,get,4011,true,
3375,get,7885,true,
3365,get,8209,true,
3469,get,4077,true,
3510,get,2927,true,
3485,get,3009,true,
3344,get,9072,true,
3441,get,5379,true,
3475,get,3984,true,
3362,get,8451,true,
3486,get,3064,true,
3371,get,8123,true,
3474,get,4048,true,
3446,get,5299,true,
3314,get,10897,true,
3429,get,6160,true,
3479,get,3978,true,
3489,get,3090,true,
3333,get,9254,true,
3496,get,3083,true,
3508,get,3058,true,
3513,get,3048,true,
3482,get,3140,true,
3472,get,4189,true,
3337,get,9264,true,
3326,get,9628,true,
3522,get,2630,true,
3451,get,5269,true,
3491,get,3154,true,
3416,get,6616,true,
3358,get,8776,true,
3373,get,8121,true,
3376,get,8000,true,
3428,get,6258,true,
3476,get,4128,true,
3361,get,8702,true,
3367,get,8437,true,
3287,get,11081,true,
3355,get,8838,true,
3420,get,6567,true,
3396,get,7172,true,
3487,get,3221,true,
3364,get,8491,true,
3425,get,6416,true,
3405,get,7040,true,
3463,get,5896,true,
3511,get,4012,true,
3550,get,2358,true,
3516,get,3654,true,
3607,get,872,true,
3542,get,2606,true,
3528,get,2684,true,
3540,get,2636,true,
3521,get,3645,true,
3529,get,2691,true,
3417,get,7518,true,
3557,get,1905,true,
3480,get,4136,true,
3538,get,2670,true,
3560,get,1903,true,
3553,get,2237,true,
3564,get,1909,true,
3499,get,4107,true,
3563,get,1911,true,
3504,get,4103,true,
3488,get,4148,true,
3443,get,6464,true,
3509,get,4104,true,
3352,get,9817,true,
3567,get,1882,true,
3518,get,3725,true,
3561,get,1948,true,
3492,get,4158,true,
3555,get,2274,true,
3473,get,5189,true,
3533,get,2753,true,
3498,get,4154,true,
3544,get,2509,true,
3512,get,4118,true,
3530,get,2772,true,
3547,get,2500,true,
3295,get,12049,true,
3527,get,2796,true,
3549,get,2488,true,
3471,get,5274,true,
3535,get,2769,true,
3548,get,2502,true,
3551,get,2472,true,
3566,get,1967,true,
3263,get,13460,true,
3539,get,2762,true,
3525,get,2831,true,
3558,get,2022,true,
3517,get,3791,true,
3494,get,4217,true,
3526,get,2845,true,
3541,get,2776,true,
3501,get,4201,true,
3409,get,7900,true,
3559,get,2040,true,
3545,get,2561,true,
3543,get,2579,true,
3536,get,2816,true,
3490,get,4254,true,
3519,get,3878,true,
3502,get,4321,true,
3534,get,3018,true,
3345,get,10570,true,
3531,get,3176,true,
3478,get,5575,true,
3481,get,4743,true,
3514,get,4425,true,
3307,get,12673,true,
3304,get,12697,true,
3568,get,2643,true,
3447,get,7177,true,
3495,get,4950,true,
3497,get,4958,true,
3524,get,3604,true,
3556,get,2799,true,
3565,get,2765,true,
3562,get,2793,true,
3554,get,3142,true,
3438,get,7552,true,
3493,get,5034,true,
3537,get,3658,true,
3523,get,4633,true,
3633,get,3339,true,
3650,get,3293,true,
3603,get,4305,true,
3582,get,4441,true,
3680,get,2687,true,
3669,get,3263,true,
3483,get,7540,true,
3619,get,3434,true,
3433,get,10590,true,
3587,get,4431,true,
3580,get,4470,true,
3621,get,3444,true,
3640,get,3372,true,
3627,get,3430,true,
3612,get,4217,true,
3503,get,7515,true,
3626,get,3450,true,
3678,get,2907,true,
3308,get,15398,true,
3639,get,3403,true,
3656,get,3365,true,
3573,get,4586,true,
3610,get,4358,true,
3601,get,4404,true,
3655,get,3380,true,
3631,get,3452,true,
3589,get,4481,true,
3436,get,10656,true,
3623,get,3499,true,
3666,get,3363,true,
3500,get,7573,true,
3616,get,3534,true,
3686,get,2628,true,
3583,get,4541,true,
3681,get,2780,true,
3611,get,4383,true,
3620,get,3540,true,
3552,get,5858,true,
3588,get,4529,true,
3625,get,3540,true,
3406,get,11332,true,
3435,get,10713,true,
3546,get,5964,true,
3465,get,9351,true,
3602,get,4471,true,
3306,get,15495,true,
3520,get,7219,true,
3608,get,4459,true,
3605,get,4472,true,
3532,get,6249,true,
3424,get,10762,true,
3624,get,3578,true,
3505,get,7634,true,
3604,get,4491,true,
3613,get,4335,true,
3584,get,4604,true,
3664,get,3460,true,
3661,get,3469,true,
3606,get,4499,true,
3653,get,3507,true,
3338,get,13822,true,
3635,get,3563,true,
3630,get,3588,true,
3423,get,11071,true,
3662,get,3537,true,
3572,get,4791,true,
3462,get,9604,true,
3434,get,10862,true,
3632,get,3661,true,
3586,get,4710,true,
3617,get,3735,true,
3629,get,3711,true,
3673,get,4682,true,
3590,get,5890,true,
3659,get,4788,true,
3646,get,4822,true,
3593,get,5864,true,
3577,get,5987,true,
3638,get,4843,true,
3594,get,5862,true,
3674,get,4655,true,
3651,get,4821,true,
3641,get,4859,true,
3595,get,5880,true,
3574,get,6035,true,
3649,get,4842,true,
3615,get,4959,true,
3670,get,4784,true,
3350,get,14706,true,
3643,get,4861,true,
3609,get,5830,true,
3665,get,4808,true,
3596,get,5892,true,
3634,get,4896,true,
3507,get,8998,true,
3672,get,4785,true,
3576,get,6026,true,
3676,get,4538,true,
3657,get,4839,true,
3575,get,6045,true,
3671,get,4806,true,
3684,get,4091,true,
3675,get,4608,true,
3618,get,4979,true,
3569,get,6121,true,
3622,get,4959,true,
3644,get,4879,true,
3614,get,4991,true,
3660,get,4848,true,
3667,get,4829,true,
3642,get,4896,true,
3679,get,4356,true,
3658,get,4854,true,
3585,get,5982,true,
3579,get,6019,true,
3600,get,5903,true,
3598,get,5907,true,
3599,get,5905,true,
3359,get,14674,true,
3597,get,5919,true,
3654,get,4880,true,
3685,get,4109,true,
3663,get,4851,true,
3636,get,4927,true,
3581,get,6023,true,
3591,get,5970,true,
3645,get,4908,true,
3652,get,4893,true,
3677,get,4495,true,
3592,get,5960,true,
3668,get,4853,true,
3647,get,4912,true,
3628,get,4980,true,
3571,get,6134,true,
3578,get,6078,true,
3637,get,4940,true,
3570,get,6149,true,
3648,get,4917,true,
3687,get,4117,true,
3506,get,9098,true,
3691,get,4800,true,
3689,get,4832,true,
3688,get,4834,true,
3760,get,2704,true,
3726,get,2862,true,
3765,get,2668,true,
3683,get,5542,true,
3738,get,2839,true,
3763,get,2700,true,
3766,get,2690,true,
3682,get,5642,true,
3764,get,2704,true,
3767,get,2673,true,
3693,get,5470,true,
3722,get,2927,true,
3737,get,2870,true,
3690,get,5506,true,
3717,get,3809,true,
3743,get,3774,true,
3832,get,2395,true,
3747,get,5044,true,
3759,get,4989,true,
3762,get,4966,true,
3851,get,2242,true,
3773,get,3756,true,
3728,get,5161,true,
3714,get,5212,true,
3795,get,3728,true,
3707,get,5248,true,
3756,get,5077,true,
3829,get,3694,true,
3845,get,2330,true,
3768,get,3833,true,
3783,get,3811,true,
3848,get,2340,true,
3822,get,3761,true,
3789,get,3811,true,
3801,get,3803,true,
3819,get,3780,true,
3853,get,1488,true,
3806,get,3805,true,
3838,get,3047,true,
3802,get,3825,true,
3790,get,3844,true,
3721,get,5303,true,
3710,get,5348,true,
3837,get,3076,true,
3754,get,5209,true,
3736,get,5266,true,
3692,get,7884,true,
3828,get,3817,true,
3787,get,3885,true,
3780,get,3897,true,
3761,get,5188,true,
3833,get,3853,true,
3791,get,3915,true,
3731,get,5339,true,
3840,get,2499,true,
3793,get,3924,true,
3748,get,5296,true,
3729,get,5364,true,
3820,get,3894,true,
3746,get,5310,true,
3724,get,5390,true,
3727,get,5382,true,
3824,get,3903,true,
3751,get,5312,true,
3831,get,3902,true,
3753,get,5310,true,
3807,get,3936,true,
3835,get,3870,true,
3750,get,5330,true,
3775,get,4005,true,
3812,get,3944,true,
3700,get,5515,true,
3718,get,5450,true,
3809,get,3957,true,
3805,get,3970,true,
3771,get,4031,true,
3788,get,3994,true,
3825,get,3946,true,
3716,get,5480,true,
3799,get,3996,true,
3715,get,5489,true,
3796,get,4001,true,
3813,get,3986,true,
3769,get,4059,true,
3776,get,4053,true,
3798,get,4017,true,
3749,get,5395,true,
3745,get,5408,true,
3709,get,5540,true,
3816,get,4005,true,
3772,get,4085,true,
3778,get,4068,true,
3719,get,5517,true,
3852,get,2589,true,
3841,get,2640,true,
3827,get,4014,true,
3741,get,5467,true,
3815,get,4059,true,
3701,get,5632,true,
3814,get,4072,true,
3811,get,4078,true,
3752,get,5469,true,
3694,get,8060,true,
3823,get,4077,true,
3755,get,5466,true,
3808,get,4108,true,
3777,get,4163,true,
3695,get,8016,true,
3725,get,5589,true,
3723,get,6270,true,
3702,get,6413,true,
3800,get,4873,true,
3842,get,3460,true,
3797,get,4882,true,
3854,get,2506,true,
3698,get,6459,true,
3785,get,4915,true,
3703,get,6430,true,
3696,get,6465,true,
3708,get,6418,true,
3781,get,4926,true,
3706,get,6425,true,
3713,get,6405,true,
3794,get,4913,true,
3784,get,4933,true,
3734,get,6332,true,
3850,get,3451,true,
3836,get,4142,true,
3849,get,3453,true,
3804,get,4911,true,
3744,get,6309,true,
3786,get,4939,true,
3847,get,3477,true,
3732,get,6349,true,
3844,get,3485,true,
3843,get,3492,true,
3740,get,6330,true,
3730,get,6370,true,
3712,get,6434,true,
3839,get,3522,true,
3821,get,4902,true,
3704,get,6469,true,
3779,get,4960,true,
3742,get,6329,true,
3846,get,3496,true,
3705,get,6474,true,
3739,get,6345,true,
3834,get,4895,true,
3720,get,6418,true,
3830,get,4904,true,
3733,get,6371,true,
3711,get,6452,true,
3757,get,6291,true,
3735,get,6367,true,
3699,get,6505,true,
3782,get,4981,true,
3697,get,6525,true,
3758,get,6292,true,
3826,get,4922,true,
3810,get,4946,true,
3818,get,4939,true,
3792,get,4986,true,
3855,get,3433,true,
3864,get,2147,true,
3897,get,1948,true,
3866,get,2137,true,
3927,get,1845,true,
3867,get,2120,true,
3930,get,1855,true,
3865,get,2166,true,
3803,get,5889,true,
3856,get,2229,true,
3817,get,5874,true,
3774,get,5951,true,
3886,get,2049,true,
3770,get,5972,true,
3862,get,2544,true,
3920,get,2280,true,
3888,get,2729,true,
3863,get,2896,true,
3911,get,3493,true,
3960,get,2558,true,
3970,get,2541,true,
3983,get,2522,true,
3900,get,3536,true,
3963,get,2564,true,
3966,get,2570,true,
4008,get,1592,true,
3896,get,3569,true,
3982,get,2555,true,
3979,get,2560,true,
3961,get,2585,true,
3972,get,2570,true,
3996,get,2541,true,
3928,get,3481,true,
3985,get,2566,true,
3872,get,3714,true,
3998,get,2554,true,
4012,get,1611,true,
3913,get,3536,true,
3904,get,3575,true,
3922,get,3516,true,
3947,get,3393,true,
3876,get,3716,true,
3884,get,3680,true,
3951,get,2660,true,
3981,get,2600,true,
4001,get,1660,true,
3906,get,3578,true,
3931,get,3501,true,
3878,get,3718,true,
3955,get,2652,true,
3874,get,3744,true,
3991,get,2602,true,
3937,get,3470,true,
3908,get,3596,true,
4009,get,1659,true,
3875,get,3744,true,
3943,get,3450,true,
4018,get,946,true,
3946,get,3443,true,
4017,get,967,true,
3905,get,3626,true,
3990,get,2626,true,
3987,get,2634,true,
4003,get,1707,true,
4005,get,1739,true,
3999,get,2674,true,
3958,get,2743,true,
3992,get,2698,true,
4015,get,1389,true,
3968,get,2746,true,
3962,get,2791,true,
3978,get,2771,true,
3926,get,3691,true,
3944,get,3605,true,
4010,get,1849,true,
4011,get,1847,true,
3918,get,3763,true,
4013,get,1882,true,
3995,get,2844,true,
3956,get,2922,true,
4004,get,1969,true,
3949,get,3945,true,
3870,get,5031,true,
3950,get,3945,true,
3861,get,5112,true,
3921,get,4823,true,
3948,get,4027,true,
3940,get,4714,true,
3997,get,3909,true,
4062,get,2106,true,
4016,get,3445,true,
3952,get,4851,true,
4019,get,2270,true,
4014,get,3813,true,
3971,get,4812,true,
4022,get,2278,true,
4025,get,2266,true,
3869,get,5964,true,
3989,get,4842,true,
3980,get,4859,true,
3909,get,5883,true,
3964,get,5285,true,
3919,get,6209,true,
3969,get,5285,true,
3975,get,5278,true,
3986,get,5262,true,
3994,get,5258,true,
3973,get,5297,true,
3954,get,5327,true,
3945,get,6100,true,
3879,get,6509,true,
3889,get,6490,true,
4072,get,2749,true,
3910,get,6501,true,
3890,get,6583,true,
4006,get,4598,true,
3965,get,5593,true,
3877,get,7886,true,
4051,get,4153,true,
4117,get,1201,true,
3892,get,7812,true,
3899,get,7813,true,
3917,get,7751,true,
3925,get,7738,true,
3887,get,7916,true,
4104,get,1581,true,
3871,get,8000,true,
4103,get,1589,true,
3883,get,7948,true,
4107,get,1584,true,
4112,get,1416,true,
4047,get,4273,true,
3923,get,7805,true,
4106,get,1605,true,
4073,get,4108,true,
3935,get,7753,true,
4093,get,2091,true,
3976,get,6895,true,
4097,get,2079,true,
4098,get,2078,true,
3924,get,7818,true,
3936,get,7754,true,
3914,get,7859,true,
4094,get,2107,true,
3885,get,7989,true,
4027,get,4355,true,
4109,get,1624,true,
3857,get,8163,true,
4028,get,4360,true,
3988,get,6912,true,
3901,get,7923,true,
4089,get,2992,true,
4061,get,4289,true,
4081,get,4017,true,
4020,get,4406,true,
4078,get,4082,true,
4090,get,2189,true,
4064,get,4297,true,
4046,get,4345,true,
4101,get,2037,true,
4032,get,4384,true,
3859,get,8183,true,
3953,get,7000,true,
4033,get,4383,true,
3933,get,7843,true,
3868,get,8118,true,
3932,get,7847,true,
4108,get,1680,true,
4056,get,4345,true,
4092,get,2173,true,
4099,get,2117,true,
4035,get,4400,true,
3873,get,8111,true,
4029,get,4420,true,
4074,get,4190,true,
3881,get,8084,true,
3891,get,8020,true,
4021,get,4463,true,
4066,get,4287,true,
3903,get,7986,true,
4007,get,6039,true,
4091,get,2211,true,
4070,get,4270,true,
3858,get,8256,true,
4044,get,4409,true,
4077,get,4188,true,
3984,get,7004,true,
4102,get,1751,true,
3860,get,8248,true,
4000,get,6980,true,
4023,get,4489,true,
4041,get,4435,true,
4038,get,4447,true,
4111,get,1623,true,
3895,get,8048,true,
4055,get,4413,true,
3882,get,8124,true,
4105,get,1767,true,
4110,get,1751,true,
4075,get,4234,true,
4049,get,4436,true,
4065,get,4361,true,
4052,get,4430,true,
4082,get,3172,true,
4039,get,4471,true,
4030,get,4501,true,
4096,get,2261,true,
3912,get,8033,true,
4036,get,4492,true,
4087,get,3175,true,
4115,get,1533,true,
3898,get,8093,true,
4048,get,4476,true,
4067,get,4383,true,
4116,get,1531,true,
4100,get,2237,true,
3915,get,8054,true,
4071,get,4335,true,
4076,get,4289,true,
4095,get,2305,true,
3929,get,8012,true,
4031,get,4553,true,
4054,get,4518,true,
3957,get,7290,true,
3939,get,8097,true,
3967,get,7287,true,
4059,get,4634,true,
3902,get,8267,true,
3894,get,8304,true,
3974,get,7316,true,
3893,get,8337,true,
3934,get,8203,true,
4002,get,6382,true,
4026,get,4792,true,
3938,get,8268,true,
3880,get,8553,true,
3993,get,7518,true,
4024,get,5054,true,
3977,get,7657,true,
3942,get,8489,true,
4068,get,4959,true,
4069,get,5057,true,
4079,get,5071,true,
3916,get,9037,true,
4058,get,5452,true,
4114,get,3697,true,
4057,get,6599,true,
4124,get,2415,true,
4088,get,5328,true,
3941,get,10094,true,
4040,get,6676,true,
4086,get,5385,true,
4063,get,6635,true,
4119,get,2566,true,
3907,get,10664,true,
4045,get,7091,true,
4194,get,3694,true,
4184,get,3720,true,
4198,get,3688,true,
4205,get,3671,true,
4181,get,3754,true,
4154,get,3826,true,
4229,get,3473,true,
4157,get,3817,true,
4240,get,3102,true,
4185,get,3758,true,
4190,get,3765,true,
4149,get,3868,true,
4201,get,3742,true,
4155,get,3862,true,
4215,get,3715,true,
4146,get,3895,true,
4186,get,3796,true,
4238,get,3225,true,
4138,get,3930,true,
4122,get,4016,true,
4241,get,3153,true,
4177,get,3851,true,
4237,get,3300,true,
4084,get,6951,true,
4204,get,3799,true,
4192,get,3833,true,
4148,get,3943,true,
4199,get,3825,true,
4163,get,3917,true,
4143,get,3971,true,
4203,get,3828,true,
3959,get,10922,true,
4042,get,8293,true,
4210,get,3811,true,
4085,get,7007,true,
4132,get,4032,true,
4123,get,4097,true,
4206,get,3848,true,
4233,get,3599,true,
4183,get,3919,true,
4224,get,3672,true,
4200,get,3886,true,
4202,get,3891,true,
4188,get,3926,true,
4060,get,8306,true,
4179,get,3960,true,
4182,get,3952,true,
4083,get,7071,true,
4217,get,3862,true,
4187,get,3958,true,
4043,get,8373,true,
4140,get,4085,true,
4239,get,3332,true,
4180,get,4345,true,
4178,get,4861,true,
4053,get,9257,true,
4135,get,5009,true,
4145,get,4988,true,
4231,get,4598,true,
4050,get,9316,true,
4236,get,4487,true,
4244,get,3866,true,
4113,get,6441,true,
4232,get,4651,true,
4173,get,5010,true,
4127,get,5974,true,
4250,get,3585,true,
4234,get,5512,true,
4220,get,5760,true,
4034,get,10301,true,
4152,get,5958,true,
4221,get,5784,true,
4131,get,6037,true,
4207,get,5851,true,
4175,get,5948,true,
4136,get,6053,true,
4230,get,5652,true,
4277,get,2143,true,
4118,get,6208,true,
4276,get,2155,true,
4297,get,2056,true,
4288,get,2232,true,
4147,get,6209,true,
4247,get,3904,true,
4263,get,2386,true,
4196,get,6109,true,
4037,get,10564,true,
4193,get,6124,true,
4214,get,6067,true,
4300,get,2222,true,
4189,get,6145,true,
4258,get,2435,true,
4195,get,6139,true,
4251,get,3910,true,
4191,get,6151,true,
4235,get,5754,true,
4128,get,6324,true,
4246,get,3952,true,
4167,get,6223,true,
4169,get,6222,true,
4126,get,6344,true,
4226,get,5933,true,
4257,get,2476,true,
4245,get,5117,true,
4150,get,6284,true,
4121,get,6427,true,
4168,get,6247,true,
4153,get,6291,true,
4222,get,6106,true,
4172,get,6243,true,
4256,get,3533,true,
4211,get,6150,true,
4298,get,2299,true,
4133,get,6357,true,
4310,get,1897,true,
4306,get,2269,true,
4262,get,2486,true,
4252,get,3966,true,
4301,get,2308,true,
4278,get,2413,true,
4142,get,6356,true,
4139,get,6366,true,
4170,get,6290,true,
4218,get,6163,true,
4164,get,6309,true,
4364,get,1450,true,
4156,get,7732,true,
4259,get,3941,true,
4371,get,1435,true,
4253,get,5389,true,
4369,get,1439,true,
4228,get,7413,true,
4376,get,1439,true,
4345,get,1537,true,
4212,get,7612,true,
4159,get,7751,true,
4307,get,3728,true,
4340,get,1564,true,
4162,get,7754,true,
4308,get,3725,true,
4366,get,1484,true,
4165,get,7749,true,
4337,get,1729,true,
4351,get,1540,true,
4309,get,3728,true,
4339,get,1593,true,
4216,get,7622,true,
4280,get,3876,true,
4372,get,1481,true,
4346,get,1560,true,
4160,get,7779,true,
4329,get,1820,true,
4378,get,1467,true,
4381,get,1461,true,
4304,get,3777,true,
4293,get,3827,true,
4281,get,3881,true,
4348,get,1574,true,
4336,get,1757,true,
4367,get,1516,true,
4151,get,7817,true,
4243,get,6808,true,
4313,get,2855,true,
4330,get,1831,true,
4303,get,3796,true,
4324,get,1894,true,
4342,get,1611,true,
4377,get,1500,true,
4374,get,1513,true,
4328,get,1864,true,
4213,get,7677,true,
4341,get,1620,true,
4375,get,1512,true,
4161,get,7819,true,
4315,get,2860,true,
4332,get,1832,true,
4248,get,5536,true,
4120,get,8002,true,
4219,get,7674,true,
4379,get,1515,true,
4338,get,1655,true,
4130,get,7913,true,
4134,get,7904,true,
4254,get,5443,true,
4350,get,1610,true,
4343,get,1639,true,
4334,get,1813,true,
4255,get,5106,true,
4322,get,1961,true,
4209,get,7722,true,
4325,get,1927,true,
4326,get,1917,true,
4333,get,1834,true,
4080,get,11916,true,
4305,get,3839,true,
4373,get,1560,true,
4174,get,7825,true,
4380,get,1541,true,
4323,get,1956,true,
4331,get,1880,true,
4223,get,7671,true,
4125,get,7961,true,
4141,get,7914,true,
4284,get,3950,true,
4327,get,1932,true,
4289,get,3929,true,
4335,get,1839,true,
4208,get,7754,true,
4271,get,4017,true,
4265,get,4062,true,
4365,get,1631,true,
4352,get,2215,true,
4356,get,2225,true,
4299,get,4492,true,
4370,get,2207,true,
4261,get,4705,true,
4349,get,2300,true,
4267,get,4701,true,
4291,get,4598,true,
4294,get,4598,true,
4295,get,4642,true,
4272,get,4810,true,
4279,get,4814,true,
4357,get,2684,true,
4249,get,6678,true,
4344,get,2937,true,
4270,get,5347,true,
4266,get,5389,true,
4129,get,9329,true,
4468,get,804,true,
4368,get,2982,true,
4260,get,5494,true,
4290,get,5349,true,
4227,get,8980,true,
4471,get,821,true,
4474,get,814,true,
4475,get,811,true,
4473,get,973,true,
4470,get,1062,true,
4285,get,5631,true,
4478,get,888,true,
4480,get,1102,true,
4268,get,6266,true,
4176,get,10155,true,
4197,get,10120,true,
4321,get,5178,true,
4354,get,3994,true,
4318,get,5243,true,
4275,get,6383,true,
4314,get,5384,true,
4269,get,6503,true,
4311,get,5450,true,
4472,get,1858,true,
4316,get,5424,true,
4137,get,10476,true,
4358,get,4180,true,
4166,get,11072,true,
4347,get,4876,true,
4171,get,11070,true,
4469,get,2625,true,
4144,get,11144,true,
4353,get,4876,true,
4274,get,7243,true,
4296,get,7140,true,
4287,get,7187,true,
4264,get,7313,true,
4283,get,7216,true,
4479,get,2422,true,
4444,get,3287,true,
4292,get,7177,true,
4361,get,4879,true,
4242,get,10313,true,
4476,get,2581,true,
4440,get,3307,true,
4425,get,3332,true,
4286,get,7221,true,
4420,get,3347,true,
4505,get,895,true,
4312,get,6225,true,
4498,get,1118,true,
4158,get,11162,true,
4302,get,7175,true,
4282,get,7794,true,
4273,get,7958,true,
4355,get,5712,true,
4225,get,11668,true,
4363,get,5715,true,
4494,get,2581,true,
4413,get,5062,true,
4319,get,7838,true,
4390,get,5120,true,
4532,get,1719,true,
4403,get,5098,true,
4534,get,1725,true,
4389,get,5134,true,
4499,get,2785,true,
4402,get,5121,true,
4537,get,1741,true,
4526,get,1765,true,
4436,get,5073,true,
4460,get,5044,true,
4504,get,2669,true,
4433,get,5096,true,
4451,get,5069,true,
4435,get,5096,true,
4531,get,1789,true,
4384,get,5210,true,
4409,get,5165,true,
4524,get,1826,true,
4446,get,5110,true,
4383,get,5242,true,
4408,get,5186,true,
4412,get,5181,true,
4540,get,1159,true,
4520,get,1863,true,
4418,get,5187,true,
4457,get,5127,true,
4536,get,1834,true,
4422,get,5195,true,
4414,get,5209,true,
4519,get,1890,true,
4521,get,1892,true,
4430,get,5190,true,
4523,get,1894,true,
4320,get,7998,true,
4522,get,1901,true,
4541,get,1080,true,
4539,get,1326,true,
4443,get,5202,true,
4467,get,5138,true,
4477,get,4427,true,
4535,get,1896,true,
4387,get,5318,true,
4462,get,5190,true,
4317,get,8071,true,
4449,get,5216,true,
4463,get,5200,true,
4456,get,5212,true,
4439,get,5245,true,
4542,get,1104,true,
4382,get,5361,true,
4518,get,1981,true,
4410,get,5314,true,
4448,get,5253,true,
4525,get,2008,true,
4391,get,5414,true,
4447,get,5366,true,
4395,get,6258,true,
4543,get,2035,true,
4567,get,1689,true,
4549,get,1794,true,
4557,get,1995,true,
4553,get,2018,true,
4563,get,1977,true,
4573,get,1929,true,
4562,get,1994,true,
4601,get,1787,true,
4547,get,2061,true,
4585,get,1897,true,
4568,get,1974,true,
4560,get,2018,true,
4454,get,7092,true,
4555,get,2051,true,
4566,get,1996,true,
4602,get,1813,true,
4599,get,2046,true,
4616,get,1699,true,
4612,get,1714,true,
4615,get,1713,true,
4558,get,3738,true,
4613,get,1732,true,
4407,get,8887,true,
4550,get,3789,true,
4483,get,7472,true,
4621,get,1694,true,
4614,get,1761,true,
4620,get,1749,true,
4556,get,3803,true,
4578,get,3696,true,
4608,get,1808,true,
4429,get,8904,true,
4528,get,5583,true,
4584,get,3697,true,
4561,get,3806,true,
4570,get,3754,true,
4579,get,3724,true,
4552,get,3845,true,
4594,get,3661,true,
4546,get,3887,true,
4392,get,8992,true,
4589,get,3693,true,
4551,get,3872,true,
4466,get,8873,true,
4416,get,8962,true,
4559,get,3832,true,
4583,get,3726,true,
4487,get,7501,true,
4501,get,6559,true,
4359,get,10517,true,
4582,get,3748,true,
4544,get,4697,true,
4432,get,8953,true,
4431,get,8955,true,
4510,get,6378,true,
4428,get,8974,true,
4438,get,8962,true,
4388,get,9052,true,
4575,get,3795,true,
4393,get,9049,true,
4603,get,3589,true,
4417,get,9011,true,
4565,get,3849,true,
4493,get,7451,true,
4511,get,6395,true,
4618,get,1864,true,
4600,get,3716,true,
4503,get,6590,true,
4502,get,6603,true,
4442,get,8990,true,
4452,get,8972,true,
4488,get,7555,true,
4605,get,2815,true,
4509,get,6468,true,
4396,get,9082,true,
4554,get,3942,true,
4455,get,8986,true,
4586,get,3807,true,
4485,get,7609,true,
4592,get,3787,true,
4572,get,3869,true,
4508,get,6506,true,
4622,get,1720,true,
4574,get,3875,true,
4401,get,9098,true,
4533,get,5722,true,
4590,get,3813,true,
4569,get,3908,true,
4564,get,3938,true,
4588,get,3833,true,
4458,get,9024,true,
4610,get,1973,true,
4587,get,3854,true,
4593,get,3823,true,
4609,get,1988,true,
4595,get,3818,true,
4580,get,3881,true,
4495,get,7361,true,
4596,get,3824,true,
4507,get,6565,true,
4591,get,3851,true,
4445,get,9073,true,
4597,get,3835,true,
4548,get,4052,true,
4545,get,4070,true,
4453,get,9072,true,
4577,get,3926,true,
4450,get,9083,true,
4397,get,9174,true,
4496,get,7381,true,
4604,get,2924,true,
4581,get,3922,true,
4426,get,9135,true,
4500,get,6759,true,
4421,get,9151,true,
4617,get,2013,true,
4598,get,3870,true,
4512,get,6536,true,
4360,get,10710,true,
4611,get,2053,true,
4576,get,3976,true,
4497,get,7417,true,
4492,get,7630,true,
4619,get,2036,true,
4404,get,9220,true,
4571,get,4019,true,
4411,get,9421,true,
4626,get,681,true,
4650,get,598,true,
4398,get,9594,true,
4405,get,9589,true,
4629,get,697,true,
4486,get,8127,true,
4491,get,8094,true,
4423,get,9611,true,
4607,get,2769,true,
4489,get,8152,true,
4682,get,600,true,
4643,get,803,true,
4399,get,9799,true,
4427,get,9769,true,
4625,get,963,true,
4406,get,9892,true,
4465,get,9827,true,
4481,get,8841,true,
4415,get,10192,true,
4677,get,1218,true,
4630,get,1405,true,
4680,get,1253,true,
4386,get,10404,true,
4424,get,10444,true,
4675,get,2058,true,
4730,get,1895,true,
4482,get,9743,true,
4459,get,11025,true,
4673,get,2074,true,
4606,get,4250,true,
4676,get,2080,true,
4647,get,2161,true,
4648,get,2159,true,
4649,get,2162,true,
4362,get,12660,true,
4679,get,2086,true,
4692,get,2175,true,
4719,get,2553,true,
4694,get,3966,true,
4753,get,2778,true,
4728,get,3870,true,
4662,get,4063,true,
4731,get,3859,true,
4651,get,4103,true,
4701,get,3962,true,
4644,get,4128,true,
4737,get,3506,true,
4703,get,3965,true,
4636,get,4156,true,
4634,get,4169,true,
4642,get,4144,true,
4538,get,9700,true,
4490,get,11579,true,
4645,get,4142,true,
4632,get,4194,true,
4716,get,3945,true,
4623,get,4248,true,
4752,get,2841,true,
4740,get,3473,true,
4652,get,4136,true,
4400,get,13128,true,
4724,get,3931,true,
4721,get,3942,true,
4670,get,4087,true,
4708,get,3982,true,
4671,get,4087,true,
4770,get,1399,true,
4698,get,4011,true,
4710,get,3986,true,
4734,get,3556,true,
4739,get,3502,true,
4741,get,3482,true,
4735,get,3559,true,
4751,get,2935,true,
4714,get,3986,true,
4691,get,4047,true,
4754,get,2826,true,
4661,get,4134,true,
4672,get,4109,true,
4656,get,4155,true,
4750,get,3118,true,
4641,get,4198,true,
4635,get,4224,true,
4655,get,4164,true,
4700,get,4037,true,
4385,get,13211,true,
4640,get,4208,true,
4513,get,9852,true,
4685,get,4088,true,
4624,get,4297,true,
4484,get,11737,true,
4729,get,3957,true,
4515,get,9853,true,
4674,get,4126,true,
4715,get,4011,true,
4516,get,9855,true,
4712,get,4020,true,
4637,get,4238,true,
4718,get,4010,true,
4627,get,4297,true,
4441,get,13124,true,
4768,get,2036,true,
4681,get,4119,true,
4727,get,4151,true,
4738,get,4627,true,
4669,get,5196,true,
4461,get,14796,true,
4660,get,5904,true,
4684,get,5851,true,
4689,get,5849,true,
4419,get,14924,true,
4631,get,6065,true,
4434,get,14921,true,
4743,get,5315,true,
4690,get,5906,true,
4464,get,14918,true,
4709,get,5882,true,
4663,get,6031,true,
4812,get,1908,true,
4809,get,1925,true,
4702,get,5956,true,
4696,get,5981,true,
4686,get,6024,true,
4749,get,5190,true,
4695,get,6019,true,
4777,get,2055,true,
4742,get,6210,true,
4665,get,6855,true,
4748,get,5990,true,
4745,get,6091,true,
4688,get,6794,true,
4678,get,6842,true,
4779,get,2803,true,
4736,get,6314,true,
4725,get,6711,true,
4697,get,6800,true,
4704,get,6783,true,
4792,get,2798,true,
4506,get,13362,true,
4646,get,6959,true,
4653,get,6939,true,
4705,get,6795,true,
4699,get,6814,true,
4757,get,4828,true,
4713,get,6782,true,
4717,get,6775,true,
4664,get,6929,true,
4638,get,7002,true,
4720,get,6772,true,
4529,get,12594,true,
4817,get,2802,true,
4747,get,6121,true,
4693,get,6862,true,
4806,get,2830,true,
4659,get,6971,true,
4746,get,6167,true,
4668,get,6951,true,
4804,get,2845,true,
4774,get,2903,true,
4758,get,4874,true,
4844,get,1034,true,
4756,get,5517,true,
4639,get,7042,true,
4657,get,6996,true,
4793,get,2879,true,
4437,get,15954,true,
4755,get,5647,true,
4787,get,2897,true,
4530,get,12649,true,
4722,get,6828,true,
4654,get,7027,true,
4773,get,2943,true,
4744,get,6258,true,
4796,get,2902,true,
4810,get,2880,true,
4707,get,6890,true,
4628,get,7144,true,
4394,get,16061,true,
4802,get,2905,true,
4826,get,2871,true,
4711,get,6893,true,
4781,get,2954,true,
4837,get,1823,true,
4732,get,6448,true,
4723,get,6959,true,
4761,get,5042,true,
4767,get,5115,true,
4775,get,3187,true,
4789,get,3192,true,
4830,get,3158,true,
4829,get,3178,true,
4822,get,3211,true,
4763,get,5250,true,
4766,get,5247,true,
4856,get,2721,true,
4860,get,1957,true,
4795,get,4715,true,
4854,get,2750,true,
4801,get,4710,true,
4870,get,1931,true,
4874,get,1931,true,
4843,get,2913,true,
4825,get,4690,true,
4687,get,8778,true,
4791,get,4746,true,
4836,get,4517,true,
4799,get,4743,true,
4782,get,4775,true,
4769,get,6601,true,
4726,get,8676,true,
4827,get,4712,true,
4786,get,4781,true,
4788,get,4781,true,
4805,get,4754,true,
4778,get,4807,true,
4815,get,4743,true,
4814,get,4744,true,
4821,get,4743,true,
4824,get,4738,true,
4831,get,4730,true,
4666,get,8887,true,
4842,get,2978,true,
4828,get,4744,true,
4790,get,4807,true,
4803,get,4787,true,
4784,get,4829,true,
4765,get,6797,true,
4838,get,3702,true,
4733,get,8376,true,
4816,get,4777,true,
4683,get,8871,true,
4760,get,6832,true,
4764,get,6815,true,
4819,get,4792,true,
4776,get,4872,true,
4807,get,4811,true,
4849,get,2932,true,
4794,get,4838,true,
4633,get,9038,true,
4759,get,6859,true,
4706,get,8832,true,
4834,get,4787,true,
4780,get,4877,true,
4820,get,4815,true,
4818,get,4821,true,
4863,get,1949,true,
4762,get,7211,true,
4859,get,2859,true,
4852,get,3728,true,
4873,get,2975,true,
4919,get,2658,true,
4926,get,2582,true,
4771,get,5946,true,
4785,get,5959,true,
4962,get,1187,true,
4872,get,3259,true,
4798,get,6124,true,
4924,get,2913,true,
4908,get,3304,true,
4927,get,1513,true,
4800,get,6279,true,
4832,get,6258,true,
4970,get,1493,true,
4918,get,3297,true,
4920,get,3211,true,
4514,get,16169,true,
4813,get,6348,true,
4943,get,1631,true,
4900,get,3510,true,
4871,get,3618,true,
4925,get,3163,true,
4884,get,3636,true,
4969,get,1642,true,
4869,get,3687,true,
4931,get,1797,true,
4958,get,1712,true,
4811,get,6498,true,
4847,get,4656,true,
4942,get,1786,true,
4888,get,3712,true,
4772,get,6611,true,
4907,get,3667,true,
4906,get,3670,true,
4944,get,1812,true,
4904,get,3694,true,
4911,get,3676,true,
4948,get,1823,true,
4903,get,3704,true,
4957,get,1805,true,
4897,get,3740,true,
4890,get,3797,true,
4886,get,3811,true,
4947,get,1890,true,
4887,get,3813,true,
4846,get,4814,true,
4960,get,1886,true,
4935,get,1963,true,
4868,get,3915,true,
4894,get,3836,true,
4921,get,3529,true,
4946,get,1955,true,
4976,get,1870,true,
4929,get,2014,true,
4853,get,4783,true,
4909,get,3833,true,
4658,get,10868,true,
4527,get,16517,true,
4945,get,1991,true,
4862,get,4009,true,
4933,get,2032,true,
4845,get,4929,true,
4932,get,2057,true,
4977,get,1923,true,
4901,get,3931,true,
4839,get,5066,true,
4855,get,4858,true,
4840,get,5059,true,
4972,get,2021,true,
4961,get,2059,true,
4965,get,2057,true,
4968,get,2064,true,
4941,get,2146,true,
4963,get,2085,true,
4964,get,2087,true,
4975,get,2065,true,
4835,get,6856,true,
4950,get,2145,true,
4893,get,4062,true,
4966,get,2105,true,
4978,get,2086,true,
4936,get,2232,true,
4902,get,4083,true,
4851,get,5050,true,
4895,get,4122,true,
4940,get,2250,true,
4928,get,2297,true,
4973,get,2169,true,
4783,get,7045,true,
4937,get,2290,true,
4517,get,16836,true,
4861,get,4303,true,
4858,get,5047,true,
4797,get,7084,true,
4912,get,4166,true,
4850,get,5165,true,
4930,get,2387,true,
4808,get,7090,true,
4848,get,5240,true,
4938,get,2966,true,
4979,get,2578,true,
4939,get,3101,true,
4833,get,7829,true,
4951,get,3116,true,
4667,get,12218,true,
4917,get,5103,true,
4896,get,5257,true,
4934,get,3408,true,
4983,get,2370,true,
4956,get,3837,true,
4841,get,6867,true,
4959,get,3863,true,
4867,get,5915,true,
4910,get,5786,true,
4982,get,2943,true,
4949,get,3951,true,
4967,get,3917,true,
4974,get,3899,true,
4898,get,5907,true,
4922,get,5580,true,
4913,get,5874,true,
4953,get,4012,true,
4866,get,6024,true,
4952,get,4024,true,
4923,get,5587,true,
4954,get,4029,true,
4882,get,5990,true,
4857,get,6828,true,
4980,get,3217,true,
4955,get,4410,true,
4875,get,6470,true,
4991,get,3072,true,
4823,get,9240,true,
4865,get,6532,true,
4892,get,6454,true,
4878,get,6497,true,
4891,get,6457,true,
4880,get,6502,true,
4905,get,6448,true,
4899,get,6466,true,
4990,get,3184,true,
4971,get,4518,true,
4877,get,6554,true,
4916,get,6427,true,
4885,get,6539,true,
4881,get,6556,true,
4915,get,6491,true,
4992,get,3224,true,
4889,get,6645,true,
4879,get,6684,true,
4914,get,6589,true,
4864,get,6822,true,
4994,get,3312,true,
4995,get,3323,true,
4883,get,6883,true,
4996,get,3392,true,
4998,get,3402,true,
4993,get,3496,true,
4876,get,7044,true,
4987,get,4100,true,
4986,get,4162,true,
4989,get,3999,true,
4981,get,4451,true,
4988,get,4081,true,
4985,get,4292,true,
4997,get,3849,true,
4999,get,3832,true,
4984,get,4401,true,
